"eez_id","eez_key","eez_nam","sov_id","sov_nam","eez_iso3","demersal_destructive_fishing_combo_2013_minus_2008","demersal_nondest_high_bycatch_combo_2013_minus_2008","demersal_nondest_low_bycatch_combo_2013_minus_2008","night_lights_combo_2013_minus_2008","oil_rigs_combo_2013_minus_2008","pelagic_high_bycatch_combo_2013_minus_2008","pelagic_low_bycatch_combo_2013_minus_2008","plumes_fert_combo_2013_minus_2008","plumes_pest_combo_2013_minus_2008","population_combo_2013_minus_2008","sst_combo_2013_minus_2008","uv_combo_2013_minus_2008","global_cumul_impact_2013_minus_2008"
0,"AU","Australia",16,"Australia","AUS",-0.000687451453068205,-0.000442265724769824,-0.00037484414285344,7.03243302497625e-06,4.06563094787515e-06,-0.0002285783437839,-0.000352934103513933,-4.64826360155407e-05,-5.6483961857196e-06,0.000137119814584496,0.691032275328801,0.000523945866517486,0.689566235814457
1,"CC","Cocos Islands",16,"Australia","CCK",0.000199767642951494,0.000426634268956684,0.000431076536574782,-3.33301759853192e-06,0,0,0.000492764749647413,0,0,3.31864223214269e-06,0.340562377492699,0.00983906290608996,0.351951676691558
2,"CX","Christmas Island",16,"Australia","CXR",2.64908342599215e-05,2.57052675206526e-05,-2.56540985590093e-05,2.29481939738991e-05,0,-8.89832330982784e-07,3.06619663828575e-05,0,0,0.000122646458485463,1.05723533722438,0.0931389769884843,1.15057624040694
3,"NF","Norfolk Island",16,"Australia","NFK",-0.00765187757066897,-0.00446955828231768,-0.00131106317443394,3.49493598146875e-07,0,0,-0.000484282327902781,0,0,-6.44353271765417e-06,0.696317543531531,-0.0286703211128317,0.653724341413072
4,"AU-XMQ","Macquarie Island",16,"Australia","AUS",-4.11140419651446e-05,-5.33157991357778e-07,-2.87470845319184e-06,0,0,0,-2.74567048853005e-06,3.14218962775871e-06,2.49789346703621e-07,1.55983902008401e-05,-0.270012483532347,0.0136468170146765,-0.256393939019512
5,"NC","New Caledonia",179,"France","NCL",-0.00327449382916475,-0.00192511571973684,-0.00354168779531256,1.22878093841263e-05,0,0,-0.00409591280981061,-4.20236533061634e-05,-1.03638526631195e-05,2.44404347058481e-05,0.978333644264347,0.0170678617057938,0.982548634016317
6,"VU","Vanuatu",6,"Vanuatu","VUT",-0.00272454434853351,-0.00217968654231189,-0.00393097301150885,4.328851726879e-06,0,0,-0.00609509854123362,1.20909897148057e-05,-6.00761037626385e-07,5.29238533191475e-05,0.488076366639289,-0.00241211278102368,0.470802691910879
7,"SB","Solomon Islands",7,"Solomon Islands","SLB",-0.00756579902460956,-0.00604632695970967,-0.0350283563276272,-9.35058964624379e-07,0,-0.000896333064756333,-0.0553922056001366,2.55451367487428e-05,2.30500789328169e-06,8.88220637081469e-05,0.343277924988349,-0.00758758002765551,0.230877061832078
8,"PW","Palau",8,"Palau","PLW",3.58674600930995e-05,0.000126041981395752,0.000114973817982168,-1.88736110163285e-05,0,4.68044733884865e-06,0.000152805194862899,-1.30488266864555e-07,-2.55995903521326e-07,-5.32145441832349e-05,0.949733240204782,-0.0110251705171107,0.939069965368742
9,"FM","Micronesia",9,"Micronesia","FSM",-0.000153567015930574,-0.000471288050576924,-0.000667323067434816,-3.50728932946493e-06,0,0,-0.00105457671490153,0,0,2.16845907629164e-05,0.431128688209993,0.00849119471419914,0.437291309464131
10,"NR","Nauru",10,"Nauru","NRU",-0.00146173003604977,-0.00933599330244028,-0.0142317137436348,2.78982946672096e-07,0,-2.54494348271615e-05,-0.0147466289648698,0,0,-3.39780633725732e-06,-0.352247014414806,0.0253618930386086,-0.366689753276236
11,"MH","Marshall Islands",11,"Marshall Islands","MHL",-0.00135841156159993,-0.00402699164551181,-0.00692039043637554,-5.79011180184015e-06,0,0,-0.0114527020348777,0,0,2.35949181500734e-05,-0.135101459107176,0.00464301896773041,-0.15419913290615
12,"UM-79","Wake Island",163,"United States","UMI",-0.00126980653513544,-0.0039556016029806,-0.00454178973573488,-3.17486823881682e-06,0,0,-0.00785738762761855,0,0,0,0.136306867357925,0.0496346474670204,0.168313756470308
13,"MP","Northern Mariana Islands and Guam",163,"United States","MNP",0.00304677848235506,0.00919319138040401,0.0147412253661224,-2.37946131445388e-05,0,0,0.0229274657334855,0,0,-2.21610829197166e-05,0.378876140520896,0.00611229193211274,0.434851136050668
14,"TW","Taiwan",14,"Taiwan","TWN",-0.0170109799139691,-0.0155907912551871,-0.00797319645627127,-0.000100600292301878,6.19649701909019e-06,-0.000367752949068817,-0.00202925160716916,0.000462949580127284,3.27016995317484e-05,4.09647322632697e-06,0.499204511488259,0.00890965442204002,0.46554754311672
15,"PH","Philippines",15,"Philippines","PHL",0.000324008969799604,-8.41087879894257e-05,-0.000411351047203666,-8.68953440577735e-05,5.63817044931188e-07,-8.58142217298715e-05,-0.000559223575891009,-0.00101747111506009,-9.57059422493356e-05,0.0006200219401461,0.930997078300215,-0.0326933443384639,0.896907760155703
17,"PG","Papua New Guinea",17,"Papua New Guinea","PNG",0.00231193987215896,0.0020818517771543,0.0104054629193196,-1.39687708501825e-06,0,2.29890218256902e-05,0.0164016133887759,-0.000172362219145027,-8.04211937886192e-06,0.000200781957923789,0.979323291547786,-0.0263174920514696,0.984248642149617
18,"FJ","Fiji",18,"Fiji","FJI",-0.00766489516249327,-0.00834661429309213,-0.00704551331774848,-2.31856767347858e-05,0,-0.000188857759921079,-0.00611770784656334,-6.62549312464214e-05,-3.60905308298333e-06,-6.98225914471858e-05,0.316066420778492,-0.0204141449103316,0.266125813789755
19,"TV","Tuvalu",19,"Tuvalu","TUV",-0.000636785130026355,-0.00199355640990037,-0.00298456603483995,-4.76373195827255e-06,0,0,-0.00437802472146175,0,0,-3.78728862757911e-05,0.128472494778602,-0.0166993079409309,0.1017376190076
20,"KR","South Korea",20,"South Korea","KOR",-0.0196567073852576,-0.019186387558067,-0.0086613547529127,-0.000250930334894298,0,0,-0.000393644156137487,-0.00259284361652502,-6.55449856653451e-05,-0.000335504983784592,0.134381796379041,0.0469642628519937,0.130203144674203
21,"KP","North Korea",21,"North Korea","PRK",-0.0208671964018237,-0.0181994503906181,-0.00875690622514425,-0.00019045015164789,0,0,-0.00316341384916285,-3.70868900487278e-05,2.25246861294214e-05,0.000322439837888005,0.038477419375682,-0.0186380140678074,-0.0310301333149654
22,"XD-PF","Paracel Islands",22,"Disputed","-",-0.0103476573084687,-0.0149895524057209,-0.00668164581829741,2.68170144763641e-08,0,-0.000136859091403941,-0.00194291223182167,0,0,0,0.733810543458206,-0.00241443091723823,0.697297518413408
23,"XD-PG","Spratly Islands",23,"Disputed","-",-0.0121264031834916,-0.0200742638869173,-0.00982707763721566,-1.64603867264082e-06,0,-0.00297944762355906,-0.00694524729383648,0,0,0,0.818178718967919,0.00639577464727884,0.772620419175488
24,"KH","Cambodia",24,"Cambodia","KHM",-0.109103768389688,-0.102788517703582,-0.0443211139167367,-7.25670535220236e-05,0,-7.19760219630984e-06,-0.00197804534135013,0.000817038629449163,5.63986835541078e-05,-0.000363139285563814,0.297603099486775,0.02583456253638,0.0656767576530687
25,"TH","Thailand",25,"Thailand","THA",-0.0971864919477272,-0.0801767510874541,-0.0400327738998477,-0.000341350826243575,-6.40833938565386e-05,-0.000922204288465696,-0.0027106539371324,-0.00157738136449625,-0.000696088748172161,0.000664111416263243,0.716380724707017,0.00254000594053477,0.495877064015229
26,"IN-XAN","Andaman and Nicobar",203,"India","IND",0.00201037559505878,0.00222189754533654,0.00114760260536422,-2.20319177945847e-06,0,0.000548084421350682,0.000411379638759878,0.000287703606580501,-1.77175818613798e-06,-0.000130965095778527,0.499398598567395,0.00176076436185584,0.507651462036226
27,"XD-KU","Southern Kuriles",0,"Disputed","-",-0.00943021297304695,-0.00691505281641439,-0.00764627917441834,7.72271611089431e-06,0,0,-0.0018735485349725,0.000223375868794097,3.28740223376466e-05,-6.47089886974194e-06,0.119739943400261,0.0558298916605037,0.149962242879109
28,"KM","Comoro Islands",28,"Comoro Islands","COM",-0.00432497041175929,-0.00379477933618743,-0.00484961569290459,-9.67023703372635e-05,0,-0.00157828844138009,-0.00466012066469881,-4.29242367987597e-05,-1.97055679762577e-05,2.75802801661667e-05,1.70387664947419,0.0185732107438492,1.70311034518603
29,"YT","Mayotte",179,"France","MYT",-0.00512235953120517,-0.0023073205672024,-0.0112070930489074,0.000127410912043513,0,-0.00151114168565141,-0.0156210787583128,0,0,9.97260110233582e-06,1.63099227802468,0.0122574554522311,1.60761814094812
30,"TF-XGO","Glorioso Islands",179,"France","ATF",-0.00235442559402848,-0.000365325608693116,-0.00690224196992653,0,0,0,-0.00993411777370204,0,0,0,1.6930858842809,0.036607163589798,1.71013695180479
31,"SC","Seychelles",31,"Seychelles","SYC",-0.00194875006190879,-0.000896187298433342,-0.00694404491385118,-8.62220106002167e-06,0,-0.00532911939040797,-0.00998547961266902,9.4125740100474e-07,1.91086250314116e-07,-9.50801185693328e-07,1.3578571023567,0.018775374318161,1.35152044858537
32,"RE","RŽunion",179,"France","REU",-0.00097808696104238,-0.00113936749434899,-0.00482560460482034,-8.74637779792769e-06,0,0,-0.00683261307186054,0,0,6.30587312274223e-06,1.54971683915603,0.0245405408711314,1.56047927596882
33,"TF-XJU","Juan de Nova Island",179,"France","ATF",-0.0010481029413706,-0.000586763616029868,-0.00312854441518958,0,0,0,-0.00434879507483338,0,0,0,1.67817842832859,0.0506361548655428,1.71970238613469
34,"TF-XBS","Bassas da India",179,"France","ATF",-6.62984589128459e-07,-9.7908696959929e-05,-0.00206805310714188,0,0,0,-0.0029294021944829,0,0,0,0.793271315963332,0.0842175397483567,0.87239283049796
35,"TF-XEU","Ile Europa",179,"France","ATF",-0.000272040889012715,-0.000438256252461047,-0.00245544218679601,0,0,-0.00345494931058564,-0.00346888780628678,0,0,0,0.501917755534923,0.0898239900979026,0.58165217222519
36,"TF-XTE","Ile Tromelin",179,"France","ATF",-0.000162486540040036,-0.000504443384150177,-0.00563297190622611,0,0,0,-0.00811771165853212,0,0,0,1.68793725777309,-0.0253686573087328,1.64815100573521
37,"MU","Mauritius",37,"Mauritius","MUS",-0.00555221749929763,-0.00373295513315549,-0.0094740611631633,-2.30791389818958e-06,0,-0.000339599321992982,-0.013219892165648,-8.14592651864271e-05,1.94619697041556e-06,3.72319398357728e-06,1.2594022029749,-0.0177213003040837,1.20928408358245
38,"IO","British Indian Ocean Territory",180,"United Kingdom","IOT",-0.00108590816524548,-0.000955121107652767,-0.00471677038781354,-2.25670820244398e-05,0,-8.96434449293174e-06,-0.00731472829825786,0,0,0,0.796884013680197,-0.0249581715611874,0.757821792603431
39,"MV","Maldives",39,"Maldives","MDV",-0.00952766194518169,-0.00226679146961651,-0.0140862097385018,7.15747911430591e-05,0,-9.90540783716085e-05,-0.0223643300131979,0,0,2.72915111667033e-06,0.741135107047183,0.0267342232666468,0.719599590560847
40,"LK","Sri Lanka",40,"Sri Lanka","LKA",-0.000175270506758278,-0.000195462109829126,-0.000174496203620159,-4.17704333761712e-05,0,-0.00415486526116798,-0.000154430511783345,0.000644412215789726,-0.000122298850548052,1.059606934845e-05,0.757752149614498,-0.0254574957719687,0.727931070507815
41,"MZ","Mozambique",41,"Mozambique","MOZ",-0.0123648065179248,-0.00163157152032521,-0.00158168227066165,1.1395609842534e-05,0,-0.000563495109889192,-0.000721013057282681,0.00148593194296964,-1.91175285649449e-05,2.17710892607473e-05,1.00353303638752,0.047271757374795,1.03544220934668
42,"MG","Madagascar",42,"Madagascar","MDG",-0.0251122584813857,-0.00759956939356345,-0.00859913892894562,-6.98107976358437e-06,0,-0.000491265377622529,-0.00618102902221197,4.20144011201734e-05,5.42636819021165e-06,0.000147177051911671,1.14955942249961,0.0121257864538995,1.11388958886493
43,"KE","Kenya",43,"Kenya","KEN",-0.0144264785180876,-0.0066192436755114,-0.00458830330910679,-9.16637113161625e-05,0,-0.0105017311074037,-0.0022416411394241,0.000268082521652784,0.00016809229562426,0.000161578976890091,0.999190118352225,-0.0343248585655075,0.926993945865769
44,"SO","Somalia",44,"Somalia","SOM",-0.00744115840403912,-0.00290367004900256,-0.00231258401330414,-1.14093521079071e-06,0,-0.00222542470331456,-0.00181292162252892,0.000257832135571448,5.61947942208536e-05,0.000392556246726804,0.598101417725235,-0.0058000002742817,0.576311096236697
45,"ER","Eritrea",45,"Eritrea","ERI",-0.00395277696867455,-0.00260225450035626,-0.00121220974638694,2.69967518389422e-05,0,-1.46827657393423e-06,-0.000149352852700879,6.48267660603191e-05,3.47923033104212e-06,-0.00196264556031918,-0.0109997064763061,-0.0223646996550505,-0.0431498081039496
46,"DJ","Djibouti",46,"Djibouti","DJI",0.00383538256829547,0.0017327058982797,0.00109295434552956,0.00136060517907377,0,0.0060858206482479,0.000149191069469484,0.000544611948432166,7.35364243904646e-07,0.00770937175739998,0.0259971096825815,0.087833632280337,0.136342102236818
47,"YE","Yemen",47,"Yemen","YEM",-0.00196652775526986,-0.000822764146414494,-0.00100921538716367,4.93541013912285e-05,0,-0.00188184244949849,-0.000553752269403953,0.000819690862821139,-0.000160220202748742,0.00028122997713961,0.553954108360379,-0.04615159679041,0.502558461421141
48,"OM","Oman",48,"Oman","OMN",-0.00211468859997574,-0.00112117704236441,-0.00125768746015678,0.000113357648533999,-1.22478992788452e-05,-0.00131788322042054,-0.000523972324038493,-0.000402937848246938,-9.94258503879424e-05,0.000335155162290979,0.27718254567163,-0.0122998090410483,0.258481229592825
49,"SD","Sudan",49,"Sudan","SDN",-0.037020664298304,-0.0120384239179788,-0.00577212387518729,5.10729353199983e-05,0,-0.000412447737801745,-0.000210965031004199,0.000378582256707493,2.08275964448067e-05,0.0012562731252999,0.0646011086047014,0.0874845405357507,0.0983377849037517
50,"SA","Saudi Arabia",50,"Saudi Arabia","SAU",-0.0180860072836864,-0.0163846642387155,-0.0100293790456998,0.000396188875969557,-0.000275050125945748,-0.00295898431006761,-0.00047142193470721,-0.00361014111078985,-0.000521389361671993,-0.000139809030693809,0.0827211405406093,0.0039111566790707,0.0345516388362795
51,"KW","Kuwait",51,"Kuwait","KWT",-0.0379667848174252,-0.0278744341017055,-0.0133546187063988,-0.00228366707271855,0.000257883878573534,-0.0100703694559454,-0.000895960952834879,-0.0183206073046559,-0.00474516108645586,0.0018506886625831,0.0655155214998457,0.00141711409881408,-0.0464703971580453
52,"BH","Bahrain",52,"Bahrain","BHR",-0.00293839814250035,-0.00234871794117897,-0.00117272420033375,4.5396630903068e-05,-0.000456568891633905,-0.00101264744857555,-4.71216061197909e-05,-0.00990287990655737,8.8000357713349e-05,0.00526217696853403,0.0143971973705912,0.00223224866323555,0.00414596269418083
53,"PK","Pakistan",53,"Pakistan","PAK",-0.0302576133592038,-0.0183761369761509,-0.0114277671252104,1.58336961104028e-05,0,0,-0.0010794725468664,0.00161625798171895,0.000351511902295219,0.000232532042782083,0.429721445548382,0.0139714525647718,0.384768047894473
54,"AE","United Arab Emirates",54,"United Arab Emirates","ARE",-0.0682284105115995,-0.0685745256056394,-0.0381926622302855,-0.00020692223673118,-5.65748002085373e-05,-0.0485076523255599,-0.0017413783582736,0.00371731658305619,0.000603833114644752,0.00307616453485636,-0.00905427442866444,-0.00161785485166784,-0.228782938552887
55,"PT-20","Azores",183,"Portugal","PRT",-0.00152082215242364,-0.000202133110071673,-0.000544838969281797,1.86639723857054e-06,0,0,-0.000418832344600719,-1.67821752824532e-05,-8.59415464973128e-06,-2.44448235805934e-05,0.0819549936706662,0.00301428971532824,0.0822347010791739
56,"CV","Cape Verde",56,"Cape Verde","CPV",-0.0012198597554553,-0.000491518328435012,-0.00283124075907982,-7.41718864415906e-06,0,-8.78102261715254e-08,-0.00321580196626527,8.25163798144032e-06,-1.22699589122923e-06,5.993469173341e-06,0.215045435624197,0.0147591567295407,0.222051683134136
57,"PT-30","Madeira",183,"Portugal","PRT",-0.000151825835780053,-0.000265151743341474,-0.00116582625655651,-2.73822784136565e-06,0,0,-0.000467947414728831,-9.98884941407931e-05,-3.29605489370916e-05,1.72695752994209e-06,0.135529299546735,0.0210788470593396,0.154423535558715
58,"ES-CN","Canary Islands",182,"Spain","ESP",-0.000650402873951185,-0.000870619497019754,-0.000859285762860732,-3.55416094371768e-05,0,-2.20884472634096e-05,-0.000389680922127935,-0.000654685768500265,-4.00984423177591e-05,9.63297817039272e-05,0.12320893555133,0.0240862109180949,0.14386907414747
59,"BE","Belgium",59,"Belgium","BEL",-0.0477125464570187,-0.043869585757624,-0.0157750707439111,0.000126486003218457,0,0,-0.00163242803219523,-0.00357881129521121,0.000659952244729275,0.000296522093528936,0.095761974339348,-0.0109071289043494,-0.0266306368929196
60,"GI","Gibraltar",180,"United Kingdom","GIB",-0.0213077340162162,-0.0179760523065172,-0.0151303327294311,0.00028684837649567,0,0,-0.00419438293561189,-0.0104345481285098,-0.00134633067809222,0.00065436020041957,0.23410728393179,-0.469878475051938,-0.305219383673234
61,"TN","Tunisia",61,"Tunisia","TUN",-0.0937386450669601,-0.0967377437733531,-0.0495524614108932,-7.09750541209373e-05,-0.000251004466676867,0,-0.0128225191029846,-0.000243023023677264,-0.000570735324003556,0.000227630301254276,0.226585699496681,-0.0166806190509096,-0.0438543864562129
62,"MA","Morocco",62,"Morocco","MAR",-0.00446576412551412,-0.00545352739534127,-0.00624261198655755,-2.31430684721307e-05,0,-6.84960278061228e-07,-0.000632446515765138,-0.00120156632335309,-0.0017160203236296,-6.25819182855247e-05,0.386425758006606,-0.00614475382192391,0.360482658684418
63,"EH","Western Sahara",62,"Morocco","ESH",0.00510855122427944,0.00804345936928259,0.00625693417326857,7.22466152691544e-06,0,0.000123754249881539,0.000712392306388976,1.2057210006689e-07,1.12379195619062e-08,-4.21012395180834e-06,0.325475672102231,0.0398662177784073,0.385590127015283
64,"MR","Mauritania",64,"Mauritania","MRT",-0.0052151825938389,-0.00618663610340327,-0.00332735138559434,-8.12849351515989e-07,0.000357407169132849,-0.000727556399869503,-0.000400127572864374,-0.000139145445300664,-3.52168120412219e-06,0.000174432087902074,0.178223561624267,0.0160160497478846,0.178771119195057
65,"GM","Gambia",65,"Gambia","GMB",-0.0168671003999135,-0.015149337260203,-0.0139435928877067,0.000233775994143568,0,-0.0154436868327277,-0.00172663261677758,-0.00180819259742828,-0.00120740980301577,7.72296636714145e-05,0.137789828192218,-0.0444503171927208,0.0275045635844228
66,"SN","Senegal",66,"Senegal","SEN",-0.0155571602631526,-0.0141705121394031,-0.0127664142515657,1.56149808785413e-05,0,-0.0096241055681812,-0.00230613836255347,-0.000906057500888099,-0.000114551212571302,7.84018639942979e-05,0.165926253597291,-0.019616468824315,0.0909588666407441
67,"LY","Libya",67,"Libya","LBY",-0.0175101480978272,-0.0357686410402388,-0.0110483969642566,-3.81407825597192e-05,3.15415153060325e-05,-0.000248486599183481,-0.00272818097070097,3.72731740234681e-05,-3.19601445051515e-06,0.000474097640498986,0.00628041974557706,-0.0207556508295497,-0.0812775117900996
68,"MT","Malta",68,"Malta","MLT",0.0136696371841466,0.0141258837302066,0.00818219665577683,-2.44811292784693e-06,0,0,0.00419950146780458,-0.000268378489046248,0.000214036284531265,4.58553590960506e-05,0.377602588990364,-0.00901429348306001,0.408754581123928
69,"LV","Latvia",69,"Latvia","LVA",-0.00219877153075521,-0.0205873861480208,-0.0157168748931682,-0.000155764208672768,0,0,-0.0144553685802011,0.00125947650349889,0.00265513496341532,-0.000294763596444407,0.224259548505341,-0.0833782392726899,0.0913869820251484
70,"EE","Estonia",70,"Estonia","EST",-0.00340777212752409,-0.0342621431876009,-0.0317978053233758,0.000307431642304292,0,0,-0.0176048452088086,-0.000830987153316147,0.000305686330941643,-0.00340146589621354,0.0660185854800531,-0.0373808451489284,-0.062054157842777
71,"BG","Bulgaria",71,"Bulgaria","BGR",-0.0164037436756512,-0.0089619714370716,-0.0341457504102091,0.000124237991763174,0,0,-0.00287886273871269,0.0022421569211389,0.000956903434748156,-5.25004059682129e-05,0.292182372739525,0.0933700295065123,0.32643288349922
72,"RO","Romania",72,"Romania","ROU",-0.00112366613256126,-0.00230944473214575,-0.0105614554594089,-9.88874259117642e-05,-0.00168395729965419,0,-3.95431515530916e-05,1.82647051677287e-05,0.000134609706189715,-0.000138023487384508,0.254030103645653,-0.13863516701664,0.0995928286243336
73,"RU","Russia",73,"Russia","RUS",0.000517643709498714,-0.00843702837272159,0.00219304626959714,2.55206497567109e-05,-2.39202032231499e-06,-1.68724228117268e-06,-0.000225214120054759,0.000147471035554829,3.16120527143218e-05,-9.52860131095008e-05,0.0891335328525898,0.0151564758283436,0.0984436941314676
74,"GE","Georgia",74,"Georgia","GEO",-0.0149010713538158,-0.0131106393994445,-0.0343161867817929,0.00101139484589267,0,-0.000876355367666749,-0.00366245670402461,-0.000741605259072858,6.1966689128376e-05,0.000115818936072728,0.194439840640331,0.0583524476038062,0.186373153534462
75,"UA","Ukraine",75,"Ukraine","UKR",-0.00555697561789959,-0.00544486728323765,-0.0415985219812653,-0.000177860280764996,0,-0.000391119834265007,-0.000352199510223236,0.00854126450633084,0.00427500446289873,-0.00100156044940028,0.206369073654049,-0.0116370910417392,0.153025146219117
76,"TR","Turkey",76,"Turkey","TUR",-0.0179795604911136,-0.0174735482749618,-0.048409696661502,0.000250413395057108,0,3.78922451925647e-05,-0.00653279268772083,-0.00047623507664299,0.0013395460249768,0.000513781878189952,0.233901300084911,-0.0518731875574938,0.0932979129138232
77,"SY","Syria",77,"Syria","SYR",-0.00176940720917968,-0.00207280140737094,-0.00100857132563583,-0.000529736114411633,0,-0.000121991337807866,-0.000525379951059381,0.0016302903568805,0.00170058331417433,0.000343895679467276,0.058845362326581,-0.00262721304381519,0.0538650076077579
78,"LB","Lebanon",78,"Lebanon","LBN",0.00563027296574087,0.00936395858041269,0.00621419083297603,-0.000328316528586574,0,0.00156202166088166,0.00269898494929816,0.000526632912315063,0.000848205506262987,0.000162349003471261,0.0875734240065748,0.101421294046466,0.215673072046746
79,"IL","Israel",79,"Israel","ISR",-0.023354016702487,-0.0330842871328765,-0.0127910459985725,-7.90558097100433e-05,0,-0.0111992772656307,-0.00167469565609142,0.000202247331141046,0.00121174837465322,0.000214877631766389,0.202541366274651,-0.0569697257649706,0.0650181408462057
80,"GR","Greece",80,"Greece","GRC",0.0325959412288499,0.0213480508150174,0.0227573981287254,-0.000396647321049077,0,0,0.00779082619524015,-0.00246527730038641,-0.000357129619073383,-0.000184916983095451,-0.0117244817015901,-0.0223111900862663,0.0470525688442397
81,"CY","Cyprus",81,"Cyprus","CYP",-0.00104014468550176,-0.000819061540096889,-0.000661021522326379,7.14114346851478e-05,0,-4.35019727438825e-05,-0.000261772395092296,-1.55228590613862e-05,-0.000457809199521719,0.000659285687335966,0.118552887115223,-0.027540643734811,0.0884441076312979
82,"AL","Albania",82,"Albania","ALB",-0.00581593655508694,-0.00434255559057827,-0.00213626912558756,0.000844950236353066,0,0,-0.000247850237252738,-0.00795318451815266,-0.00103934007542493,-0.00138251592398336,-0.24243485585753,-0.110675015676348,-0.375182568720238
84,"DZ","Algeria",84,"Algeria","DZA",-0.014090434037759,-0.0347894772273099,-0.0250028752355864,0.000174886092181122,0,0,-0.00411909508813077,-0.00198562074643249,-0.000224268415590001,0.00033905355684725,0.303376922166504,0.00473977795293491,0.228418868086494
85,"SH-AC","Ascension",180,"United Kingdom","ASC",-1.21449494280708e-05,-6.85102151381883e-06,-0.000165230390416642,-4.88003277259566e-06,0,0,-0.000230122308377654,0,0,5.33170217261416e-06,1.36631236414811,-0.017438445621031,1.34846001853839
86,"SH-HL","Saint Helena",180,"United Kingdom","SHN",-0.000125762467126045,-3.19966034120383e-05,-0.000400048291192608,-2.12449056852968e-06,0,-2.86825685068549e-05,-0.000241649242874113,0,0,1.07599105965099e-06,1.09500186100459,-0.00892034675784596,1.08525232353056
87,"BR-XTR","Trindade",171,"Brazil","BRA",-0.00017026154882782,-0.000253190828275562,-0.00019691733933219,0,0,-0.000384547834717988,-0.00030018747684608,0,0,0,0.790781648150562,-0.00378778730765046,0.785688758725615
88,"SH-TA","Tristan da Cunha",180,"United Kingdom","TAA",-6.77852749891295e-07,-2.16346820633008e-05,-7.91973297945674e-06,-5.58321919183994e-07,0,0,-1.12732709941073e-05,0,0,-2.1741633240448e-05,0.623905849353874,-0.0088832253593999,0.614958814430701
89,"GS","South Georgia and the South Sandwich Islands",180,"United Kingdom","SGS",-0.00189599115164933,-5.15579746789133e-07,-0.00253673789231681,-6.66716022859251e-07,0,0,-9.88644735107708e-05,0,0,0,0.461302828955742,0.0170818976463667,0.473851947593172
90,"ZA-XPE","Prince Edward Islands",102,"South Africa","ZAF",-0.00308589802363001,-8.62747177034194e-05,-3.16255419839888e-05,0,0,0,-0.000100331949427076,-2.72682975079418e-05,-4.3204147594674e-06,0,-0.0502142153880828,-0.0234298346161314,-0.0769797707641335
91,"TF-XCR","Crozet Islands",179,"France","ATF",-0.000930623695665448,-6.62662956210434e-05,-3.06138536995417e-05,-6.28391480832891e-08,0,0,-4.60406486001944e-05,0,0,0,-0.498413927729646,-0.013656483207142,-0.513144018964778
92,"TF-XAM","Amsterdam Island and Saint Paul Island",179,"France","ATF",-0.000300040953047749,-0.000354926607285019,-0.000207514484056613,-1.09641619915538e-07,0,0,-0.000325938667520487,0,0,0,0.432624271795108,0.00568256907976103,0.43711831202644
93,"TF-XKE","Kerguelen Islands",179,"France","ATF",0.00111940753022553,6.35468568775639e-06,1.63307359842259e-06,-2.49888367040895e-06,0,0,6.63228892569589e-06,0,0,0,-0.0375558249840747,0.00758762224294202,-0.0288366730805761
94,"HM","Heard and McDonald Islands",16,"Australia","HMD",-0.00953028859951481,0,-2.22204470739712e-06,-7.66020861305531e-07,0,0,-0.000987827389645808,0,0,0,0.154730987242411,0.0196028253166748,0.163812707989311
95,"FK","Falkland Islands",180,"United Kingdom","FLK",-0.0644968415097516,-0.00569085511734831,-0.0033322151116913,6.07884517527551e-06,0,-5.64458318652338e-07,-3.33291225060733e-05,0,0,5.23933922147548e-05,-0.0869952533542932,0.0310162732788078,-0.129474313938715
96,"SL","Sierra Leone",96,"Sierra Leone","SLE",0.0238842160598362,0.0256107751563294,0.0136407152489526,-3.7455778983306e-06,0,0.00875622216443461,0.00332927421741701,0.000446891544779349,8.30367816536013e-05,-5.01799663048575e-05,0.593188810385506,0.0458066932917966,0.714692713580425
97,"LR","Liberia",97,"Liberia","LBR",-0.00344529770360725,-0.00419003972952145,-0.00230659763421207,2.6527973494245e-05,0,-0.0105723542337232,-0.00110615408866427,0.000490099431948919,5.45538720865058e-05,0.000166310506391668,0.687566363072814,-0.0242681786749201,0.642415242251538
98,"TG","Togo",98,"Togo","TGO",-0.00121522836145245,-0.000761012702764347,-0.000584752460245065,0.00033616222752754,0,-0.0028705467880794,-0.000491654392992537,-0.00169247814039848,-7.72577887316971e-05,0.000174993870230459,0.577446793797325,-0.0509091592226311,0.519355863118343
99,"BJ","Benin",99,"Benin","BEN",0.00278516366818651,0.00233186917598245,0.00137150978885407,0.000303713746664935,0,0.00443968763385922,0.00141877381875502,0.00026703215818278,0.00027120271704887,0.000127199433927863,0.719802846973435,-0.0638884837911892,0.669230515853462
100,"CG","RŽpublique du Congo",100,"RŽpublique du Congo","COG",0.00558966062053409,0.0081769237452022,0.00247428822368746,6.69355588804571e-05,-0.00060670799334012,0.0180660190757486,0.000247115282364295,0.000169047576595678,3.10035909446989e-05,0.000163650443298749,0.832212349611058,-0.010260663082701,0.856329635033315
101,"NM","Namibia",101,"Namibia","NAM",-0.00945697676667344,-0.00397934730800507,-0.03408042701212,2.56537415171374e-06,0,0,-0.000171881831476698,-1.41038709653758e-05,-1.04529748567657e-05,3.82334311645171e-06,0.0560295548119797,-0.0207680757420247,-0.0124453232614893
102,"ZA","South Africa",102,"South Africa","ZAF",-0.00546252698373741,-0.00144473703961004,-0.01160261245854,-1.81790339857671e-05,-2.75331391667748e-05,-0.000307864138092942,-0.000567774386168999,5.492105695545e-05,4.67961026541819e-05,7.31622323133283e-05,0.103383482487819,0.0480568475324832,0.132183982387371
103,"ST","Sao Tome and Principe",103,"Sao Tome and Principe","STP",0.000514568227043374,0.000368613351293272,0.000644119929247723,-9.13457002172247e-06,0,0.00689821507177196,0.000460354935806202,-0.000115193930671084,-2.34775432856812e-05,-9.39589640836185e-05,1.25404360792023,-0.0147987021911795,1.24788901506434
104,"GQ","Equatorial Guinea",104,"Equatorial Guinea","GNQ",-0.000215368794286374,-0.000364343295085876,-0.000330737460289722,6.5721627463682e-05,0.000986146677612879,-0.000650278418401267,-0.000262895953301892,0.000131277298940695,1.34857749362741e-05,8.427528601056e-05,0.973777773555693,-0.00580819195573178,0.967426856819004
105,"BV","Bouvet Island",223,"Norway","BVT",0,0,0,0,0,0,0,0,0,0,0.521838748349286,-0.0116697071682794,0.510169030773841
106,"GH","Ghana",106,"Ghana","GHA",-0.00671521137922616,-0.00429139466658796,-0.00554035515981276,7.98312829899095e-06,0,-0.0255772692866628,-0.00134621342922786,0.00102106364147617,0.000152044378222217,9.87347946083262e-05,1.06081918220378,-8.90910962152154e-05,1.01853948009458
107,"CP","Clipperton Island",179,"France","CPT",-0.000191257690499858,-0.00168538188463759,-0.00103019539861307,0,0,-0.00536387626955814,-0.00155958045393206,0,0,0,1.1807569701575,0.00812464025728606,1.17905131301693
108,"BM","Bermuda",180,"United Kingdom","BMU",-0.00022979653204207,-0.000295901621137354,-0.00117663705515865,-2.1830372946592e-06,0,-0.000282478789564734,-0.000443520304769957,0,0,2.14777403887097e-06,-0.350324902090283,-0.0109812771565275,-0.363734550146722
109,"EC-XGL","Galapagos Islands",137,"Ecuador","ECU",0.00150920901476744,0.00141781214925585,0.00257012278755194,5.01422528181953e-06,0,0.000373820168018388,0.00206568257659231,0.000271711563745425,4.43659402745112e-05,-0.000555846094433721,1.02852391711104,-0.00971439455575651,1.02651140269678
110,"BS","Bahamas",110,"Bahamas","BHS",-0.0028388823062173,-0.00869919548608582,-0.00178406391300071,-8.91203304170816e-05,0,-0.00075729182282717,-0.000241248473389636,-0.00228255037601036,-0.000183018458325645,0.000132895972862824,0.0494609341481128,0.0547919699463451,0.087510427874817
111,"TC","Turks and Caicos Islands",180,"United Kingdom","TCA",-0.00944850188757445,-0.00613696873782389,-0.00510247842407092,4.77987315010305e-05,0,-0.00184185762953668,-0.000810677979410281,0,0,9.72027047555165e-05,0.0358202296449652,0.0423244816937923,0.0549492314927722
112,"CU","Cuba",112,"Cuba","CUB",-0.0196947124637432,-0.0155444299761958,-0.00735129697287318,-6.52417555481599e-05,0,-0.00540641543636379,-0.000197778187779817,0.00170368435948805,0.000270508177754468,-0.000386487742487087,0.400758937201565,0.0285338063855096,0.382620573978399
113,"KY","Cayman Islands",180,"United Kingdom","CYM",-0.00185171037475671,-0.000587963036083706,-0.00130127659422757,-2.29265652377347e-06,0,-0.00212248203580298,-0.000253748836992997,0,0,2.60647337052762e-05,0.43111809430702,0.0869018592494188,0.511926542963455
114,"HT","Haiti",114,"Haiti","HTI",0.000966885245726734,0.000520680598161177,0.000249981231305604,9.15127656225375e-05,0,-9.65106529921341e-05,1.42375034816493e-05,0.000116250594667055,0.000238657624907216,3.15870364309632e-05,0.506407878541469,0.0493241815432064,0.557865340189515
115,"DO","Dominican Republic",115,"Dominican Republic","DOM",-0.0175996961088834,-0.0129024819671322,-0.0088269550706211,-9.22419640314836e-05,0,-0.00669225529021577,-0.00291505689921685,0.000913293981344336,0.000928658080303383,7.25590277972383e-05,0.397907473680874,0.13376906657675,0.484562363657913
116,"PR","Puerto Rico and Virgin Islands of the United States",163,"United States","PRI",-0.00422598618919226,-0.00280955022610511,-0.00254276542243571,-0.000273456868858001,0,-0.00279136310472486,-0.000432557544581778,1.43086410132133e-09,0,-0.00017011710786808,0.343688881708238,0.0483020036590767,0.378745088625859
117,"VG","British Virgin Islands",180,"United Kingdom","VGB",-0.000753764805308281,-0.000684096087703254,-0.000615733503394232,-0.000109217136132752,0,-0.000977557070495026,-0.0002251260115818,0,0,0.000212843072490674,0.188648274091976,0.068090732548038,0.253586351664814
118,"AI","Anguilla",180,"United Kingdom","AIA",-0.00428889268173388,-0.00398246515532328,-0.00240272838486968,1.55808891030436e-05,0,-0.000532073475122855,-0.00125089939565837,0,0,1.92287649581225e-05,0.187009236745135,0.118735657404936,0.293322645973822
119,"KN","Saint Kitts and Nevis",119,"Saint Kitts and Nevis","KNA",-0.0202580506526386,-0.0213706734179932,-0.0138512151996969,-0.000172682247282672,0,-0.000544984017537712,-0.00352064928370239,-0.000710279886529449,1.11561790894212e-05,0.000863879567914595,0.341097993310184,0.0265841432096399,0.30812865433377
120,"AG","Antigua and Barbuda",120,"Antigua and Barbuda","ATG",0.00760900583940068,0.0113991683624948,0.00604651551433846,-2.94625161313156e-05,0,0.000140260719654591,0.00239865724917085,-2.13742243320569e-05,5.59590881584096e-06,6.92562300132851e-05,0.238767444333278,0.0936024471949874,0.359987513327684
121,"MS","Montserrat",180,"United Kingdom","MSR",0.0343770180220597,0.0398530183352039,0.0331566330338385,-0.000228238055031845,0,0.000465565819062322,0.00572165682035074,0,0,-0.000526689595027034,0.344685638368409,0.0143227339766453,0.47182735500912
122,"LC","Saint Lucia",122,"Saint Lucia","LCA",-0.0194530844995725,-0.0265659613823017,-0.0113831784531959,-4.04007312738467e-06,0,0,-0.00566691528194968,-0.000275149102562338,-0.000103304260296018,-1.70350988130095e-05,0.292705332280361,-0.00510768356916936,0.224128965003133
123,"DM","Dominica",123,"Dominica","DMA",-0.0140700525189002,-0.0227684708216359,-0.0159285919999563,-0.000239603248301202,0,-0.000324937118853734,-0.00759873275931584,-0.00055686583008946,-3.66920819698041e-05,9.50822187348557e-05,0.276348741619674,-0.00299721321938608,0.211922671015662
124,"BB","Barbados",124,"Barbados","BRB",-0.000586503687174104,-0.000913355984404642,-0.00174095107094367,-3.68519648484727e-06,0,-0.00314690089246922,-0.000866383650479742,-5.04233892606437e-05,2.42100801574638e-06,4.14776623281873e-06,0.282464100054221,0.0054072357619821,0.280569699683723
125,"GD","Grenada",125,"Grenada","GRD",-0.00443879626073012,-0.00510638353935221,-0.009168016329766,-4.72010997226597e-06,0,-0.000103935185076462,-0.00228846880422614,-0.000153910412179803,-5.78293263129626e-05,0.000280286385984909,0.302749620710295,0.0143749316161287,0.296082784670783
126,"TT","Trinidad and Tobago",126,"Trinidad and Tobago","TTO",-0.0139262022100246,-0.00519007575807451,-0.0102048852205788,0.000366142121107424,0.000164421181369722,-0.00328246546527873,-0.00096206139045267,0.00492423157436818,0.000757849435565762,0.000329532869769142,0.29242821315975,-0.0351320637443414,0.230272632629089
127,"VC","Saint Vincent and the Grenadines",127,"Saint Vincent and the Grenadines","VCT",-0.00399538160278202,-0.0035867001456861,-0.0024125694918624,-0.000139410312978629,0,-5.40122073511339e-05,-0.00123653280270108,4.57378486589861e-05,-1.84743702987724e-05,-0.000178179088631889,0.281004908431628,-0.0033166838419464,0.26611270048272
129,"PA","Panama",129,"Panama","PAN",0.0124286450164141,0.00172677656198444,0.00999769437448301,-6.77103716101076e-06,0,0.000575903589705272,0.0012775497316181,0.000270507001197908,-0.000465678892958355,7.51523761462262e-05,0.662767099857443,0.0990140971719609,0.787660969810936
130,"CR","Costa Rica",130,"Costa Rica","CRI",0.00947421378145234,0.00470602517089168,0.00276640262093834,-7.15994496323752e-06,0,0.0146610488984926,0.00158707566501499,-0.000639277822861392,0.000979000434347677,4.72780981849403e-05,0.546040909803731,0.00235623034603554,0.581971747101416
131,"NI","Nicaragua",131,"Nicaragua","NIC",0.00886439542255316,0.00701619400875895,0.00214683454596813,-1.84478475355421e-05,0,0.00109416716665024,0.001431620902286,-0.00178878743403136,0.00133822687525888,-6.5571759950038e-06,0.530415114659608,-0.0129245290458117,0.537568231342283
132,"CO","Colombia",132,"Colombia","COL",-0.00874382741269805,-0.00348188492203309,-0.00470125676981136,-1.46900412039605e-05,0,-0.00014199634662582,-0.00065974676853862,0.000791260735011783,-0.000688699639145649,0.000165116977950094,0.611495569938409,0.0120196672680454,0.606039507611281
133,"HN","Honduras",133,"Honduras","HND",-0.00987993431075706,-0.00606206868175028,-0.00167547518896225,-1.126007311826e-05,0,-0.000825048366880476,-0.000136948536442189,-0.000933334657357095,0.000339521903806638,0.000143851112509988,0.37719569537129,0.0245377008108076,0.382692698292941
134,"SV","El Salvador",134,"El Salvador","SLV",-0.00158409959637793,-0.00174095262306531,-0.00127029224766906,-9.94102549613264e-05,0,-0.00119066145276238,-0.00143868521950101,0.000469180165709428,0.00154576512811371,-0.000141215344548816,0.580629152739998,0.0014183662313275,0.576597140645873
135,"MX","Mexico",135,"Mexico","MEX",-0.00158810778598546,-0.000992741613775601,-0.00110339125699411,2.56559415662212e-06,3.99795661353458e-06,-0.000761992761785377,-0.000226104235978229,-0.00027251822304835,0.000611299879236147,0.000240715131236013,0.417211240528038,0.00608602957891596,0.419210992012417
136,"GT","Guatemala",136,"Guatemala","GTM",0.0139995318985624,0.00679380936536584,0.00485035775659785,-1.47722486479486e-05,0,0.0120925552726278,0.0043642901033965,-0.00152229167248755,0.000434702784845539,7.12146605578713e-05,0.72078247601002,-0.00205319324950524,0.759798680606403
137,"EC","Ecuador",137,"Ecuador","ECU",0.00135502752674557,0.000502351796620774,0.00133471756106353,-4.19163164839094e-05,0,6.28316905126045e-05,0.00021315467263573,-0.000243321962227409,-0.000849920547735774,0.000255029019793928,0.904195156076377,-0.0193695872326695,0.887413521453967
138,"PE","Peru",138,"Peru","PER",-0.0140269740751061,-0.0072118174613884,-0.0176315654680944,4.97884812588981e-05,0,-0.00138738588356615,-0.00157608859968242,0.000452969910288203,0.000193299524451753,6.86807039118262e-05,0.396855570039538,-0.0244867424589646,0.331299734021037
139,"VE","Venezuela",139,"Venezuela","VEN",-0.0342710228951757,-0.015340011153,-0.0288307909566376,-0.000102453722376858,1.84623451240023e-06,-0.000281296231155004,-0.00205692989473809,0.00168593350125691,0.000120873850087107,0.000249963932179328,0.32618818318666,0.00583308813976531,0.253197383147875
140,"GP_MQ","Guadeloupe and Martinique",179,"France","GP-MQ",-0.0114810666336823,-0.0171034421081104,-0.010065050053685,-0.000133714483315541,0,-0.00163486170244064,-0.00534789043982083,1.61080899596021e-07,3.69428075844656e-08,0.000317677087456359,0.265887851571263,0.0197898663718187,0.240229573656882
141,"FO","Faeroe Islands",175,"Denmark","FRO",-0.118336745064928,-0.0435359916989307,-0.0225545469705909,9.22309716211578e-05,0,0,-0.0319277658092367,0,0,1.4808463248005e-05,-0.0692657080905858,-0.0250048690438796,-0.310518587230096
143,"IS","Iceland",143,"Iceland","ISL",-0.0725475544843412,-0.0425514887977448,-0.0298180055575047,2.47506291309278e-05,0,0,-0.0153575676907659,1.47770818935797e-05,1.22734197413918e-07,-0.000142885697840146,0.018695576047012,-0.040352080911534,-0.182034355565329
144,"SJ","Jan Mayen",223,"Norway","SJM",-0.0378712724619495,-0.00321981102488441,-0.0153134279699155,0,0,0,-0.00460695021783656,0,0,0,-0.0755228333242285,-0.00340023592858011,-0.139934532498447
145,"GL","Greenland",175,"Denmark","GRL",-0.0194332923700871,-0.0053515436870989,-0.00392203639630154,7.39898835043005e-06,0,0,-0.000224613702848908,3.37372820909592e-06,2.19382169484073e-07,0.000181551679305211,-0.0368697208739056,0.0120402296304906,-0.0535684334089823
146,"PN","Pitcairn",180,"United Kingdom","PCN",-7.20180224378699e-05,-0.00016833739755038,-0.000444323185621232,0,0,0,-0.000670875972854794,0,0,-1.69534698903169e-05,-0.608381742870034,-0.00635447701654281,-0.61610872837042
147,"PF","French Polynesia",179,"France","PYF",-0.000918639824699012,-0.000291746400120351,-0.000763008868064929,-3.44588539052944e-07,0,0,-0.00112749471416077,-3.59995104810701e-07,-2.08186490016058e-07,2.46856118368404e-05,0.445687967509564,-0.0107124920987923,0.431898359301411
148,"KI-L","Line Group",212,"Kiribati","KIR",-0.000191368324714055,-0.000189849349669981,-0.00157565824108838,3.29071944327872e-07,0,-9.56100568984788e-05,-0.00230325499871479,4.81468922029822e-07,-1.40933018629766e-07,7.69083565060381e-06,0.00271941460382663,-0.00532490620321836,-0.00695287149940474
149,"UM-86","Jarvis Island",163,"United States","UMI",-0.00010787061539964,-0.000142992004805239,-0.000761031779058722,0,0,0,-0.000842478345524461,0,0,-4.71131281853963e-06,-0.109418185636942,0.0229907767848227,-0.0882864922857927
150,"UM-95","Palmyra Atoll",163,"United States","UMI",-0.000435470365603358,-0.000295408574831089,-0.000890923956468883,0,0,0,-0.000965671557361526,0,0,0,-0.610947736870173,0.00156263574310776,-0.611972574687449
151,"AS","American Samoa",163,"United States","ASM",0.00575070547839061,0.00275450861625203,0.00829445377184314,-1.26302660674001e-05,0,0,0.0116166227412864,0,0,7.66234358712623e-06,0.127253553867924,0.0164638090309926,0.17212868295246
152,"WS","Samoa",152,"Samoa","WSM",0.0179374740268581,0.0117451584694081,0.00217298983065015,-0.000108742501142833,0,0,0.00106617003983633,1.36219736347243e-06,1.03389352186257e-06,3.09864598028426e-05,0.175897741946086,0.0342952912734234,0.24303946008148
153,"CK","Cook Islands",162,"New Zealand","COK",-0.000212304799264307,-0.000173295065441089,-0.000737899456825022,-3.86287685814519e-06,0,0,-0.00112620415316215,-4.21413880530319e-07,3.47454622845054e-08,-4.8012355779398e-05,0.325360232182542,-0.00296229336151913,0.320095974671248
154,"NU","Niue",162,"New Zealand","NIU",-0.000552026579329395,-0.000220646733944677,-0.000952733502117174,-1.91238200997541e-06,0,0,-0.00143553640315678,0,0,-1.69506935797917e-05,0.201893955974538,-0.00440486104099697,0.194309287059651
155,"TO","Tonga",155,"Tonga","TON",-0.00230887318768718,-0.00251622016636976,-0.00133579986867358,-1.61286005724944e-05,0,0,-0.000915715756063007,1.02741672483358e-05,4.78524137424573e-06,-7.18553937734129e-05,0.30184254744567,-0.0204899776384013,0.274203035014622
156,"TK","Tokelau",162,"New Zealand","TKL",-0.000694901747483819,-0.00140094828062827,-0.00200772214380069,0,0,0,-0.00294731925338177,0,0,2.62452892544208e-05,0.190695963527873,-0.0784003933171338,0.105270923442702
157,"KI-P","Phoenix Group",212,"Kiribati","KIR",-0.000339824473737359,-0.00109843424204934,-0.00422335406539968,0,0,-9.58270626129301e-05,-0.00657501263665823,0,0,-2.24826071932859e-05,0.0149942607036854,-0.0249949872501608,-0.0223556620448053
158,"UM-84","Howland Island and Baker Island",163,"United States","UMI",-0.00025329792860014,-0.00120180356668244,-0.00347458187449534,0,0,0,-0.00493337039368476,0,0,0,-0.200333458941112,0.0356209089647147,-0.174575601092474
159,"UM-67","Johnston Atoll",163,"United States","UMI",-0.000440144084033032,-0.000390971558131309,-0.00178857710804432,-8.37661330869594e-06,0,0,-0.00268039427925582,0,0,5.07910104434692e-05,-0.312122184042185,0.140506517311482,-0.176873341981724
160,"US-HI","Hawaii",163,"United States","USA",-0.000364191193303124,-0.000697233800225193,-0.00111411561321064,-1.40757975811958e-05,0,-0.000157425849526387,-0.000639822110072291,0.000102394897779603,2.41218364643493e-05,-1.5416155544066e-05,-0.179784260177066,0.0485746939445528,-0.134085332702701
161,"WF","Wallis and Futuna",179,"France","WLF",-0.00201781258333732,-0.00178696636673288,-0.00166622764128375,-1.07377850869279e-05,0,0,-0.00181952312025163,0,0,3.98847788822751e-06,0.160540012066304,-0.0272031440885628,0.126039590560952
162,"NZ","New Zealand",162,"New Zealand","NZL",-0.0258705119487564,-0.0058147153886021,-0.00234729616910032,-1.43979835595363e-05,0,-8.43501549103064e-05,-0.000227038140648863,-0.000225151496310712,-0.000302090492205046,-6.07247389627571e-05,0.102191855816897,0.0162738358983872,0.0835194150489438
163,"US","United States",163,"United States","USA",-0.0105560229646964,-0.00462419835871665,-0.00469851515524504,-0.000184698945545802,4.21623697317188e-06,-0.000538208925870087,-0.000413976309380421,-0.000391352046434495,-7.13139119125179e-05,-0.000284955061481549,-0.104140343053906,0.00690187604639669,-0.118997490503492
164,"BZ","Belize",164,"Belize","BLZ",-0.0186832909803515,-0.0145084475987847,-0.00551721823752282,-0.000134480916969585,0,-0.00359820493138238,-0.000141089513425385,-0.00484043161293658,0.00133139080449696,-0.000337005529988703,0.621628146187971,0.0751143739497653,0.650313748839712
165,"XD-CO-JM","Colombia - Jamaica",0,"Joint Regime","-",-0.0155718760538424,-0.0186429000332542,-0.00493152261518815,0,0,0,-9.90241557978897e-05,0,0,0,0.371634532574542,-0.00769108413056271,0.324698130152881
166,"JM","Jamaica",166,"Jamaica","JAM",-0.00598638401131805,-0.00400595907094932,-0.00231695566118161,-0.000142635935746927,0,-0.00023051441482135,-9.29099621206302e-05,-0.00103927205655348,-0.00011212943833737,6.8726634833572e-05,0.434253727911561,0.037035694101815,0.457431386470045
167,"GY","Guyana",167,"Guyana","GUY",-0.0350278809810287,-0.0118802166524313,-0.00996624573292339,-6.0386006278148e-05,0,-0.0113021769228082,-0.000538732617919969,0.000511370903078375,-1.03171126014371e-05,0.000115304337598936,0.254540507440778,-0.00113108200477516,0.185250148287149
168,"SR","Suriname",168,"Suriname","SUR",-0.0133028883191019,-0.00227296598462193,-0.0025111622238588,-8.09837976485543e-06,0,-0.00281218416994181,-0.000184431926905065,0.00136263760757088,7.88723852599497e-05,-4.87571995915979e-06,0.308330959946918,0.00234465151737507,0.29102051189848
169,"GF","French Guiana",179,"France","GUF",0.000881555921908626,0.000167446347209317,0.000129220357399828,-4.91585533342333e-05,0,0.000219848094775377,3.1557237694965e-05,0.00016209827014917,1.66503154644745e-05,-4.68630333077553e-05,0.328624437709276,0.00960910465202072,0.339745898903134
170,"US-AK","Alaska",163,"United States","USA",-0.0282201141345548,-0.00776565441273087,-0.00628121146908245,2.63950274504795e-05,-1.10096370473324e-06,0,-0.000328571251970612,-2.98898495179008e-06,9.24509611591429e-06,3.20475309203192e-05,-0.466156881241967,-0.010834831955399,-0.519523662956417
171,"BR","Brazil",171,"Brazil","BRA",0.00213001012211976,0.00134767761916,0.000710133034123747,5.03775245714025e-05,0.000128039147586118,0.00180722161953095,0.000390800711191349,0.000546445545716117,5.11814604379278e-05,-4.41434211187996e-05,0.683170881265728,0.0154687722702374,0.705757393648893
172,"AR","Argentina",172,"Argentina","ARG",-0.0714133001324071,-0.0177079071109905,-0.0105461928056646,1.03111175355058e-05,-2.68925867037763e-07,-7.5017714012627e-06,-0.000133239530283749,1.19592960443392e-06,3.69437366976218e-05,1.74468811724971e-05,0.00426909755436976,0.0274172612427133,-0.0680561536814407
173,"UY","Uruguay",173,"Uruguay","URY",0.0225242556937574,0.00598994645817896,0.00281030577673221,7.28883867643924e-05,0,7.30401882475219e-05,0.00026840989054673,0.000490919387898812,0.000844937616051557,-2.22254366237421e-05,0.265303053359386,0.00689625710767464,0.30525178706581
174,"FI","Finland",174,"Finland","FIN",-0.00751600560396577,-0.0498168851003074,-0.0337443094223231,0.00142561534999276,0,0,-0.0130769439768622,0.000447766177372484,0.000144307306532978,0.000584314438318195,0.0208841601963603,-0.0549204709593674,-0.13558845047752
175,"DK","Denmark",175,"Denmark","DNK",-0.134175657288019,-0.11823256581137,-0.0595382152239665,-0.000562953931884182,0,0,-0.0226053123697376,-0.00207682240175282,0.000551997121651811,0.000246673609696284,0.0950114868090134,-0.0114544406608605,-0.252835810877822
176,"DE","Germany",176,"Germany","DEU",-0.115659495327306,-0.0934443993655967,-0.0432187909550869,-0.000496128737415456,0,0,-0.0117389657068147,-0.00271761543844303,0.00139708356422004,-0.000396400316593686,0.0750693880319966,-0.0157194963379627,-0.206924815415335
177,"NL","Netherlands",177,"Netherlands","NLD",-0.143475096094,-0.096586483731617,-0.047303944678938,-0.000189847091156775,-7.48788324347873e-05,0,-0.0094634530995968,-0.00254040378070335,0.000720455703679489,0.00150876381677791,0.0492465558563229,-0.00406374822045661,-0.252222079557986
178,"PL","Poland",178,"Poland","POL",-0.0193120395802149,-0.0813259719790063,-0.052426501848402,-0.000693275611629215,0,0,-0.032268119630371,0.00124266589814377,0.0041657857318138,-0.000106987368843244,0.332916399438779,-0.000198521437516683,0.151993443860799
179,"FR","France",179,"France","FRA",-0.0202286062037471,-0.0152854304926687,-0.0104998903843556,-0.000127004126895356,0,0,-0.00537898832798005,-0.00158552165803156,-9.01919396314027e-05,4.5121439763112e-05,0.350359768216908,-0.0421238131859156,0.255085442555073
180,"GB","United Kingdom",180,"United Kingdom","GBR",-0.0553504170079026,-0.0378454666094395,-0.0182133320660203,-0.000218409529830672,-7.53259876975279e-06,0,-0.0212252864393245,0.000718250491577637,0.000133257460900443,-0.000241754526653901,0.0340425785224029,0.00380670656008691,-0.0944014044470774
181,"IE","Ireland",181,"Ireland","IRL",-0.0789322176480845,-0.0366626892419026,-0.0150107775159255,-3.90941446236669e-05,0,0,-0.0157094821436321,0.00148564849532386,2.65751820926638e-05,0.000388429079362086,0.0918411782448125,-0.035539307241842,-0.0881517383697118
182,"ES","Spain",182,"Spain","ESP",-0.0144191624113913,-0.0130034267654714,-0.0106316401614585,-4.38650826363412e-05,0,-1.15684503444918e-07,-0.00428784638968771,-0.00121710498092898,-0.000332176865162148,0.000189215719679081,0.538977072452546,0.0263748907686426,0.52160584206807
183,"PT","Portugal",183,"Portugal","PRT",-0.00158272377598689,-0.00102519165375979,-0.00145900180572569,1.50365265197879e-05,0,0,-0.000290328745001866,-0.00036108301728866,-0.000332781205479131,-5.36008084971234e-05,0.657649395901656,-0.0380094225362522,0.614550302393814
184,"IT","Italy",184,"Italy","ITA",-0.0192812584170316,-0.0135341838809177,-0.0117272819348188,-0.000107573193997834,0,0,-0.00312733041412757,-0.00284669263584512,-0.000964799938121411,-7.47390182457164e-05,0.12974506455623,-0.0192672720775929,0.0588139346952054
185,"MC","Monaco",185,"Monaco","MCO",0.0451932301533414,0.0398594300859705,0.0350832363056373,-0.000224171240636907,0,0,0.0136101609353045,-0.00111736278446478,5.19506797983945e-05,4.28306910157935e-05,0.1423978765318,-0.102587987674526,0.172309201919228
186,"ME","Montenegro",186,"Montenegro","MNE",0.00721947576367281,0.00504188663304406,0.00359388154162576,0.00111558202369658,0,0,0.000617066702217491,-0.0267887773521858,-0.0015762259683058,0.00046639745524224,-0.284578016691559,0.141324145780662,-0.153564569740319
187,"HR","Croatia",187,"Croatia","HRV",-0.0393782518694512,-0.0244529813351656,-0.0324609559413941,-4.50659213047025e-06,0,0,-0.00236344685395708,0.000507374221755926,0.000129554458949754,-0.000828559499343772,-0.189470895432887,0.0049126776558011,-0.283409975072552
188,"SI","Slovenia",188,"Slovenia","SVN",-0.120609065071085,-0.0788203408157798,-0.102365094848078,-0.00194323116837584,0,0,-0.00626273944181689,-0.0469412684305761,-0.0142692462857223,0.0019372599157273,-0.0269932096899904,0,-0.39626692970414
189,"LT","Lithuania",189,"Lithuania","LTU",-0.00128887391465654,-0.00797738577832647,-0.00509771242685787,-0.000362662558508691,0,0,-0.00205561658831651,-0.00141397996380085,0.00460814471368408,0.00038302913530929,0.299713352246619,-0.00205354221302034,0.28445470524907
190,"QA","Qatar",190,"Qatar","QAT",-0.019072514820275,-0.0182292804369109,-0.0103314973189908,0.000509844509904626,-0.0010081656861439,-0.0304331338510021,-0.000379565054784267,0.00752638391449181,0.00158592202232272,0.00358434912942496,0.0391903281619713,0.0193922379526864,-0.00766508777494451
191,"IR","Iran",191,"Iran","IRN",-0.021612392972939,-0.0168269655584117,-0.00817779290363053,0.000112558480805317,-0.000375970327109035,-0.0482827849911129,-0.00158334450805786,-0.000585353284473532,-0.000470614360351353,0.00187174689054665,0.0596044240255473,-0.0142431449500874,-0.0505696345794667
192,"IQ","Iraq",192,"Iraq","IRQ",-0.0861053876992729,-0.0642473002067871,-0.0229481150616064,-0.00791415181399013,0.00214285718070136,-0.000132994429643279,-0.000238654362894724,-0.00605084015320598,-0.0206047524154251,0.00136531558301714,0.109159951988194,-0.193571383423275,-0.289145575463772
193,"GW","Guinea Bissau",193,"Guinea Bissau","GNB",-0.0126877554033165,-0.015035837643784,-0.0108666168515944,3.20634820711407e-07,0,-0.00377063467329519,-0.00267184137664871,1.62452724144139e-05,3.02448136393406e-05,0.000301677141223493,0.250359822590182,0.00503640858998022,0.210712031814633
194,"GN","Guinea",194,"Guinea","GIN",-0.00746774145976281,-0.0110222583446491,-0.00433402179131411,-6.15370802335408e-06,0,-0.00163976541237442,-0.000568413085685743,9.04122849569779e-05,0.000149098631836873,-8.29756114549115e-05,0.340371834844635,0.00305056967203401,0.318540583962989
195,"CI","Ivory Coast",195,"Ivory Coast","CIV",-0.0223458363317195,-0.012682282631558,-0.0166761395974961,5.90861605175388e-05,0.000286068094663334,-0.0268757993598401,-0.0045962349662921,-0.000300244718222025,1.21679656402208e-05,0.000216859024532904,0.820082209133414,0.0137536935428557,0.750933551749096
196,"NG","Nigeria",196,"Nigeria","NGA",0.00310480377156183,0.00327303272657069,0.00142019624674056,-0.000323785228700544,0.00612759674607733,0.0118993440096595,0.000365395767573244,-0.00138154374981077,-0.000181754226348643,0.000659942763190843,1.00426764785364,-0.0145505056151935,1.01468037793341
197,"CM","Cameroon",197,"Cameroon","CMR",-0.00934313211581948,-0.0203620117085202,-0.00574632304723264,-0.000240338632614675,0.00201461972421604,-0.00168167351043059,-0.000140881178824722,-0.00228233003607555,0.00193512244511336,-8.9605371888559e-06,0.876735464174727,-0.0559808270708651,0.784898710191982
198,"GA","Gabon",198,"Gabon","GAB",-0.00582415271025462,-0.00678960898648085,-0.00343497248187974,-1.26978961548532e-05,-0.000767654189104257,-0.00935948694759412,-0.000645090644246904,0.000194006751147118,4.69464183242135e-05,0.000405413142735103,0.798260275132962,0.0336207828092164,0.805693761706895
199,"CD","Democratic Republic of the Congo",199,"Democratic Republic of the Congo","COD",0.0388238809692363,0.0433476087035767,0.0117113423082628,-0.00311403768137097,-0.00208333333333333,0.0170573554986731,0.000201976498647127,0.0173359649860998,0.00774169989841387,0.00247739516198635,0.582664247804011,0.0156356401741505,0.731799774648001
200,"AO","Angola",200,"Angola","AGO",-0.00774428648163267,-0.0059957938122498,-0.00234115734299768,5.49839634361732e-05,0.00116654154305707,-0.000202877833814043,-0.000191105002864204,0.000158909920845467,3.62457945853476e-05,0.000540849657656349,0.812421535529127,-0.0198643204001417,0.778039526268742
201,"XD-NE-ST","Nigeria - Sao Tome and Principe",0,"Joint Regime","-",0.000321123903715779,0.000351021301003977,0.000423583209572063,0,0,0.0166912135575991,7.72146974267657e-05,0,0,0,1.15579559299712,-0.0192442780255888,1.15441548711442
202,"TZ","Tanzania",202,"Tanzania","TZA",-0.0214825897006059,-0.0323414194514749,-0.0104688924222828,-7.17143307754911e-05,0,-0.0107347684872489,-0.00193176768884923,0.000696619488350477,4.98053409758113e-05,0.000335085251755031,1.61827750205376,0.00914494236541588,1.55147279932068
203,"IN","India",203,"India","IND",-0.010941158490558,-0.00930418569101106,-0.00522001129797351,7.31741125467417e-05,1.57596675429882e-05,-0.00232041755378938,-0.00172057447764869,0.00214445336624626,-0.000172982372717595,-1.35275662271581e-05,0.615209356546201,0.00880276561311214,0.596552650718487
204,"BD","Bangladesh",204,"Bangladesh","BGD",-0.141199335690001,-0.160530049404605,-0.0454952593978202,-0.000102632313969658,0,-0.00167360708301697,-0.000663471481719153,0.00242074728783726,0.000701128789169679,0.000283166204602729,0.347658137290372,-0.0165621834853213,-0.0151633627040502
205,"MM","Myanmar",205,"Myanmar","MMR",-0.0220469063296361,-0.0191718838108715,-0.00855072941029065,4.07695769863428e-05,-2.8167956133103e-05,-0.000337477414609222,-0.000622655295904753,-0.000244358890395014,0.000420168047578255,0.000480049508425963,0.802477331289257,-0.00387045516611911,0.7485456804406
206,"MY","Malaysia",206,"Malaysia","MYS",-0.0912517479560604,-0.0821329922962463,-0.0412686330283018,-4.19984566156257e-05,0.000738007146836359,-0.00213018621990607,-0.00608800600018756,0.00441075978592988,0.00173192043784498,0.000784283639598377,0.734411744853401,-0.0100489697745474,0.509114186229301
207,"VN","Vietnam",207,"Vietnam","VNM",-0.0317981611884622,-0.0339385496774955,-0.0134322580706996,-3.85735621153274e-05,-3.40057137602367e-05,-0.0010651352969981,-0.00227426939841044,-0.000209393584687225,3.20717836235116e-05,0.000642157143518442,0.579286185623339,-0.00541774523843645,0.491752328587879
208,"SG","Singapore",208,"Singapore","SGP",-0.06806679934576,-0.0664177589911571,-0.0346387558389103,0.00331019399048149,0,-0.000134211553175511,-0.00124129865701119,-0.0153277391146148,0.0062181354464399,0.0101277499810152,0.445176653508125,0,0.279006119074671
209,"CN","China",209,"China","CHN",-0.0352643919498223,-0.0378550441555473,-0.0138658238262371,0.000344734476667394,-0.000154575077665383,-0.00143106030146527,-0.000424312407145711,0.00179313641858533,0.000147167770972565,-3.14291234234828e-05,0.107879943668332,0.0492054328112828,0.0703437770510352
210,"JP","Japan",210,"Japan","JPN",-0.00945188043182908,-0.00953395074773672,-0.00763439218459594,-0.000139274360026861,0,-0.000997575693555296,-0.00300557143028324,-0.000296304773991348,-9.81107325647404e-05,-0.000221332409339768,0.182165287411679,0.00205255115603127,0.15283944533485
211,"XD-JP-KP","Japan - Korea",0,"Joint Regime","-",-0.0252758107252131,-0.0178776216869703,-0.00826095414582005,0,0,0,-0.00146444285647152,0,0,0,0.096963668412362,0.100422524916933,0.144507363951677
212,"KI-G","Kiribati",212,"Kiribati","KIR",-0.00883003313766722,-0.00632794386568362,-0.0134568130593716,4.98158326444984e-07,0,-3.06510028429224e-05,-0.0173026407952178,0,0,-3.67449584130243e-05,-0.312587437317909,0.0214318641431322,-0.337139900602812
213,"AQ","Antarctica",213,"Antarctica","ATA",0.00145964364945909,-1.25954102229228e-05,0.00215948742448674,0,0,0,0.00173060634533078,0,0,0,0.0290391515226601,-0.015523875014313,0.0188524190230568
214,"EG","Egypt",214,"Egypt","EGY",-0.0770142780059853,-0.0911045034103874,-0.0258567676392268,-0.000112077095222694,-0.00049287525657053,-0.0283145213721485,-0.00211822734445791,0.000991375669343226,0.000104306937088365,0.000516439118311576,0.204615675921629,-0.0480390753384835,-0.0668245265088968
215,"JO","Jordan",215,"Jordan","JOR",0.0422705197618121,0.0398023996679556,0.0195958898535797,0.00633961586725144,0,0.00143270654869931,0.000553660369145551,0.00699665010685012,0.00278538063922453,0.00193639936901274,0.0432286478224255,0,0.164941851298014
216,"ID","Indonesia",216,"Indonesia","IDN",-0.012184121014117,-0.010799080113692,-0.00657702788757438,-3.8210860916321e-05,-1.27126028874026e-06,-0.000295847682870884,-0.00264312133281833,0.00115262914835536,0.000168390629987525,0.000325890946674188,0.991923319875218,0.0110164748526789,0.972048029029664
217,"XD-CN-JP","Conflict Zone",0,"Disputed","-",-0.0360992937303492,-0.0293747557539158,-0.0128110012498568,0,0,-0.0114063454639102,-0.00282486171108885,0,0,0,0.186476875518178,-0.0423642423106489,0.0515963766634776
218,"CA","Canada",218,"Canada","CAN",-0.0106011424282637,-0.00554386587044384,-0.00247526438740282,-5.0134520193329e-06,-8.43978588723556e-07,0,-0.00163636164636096,4.4422510379763e-05,2.54462491664701e-05,-1.79212530726681e-05,0.0318639384149901,-0.0226869384809701,-0.0110335447726013
219,"PM","Saint Pierre and Miquelon",179,"France","SPM",-0.0548004814969096,-0.043789203384592,-0.00930300959242905,-0.000111248808097614,0,0,-0.00460696319273115,1.19063289866039e-06,7.59183479191555e-08,-0.000325797282038052,0.118047974013472,-0.307692549126163,-0.302579997248963
220,"SX","Sint-Maarten",177,"Netherlands","SXM",-0.0936715122840809,-0.0820250354294752,-0.0286226105992279,-0.00109282092136495,0,0,-0.0148007478863065,0,0,-0.000106066362255585,0.253076196232469,0.0263753397499814,0.0591327627946761
221,"MF","Northern Saint-Martin",179,"France","MAF",-0.0788444598786935,-0.0739461428507294,-0.0267050912658351,-0.000170338098967328,0,-0.000387297363379862,-0.0107110246442273,0,0,0.000522152872307104,0.292385087588764,0.0226455901019019,0.12478846057165
222,"SE","Sweden",222,"Sweden","SWE",-0.0112564664415808,-0.0587647331087369,-0.039066823686586,-0.000168579854713206,0,0,-0.027926722292418,-0.00235031750504677,2.97415203074325e-05,0.00146269215636532,0.0988319942200869,-0.062427560031039,-0.101636773512923
223,"NO","Norway",223,"Norway","NOR",-0.0187181479150787,-0.0155613882681876,-0.00760288622886928,0.000647198208312224,-9.93566413342474e-05,0,-0.0107312694424824,0.000193482571878498,4.74781556445109e-06,0.000254877007929426,-0.0535682886605606,0.0191314491182469,-0.0860495829787657
224,"CL","Chile",224,"Chile","CHL",-0.00648519838330139,-0.0138367229922723,-0.0201374257235681,1.13253930923114e-06,-1.52007794959726e-07,-1.06637518015992e-05,-0.000499544823738987,5.93059124060018e-05,6.70266931420352e-05,-0.000888322319489845,0.567697456810184,0.0107646510283264,0.536731536180889
225,"CL-XEA","Easter Island",224,"Chile","CHL",0.0140985788617349,0.00895273564432121,0.00951480702823664,3.56632801978257e-07,0,0,0.0118955491171098,7.7769583116413e-06,2.76646460232766e-06,9.5537509234015e-07,-0.108505605838115,0.00655370666445194,-0.0574783762200761
226,"XD-JP-KR","Japan - South Korea Conflict Zone",0,"Disputed","-",-0.0170820997503661,-0.0109226471706538,-0.00699225490087756,-1.01978439147213e-05,0,0,-0.00076575768007926,0,0,0,0.071286984083116,0.00183116039508976,0.0373451854865335
227,"JE","Jersey",180,"United Kingdom","JEY",-0.0488347826491543,-0.0410666530595134,-0.018460159489098,-0.00017306865420704,0,0,-0.000650557067126429,-0.00114244828674961,-1.71550016824731e-06,4.37718580664082e-05,0.195556669575577,-0.0328397682100166,0.052431283414399
228,"GG","Guernsey",180,"United Kingdom","GGY",-0.0602873953016706,-0.0572092778365794,-0.0258274263543061,-0.000324317613520103,0,0,-0.0100986792335085,0.000148805200376568,1.53169388019001e-05,3.84947405002728e-05,0.201751005793127,-0.0995753746227092,-0.0513688369730986
231,"TL","East Timor",231,"East Timor","TLS",-0.0160682377167588,-0.0135328627074578,-0.0077991204187375,6.14721136606981e-05,0,-0.000298936224425659,-0.00107010237597516,0.000431099078209333,2.68821568258174e-05,3.64564559936122e-05,1.38507929047479,0.0478343931764178,1.39470032866162
232,"BA","Bosnia and Herzegovina",232,"Bosnia and Herzegovina","BIH",-0.00283967610448599,-0.00335191562771797,-0.00662055984139442,0.0349622275680304,0,0,0,-0.0409218867619832,-0.012723831149439,-0.0246441066265106,0.0176098942756653,0.0942174767454465,0.0556877056757609
237,"TL-OE","Oecussi Ambeno",231,"East Timor","TLS",-0.0475942912458268,-0.0472466189650332,-0.0252027849031978,4.63109269127872e-05,0,-0.000863225836979932,-0.00232118692276409,0.00568351412325992,0.000311306422357259,0.00171150198606472,1.66761714841888,-0.394400258912738,1.15774141793273
238,"XD-AU-TL","Australia - East Timor",0,"Joint Development","-",-0.00368209319600174,-0.00197102108159218,-0.00108240732467538,0,-0.000112141148325359,-0.000151976363034037,-0.000117911389090725,0,0,0,1.29477204020808,0.0411611884985375,1.32881568014175
239,"XD-AU-PG","Australia - Papua New Guinea",0,"Australia - Papua New Guinea","-",-0.000891153129867564,-0.000614555879644574,-0.000438008687057401,-5.28079041739233e-05,0,-5.47760453781376e-07,-1.59743932193481e-05,-0.00294127707489596,-0.00010444767854585,-0.000490859343057214,0.052180459198374,0.00499117535208843,0.0516220031123674
240,"XD-CL-PE","Chile/Peru",0,"Disputed","-",-0.00218539059629049,-0.00734556562341197,-0.0160904394753243,0,0,-0.000205113991890708,-0.000660083856586952,7.25145847384351e-05,9.48638555504095e-06,3.06134714597664e-07,0.620609744971924,-0.0172071062229878,0.576998343442303
244,"CW","Curaao",177,"Netherlands","CW",-0.0284102923089145,-0.0105864763920082,-0.016340914931065,-8.35838634904008e-05,0,0,-0.00322838952508971,0,0,-2.30899822519814e-05,0.286677323960097,0.0246185432267256,0.252623115415988
245,"BQ-BO","Bonaire",177,"Netherlands","BQ",-0.0676315059992887,-0.0148753655219131,-0.0262956852144051,-0.000137823216170453,0,0,-0.00273163721502563,0,0,-0.000303987430288663,0.277970998500242,-0.00652256042117672,0.159472452364519
247,"BN","Brunei",237,"Brunei","BRN",-0.060273592127949,-0.0435612299454694,-0.0278161813050603,-9.17060555471869e-05,0.00216999636543991,-0.00441103212736862,-0.00992142712129688,0.000505728153981969,0.000119382047330045,-0.0001857345235612,0.502358514410314,-0.00667676757807019,0.352215950695882
248,"BQ-SA","Saba",177,"Netherlands","BES",-0.0362514760369259,-0.0287738337767255,-0.0160396519666467,-8.10962104943243e-05,0,-0.0121469223231972,-0.00395166108243588,0,0,-3.98965651350739e-05,0.293733570543406,0.0436281986963169,0.240077222504098
249,"BQ-SE","Sint-Eustasius",177,"Netherlands","ANT",-0.0283523639865254,-0.0248914274603488,-0.0159867347191632,-0.000378331431952976,0,-0.00101089494903933,-0.00905912705902307,-3.28376628604246e-05,1.8956315231424e-05,-0.000414398578225801,0.325401530139592,0.0302949228167023,0.2755893084176
250,"AW","Aruba",177,"Netherlands","AW",-0.031665665047031,-0.0147926901742296,-0.0228528938987588,-0.000114500829705726,0,0,-0.00361894664325407,7.6140111732951e-07,4.98226824418571e-08,0.000297618095315324,0.286702850008995,0.0135510104927299,0.227507599123087
251,"XD-AU-ID","Australia/Indonesia",0,"Australia/Indonesia","-",-0.0125633171045568,-0.00623585825915911,-0.00377677028847152,0,9.72384256355807e-05,-0.000394964375170846,-0.00181707005289519,0,0,0,1.18636956123917,0.000839053328109864,1.16251787347658
252,"XD-EG-SD","Egypt",0,"Egypt","",-0.105968136939694,-0.0958728751867553,-0.034679532033111,-2.21665161723725e-05,0,-0.00290114292652428,-5.99574006456787e-05,0.00109884676394104,3.05614954302165e-05,0.00168470879359852,0.245973298091556,0.0925912241164411,0.101874820267265
