"ECO_CODE","ECOREGION","PROV_CODE","PROVINCE","RLM_CODE","REALM","ALT_CODE","ECO_CODE_X","Lat_Zone","demersal_destructive_fishing_combo_2013_minus_2008","demersal_nondest_high_bycatch_combo_2013_minus_2008","demersal_nondest_low_bycatch_combo_2013_minus_2008","night_lights_combo_2013_minus_2008","oil_rigs_combo_2013_minus_2008","pelagic_high_bycatch_combo_2013_minus_2008","pelagic_low_bycatch_combo_2013_minus_2008","plumes_fert_combo_2013_minus_2008","plumes_pest_combo_2013_minus_2008","population_combo_2013_minus_2008","sst_combo_2013_minus_2008","uv_combo_2013_minus_2008","global_cumul_impact_2013_minus_2008"
20001,"North Greenland",1,"Arctic",1,"Arctic",8,1,"Polar",-0.00451960990385882,-0.000512131695291178,-0.000119602141307494,0,0,0,0,8.4637465209138e-06,5.50726262569265e-07,-7.3843886426104e-07,-0.0139055435515125,-0.000704131360838158,-0.0197527433915268
20002,"North and East Iceland",1,"Arctic",1,"Arctic",10,2,"Polar",-0.0539316023371738,-0.0282438966425936,-0.0275183922867631,2.46697637902114e-05,0,0,-0.0103122968344039,-1.19787611438068e-05,-2.51352097250255e-08,-1.45477270994125e-05,-0.0884608495690706,0.0144814345068316,-0.193987483573266
20003,"East Greenland Shelf",1,"Arctic",1,"Arctic",7,3,"Polar",-0.00987589625384576,-0.00500758699753226,-0.00546258422375419,2.31638666103121e-06,0,0,-0.000359755795947333,0,0,0.000164019618122544,-0.130652732463819,0.0237343108477827,-0.127457908938844
20004,"West Greenland Shelf",1,"Arctic",1,"Arctic",9,4,"Polar",-0.0211422282668451,-0.0053085003429478,-0.000547048687355553,2.27436535105359e-05,0,0,-4.9860637235047e-06,0,0,0.000214417223212786,0.0312875264250195,0.00411107927641975,0.00863300535553992
20005,"Northern Grand Banks - Southern Labrador",1,"Arctic",1,"Arctic",5,5,"Polar",-0.0265661959630494,-0.0153811124857822,-0.00435171068026229,6.00231659929513e-05,0,0,-0.00286131982307667,0.000113400237059882,1.72738398119178e-05,-0.000132570926142669,0.101891928393132,-0.0387085709157145,0.0140811459398079
20006,"Northern Labrador",1,"Arctic",1,"Arctic",6,6,"Polar",-0.0176911553042938,-0.00179921537840591,-0.00172647291275383,1.95777732999508e-05,0,0,-0.00138507135136181,0.000171349240595096,7.80463401579683e-06,-2.22593455790667e-06,0.0723129073747923,0.0121399479392178,0.0620474452668395
20008,"Hudson Complex",1,"Arctic",1,"Arctic",3,8,"Polar",-4.32182035025384e-05,-4.27290522345939e-06,-1.12299741673219e-06,1.28604526538777e-05,0,0,-6.88878564592605e-08,3.39653764244436e-05,1.79315316809458e-05,3.91733553240988e-05,0.08125206020276,-0.014793889922925,0.0665134163113744
20011,"Beaufort-Amundsen-Viscount Melville-Queen Maud",1,"Arctic",1,"Arctic",19,11,"Polar",-7.84477322366206e-06,-1.3847264598205e-06,0,2.55856781266101e-06,0,0,0,3.84091730317164e-05,2.11655386359879e-06,2.40322803930665e-05,0.0163384689787881,-0.0143954541945659,0.0020009016696784
20012,"Beaufort Sea - continental coast and shelf",1,"Arctic",1,"Arctic",18,12,"Polar",-4.07290745477077e-06,-6.70379424640876e-07,0,1.40508514097425e-05,-1.69643577125112e-07,0,0,0.000296807288007502,2.93937737562473e-05,-4.68108379243817e-05,0.0529377771973358,-0.0794055655846838,-0.0261792605280104
20013,"Chukchi Sea",1,"Arctic",1,"Arctic",16,13,"Polar",-3.08551016123699e-05,-6.36159994824918e-06,-3.34804462112699e-08,-3.74272123136906e-06,0,0,0,0.000319941340370505,1.85131730500268e-05,1.17188131982462e-05,-0.014086515623086,0.0590205004382811,0.0452431689664083
20015,"East Siberian Sea",1,"Arctic",1,"Arctic",15,15,"Polar",-8.90016344180451e-06,-1.94616554056226e-06,0,-2.71067386583987e-06,0,0,0,2.05634959117339e-06,1.43938842544661e-08,-6.06325439377065e-05,-0.118896052812818,0.028503380170701,-0.0904647919411852
20016,"Laptev Sea",1,"Arctic",1,"Arctic",14,16,"Polar",0,0,0,1.42649462888953e-06,0,0,0,7.82503167291098e-06,2.31951805633493e-06,-0.000357755858224605,-0.0136345493580367,0.0070955000973713,-0.00688523435378224
20017,"Kara Sea",1,"Arctic",1,"Arctic",13,17,"Polar",-9.64150453699107e-05,-2.37397097420211e-07,-3.24962491961117e-05,1.37241961394401e-05,6.96609178161639e-08,0,0,9.62056114793266e-06,7.84839051330969e-06,-0.000212500961500486,-0.0595954877631337,-0.00429837796587793,-0.0642042522506461
20018,"North and East Barents Sea",1,"Arctic",1,"Arctic",11,18,"Polar",-0.0503117974762382,-0.0420177285796311,-0.0126195519869975,2.90833112852233e-06,0,0,-0.000987616442227249,2.30358048162512e-06,4.84560329126649e-07,2.19811728040613e-05,-0.0453704031529738,0.000253165341896632,-0.151026255765112
20019,"White Sea",1,"Arctic",1,"Arctic",12,19,"Polar",-0.0111684864603796,-0.021645006995512,-0.0090210248665626,2.87016144233799e-05,0,0,-0.000345344740883511,0.000203564418229703,8.07024738125031e-06,0.000689758310246692,0.00152719648954262,0.0320832910296432,-0.00763927972622344
20020,"South and West Iceland",2,"Northern European Seas",2,"Temperate Northern Atlantic",27,20,"Temperate",-0.0666894333849859,-0.040038393199255,-0.0254457714576391,2.34686092939579e-05,0,0,-0.0129698512289919,3.40537345108072e-05,2.31033816650865e-07,-0.000230896683132163,0.0987864070517265,-0.0741171058773084,-0.120647289724773
20021,"Faroe Plateau",2,"Northern European Seas",2,"Temperate Northern Atlantic",31,21,"Temperate",-0.11540984412569,-0.0491762705168029,-0.0236335563126745,0.000143934408528177,0,0,-0.0361650011558682,0,0,2.20110113684899e-05,-0.0577157199328598,-0.0258615002615331,-0.307795947532122
20022,"Southern Norway",2,"Northern European Seas",2,"Temperate Northern Atlantic",33,22,"Temperate",-0.0250063887412255,-0.0244087266984468,-0.0108089293321012,0.00123720723266033,-0.000144086654878266,0,-0.0158427517119466,0.00109816606774924,3.69376077987339e-05,0.000355731349656433,0.00850623867055608,0.0193798172263214,-0.0455967834488347
20023,"Northern Norway and Finnmark",2,"Northern European Seas",2,"Temperate Northern Atlantic",28,23,"Temperate",-0.0232969239013468,-0.0220076382686217,-0.00988003382675813,0.00102721175806478,0,0,-0.0111695047111868,-0.000210909511688882,-1.50757492385875e-06,0.000294588180432665,-0.0128502441111271,0.00256709897144298,-0.0755278642127204
20024,"Baltic Sea",2,"Northern European Seas",2,"Temperate Northern Atlantic",29,24,"Temperate",-0.00223788012891413,-0.0147711560748,-0.00991221979067521,6.65200270636213e-05,0,0,-0.00567305520494094,-0.000169523521597821,0.000249000391796648,9.85244721345229e-05,0.0319413969493268,-0.0128007483105845,-0.0132091411908719
20025,"North Sea",2,"Northern European Seas",2,"Temperate Northern Atlantic",32,25,"Temperate",-0.0397538324586697,-0.0298469523864372,-0.0146980653509094,-8.87644376518949e-05,-8.23837584324233e-05,0,-0.0120829788832981,-0.00061503583987828,8.23786304121363e-05,0.000128310615296828,0.0139078080921738,0.00176290327732198,-0.0812866111993987
20026,"Celtic Seas",2,"Northern European Seas",2,"Temperate Northern Atlantic",30,26,"Temperate",-0.0516570841824282,-0.0287788651915825,-0.0125932582893643,-0.000120275850633881,0,0,-0.0124749780114106,0.00134371208680043,0.000119137339087037,-6.14505667921703e-05,0.0573875589933946,-0.0132735726640586,-0.060109076810797
20027,"South European Atlantic Shelf",3,"Lusitanian",2,"Temperate Northern Atlantic",40,27,"Temperate",-0.00699707681100698,-0.0050011459294625,-0.00381421057045052,-3.11710480284205e-05,0,0,-0.00213238094676748,-0.00064477855372136,-0.000231373638422745,2.90293183884107e-05,0.401106502516571,-0.00857219420504297,0.373711201592531
20028,"Saharan Upwelling",3,"Lusitanian",2,"Temperate Northern Atlantic",38,28,"Temperate",0.000167180627590752,0.000621316037010501,-1.20042687981657e-05,-7.54388488564394e-06,0,2.93742455462412e-05,1.42561844136648e-05,-0.000341695412312607,-0.000379421481546409,-1.52946152853296e-05,0.17052468811274,0.00805297751791455,0.1786538327776
20029,"Azores Canaries Madeira",3,"Lusitanian",2,"Temperate Northern Atlantic",36,29,"Temperate",-0.00102655080085068,-0.000355539675168728,-0.000675124706333774,-9.32549883583786e-06,0,-4.96711503066832e-06,-0.00032643045735931,-0.000215934621166095,-2.5022851139304e-05,1.25659241086961e-05,0.109346147234178,0.0134445863199725,0.120164403664056
20030,"Adriatic Sea",4,"Mediterranean Sea",2,"Temperate Northern Atlantic",0,30,"Temperate",-0.0137269212151266,-0.0081249392627099,-0.00926730336948443,-2.72669965563344e-05,0,0,-0.000704865141676197,-0.00233180228647885,-0.000641054817225763,-0.000121558867030147,-0.0785445609864995,-0.0114295008231047,-0.124919770863933
20037,"Gulf of St. Lawrence - Eastern Scotian Shelf",5,"Cold Temperate Northwest Atlantic",2,"Temperate Northern Atlantic",23,37,"Temperate",-0.00932033841201751,-0.00855327448792769,-0.00350208097949825,-6.53900459594056e-05,0,0,-0.00268057969304134,-7.82333847380362e-05,4.70394762449521e-05,-8.9815910329433e-05,0.102874493112512,-0.00201474347046832,0.0766170760871721
20038,"Southern Grand Banks - South Newfoundland",5,"Cold Temperate Northwest Atlantic",2,"Temperate Northern Atlantic",25,38,"Temperate",-0.035635385109982,-0.019463993210647,-0.00721090999232113,-5.04273575659529e-06,-1.28714284711317e-05,0,-0.00340631989401505,0.000445995228221777,3.11506143979867e-05,-5.94266261409326e-05,0.336768303047373,-0.0699512838936653,0.20150021674338
20039,"Scotian Shelf",5,"Cold Temperate Northwest Atlantic",2,"Temperate Northern Atlantic",24,39,"Temperate",-0.0178083352460747,-0.0122178979993882,-0.00708341422458697,-0.000225201887958356,0,0,-0.00749271382092163,-0.000325563102480837,-9.29555759986533e-06,-2.80629544892321e-05,0.00282215811434237,-0.0211215766019281,-0.0634899017443455
20041,"Virginian",5,"Cold Temperate Northwest Atlantic",2,"Temperate Northern Atlantic",26,41,"Temperate",-0.00896637251486631,-0.0039418609557924,-0.00272730219027326,-0.000284891585297843,0,0,-0.000543848502902777,-0.000407964459910785,-6.73903154566961e-05,-0.000256284139756588,0.112406081990517,0.0023265007191475,0.0975366679479566
20043,"Northern Gulf of Mexico",6,"Warm Temperate Northwest Atlantic",2,"Temperate Northern Atlantic",20,43,"Temperate",-0.00481605251430469,-0.00198404251723006,-0.00347376790266322,-4.37603200755722e-05,7.15156239330325e-06,-0.00041296569956012,-4.01863095093306e-05,-0.000247059595990865,4.55940644443086e-05,-4.54835125471194e-05,0.0498063731545151,-0.00231062196830339,0.0364851782801886
20044,"Black Sea",7,"Black Sea",2,"Temperate Northern Atlantic",41,44,"Temperate",-0.00747197875678718,-0.00642592333125811,-0.0179477494309786,2.29823848976831e-05,-3.55073782429808e-05,-6.30275530087878e-05,-0.00196216132938329,0.000853417733101078,0.000642199078782371,-8.21345741982406e-05,0.0806095079114413,-0.00433175465506771,0.0438078698090722
20045,"Sea of Okhotsk",8,"Cold Temperate Northwest Pacific",3,"Temperate Northern Pacific",48,45,"Temperate",0.0271438479977555,0.00803864895127069,0.00807994194292687,2.90369939706719e-05,-6.52032841870102e-06,0,-9.73807477695097e-06,5.36881765197332e-05,-1.45583200158047e-05,7.14159134878102e-05,0.0921210966414406,0.017943057904924,0.153449918686392
20047,"Oyashio Current",8,"Cold Temperate Northwest Pacific",3,"Temperate Northern Pacific",46,47,"Temperate",0.0106532717205602,0.0025910138898419,0.00438484589142955,-2.58919868666303e-05,0,0,-0.000313213195372727,0.000144454754494449,-2.30366823680541e-06,-4.8086910160427e-05,0.59377498714734,0.0313886829804058,0.642547758942865
20048,"Northeastern Honshu",8,"Cold Temperate Northwest Pacific",3,"Temperate Northern Pacific",45,48,"Temperate",-0.0100701305071631,-0.00772132920928933,-0.00848934866903151,-0.000126828955054809,0,0,-0.00179124512301774,-0.000899805619545722,-0.000433965776943648,-0.0005610078279023,0.0702386809863148,-0.0063640828199732,0.0337809367397982
20049,"Sea of Japan/East Sea",8,"Cold Temperate Northwest Pacific",3,"Temperate Northern Pacific",47,49,"Temperate",-0.00203175159126041,-0.00317071355490864,-0.00055803896168866,-8.77863920668884e-05,0,0,-0.000344997121568079,-0.000244584640567461,-6.70766588794704e-05,-6.93432664292443e-05,0.0313922508384388,-0.00665790027509035,0.0181600583464492
20050,"Yellow Sea",8,"Cold Temperate Northwest Pacific",3,"Temperate Northern Pacific",49,50,"Temperate",-0.00923419320366663,-0.0108036914566834,-0.00444488886020693,8.90344054128521e-05,-4.00695700476607e-05,0,-0.000137597826399665,0.000543785844573094,0.000202959359166291,-4.60849128326015e-05,0.0141996896595421,0.0211000298191001,0.0114289742094061
20051,"Central Kuroshio Current",9,"Warm Temperate Northwest Pacific",3,"Temperate Northern Pacific",42,51,"Temperate",-0.0102021977138874,-0.00904594053661887,-0.00905167293198208,-0.000230178728155935,0,-1.97431379062521e-06,-0.00195331651892221,-0.000406402061093089,-8.47045165038311e-05,-0.000464865491251613,0.0116911143563399,-0.00806342115073366,-0.0278135608102533
20052,"East China Sea",9,"Warm Temperate Northwest Pacific",3,"Temperate Northern Pacific",43,52,"Temperate",-0.0187300624022885,-0.0170207851543711,-0.00685246888879828,5.81085801243078e-05,-2.38370895590338e-06,-0.00129096853377423,-0.000763752986770044,0.000578725681356296,0.00011796460245108,-8.72012780610102e-05,0.0539762628625319,0.0207431238349234,0.0307265617602574
20053,"Aleutian Islands",10,"Cold Temperate Northeast Pacific",3,"Temperate Northern Pacific",50,53,"Temperate",-0.00767572454301084,-0.00159233106276999,-0.00298478125245122,3.96303204596422e-06,0,0,-0.000117536780600931,2.43987002801144e-05,2.25159180312482e-06,0.000138190499604557,-0.130625930207086,-0.0338643307198032,-0.17669183356469
20054,"Gulf of Alaska",10,"Cold Temperate Northeast Pacific",3,"Temperate Northern Pacific",51,54,"Temperate",-0.0154540071138843,-0.00291172052135927,-0.00483884116341709,2.81513069526369e-05,-3.10666071686589e-06,0,-0.000125794189423644,-0.000175263717724133,-6.57431426576973e-06,-6.91801050247595e-05,-0.494323659265778,0.0206766678484686,-0.497203331047718
20060,"Cortezian",11,"Warm Temperate Northeast Pacific",3,"Temperate Northern Pacific",56,60,"Temperate",-0.000750583354637747,-0.000137318712027228,-0.000818998780938014,9.68523970688763e-06,0,-3.69336782946441e-05,-5.04884781765652e-05,3.57847920935473e-05,0.000651554004025251,0.000255250420987747,0.0988750586964517,-0.00245131669155074,0.0955816938554725
20061,"Magdalena Transition",11,"Warm Temperate Northeast Pacific",3,"Temperate Northern Pacific",57,61,"Temperate",-0.00098876005450036,-0.000401989546421176,-0.00213897321488275,1.41725909465351e-05,0,-0.000354801970623779,-0.000161360716907926,0.000801812575605444,0.000395290480181107,0.000126254364163305,0.792469632864555,-0.00847875639448548,0.781282517712801
20062,"Bermuda",12,"Tropical Northwestern Atlantic",4,"Tropical Atlantic",67,62,"Tropical",-0.000150777277456539,-0.000168218432400824,-0.000491369133094426,-2.61967139104537e-06,0,-4.38550856289027e-05,-0.000242697135265624,0,0,2.62315437102844e-06,-0.358262848477675,-0.0136369479063303,-0.372996711064386
20063,"Bahamian",12,"Tropical Northwestern Atlantic",4,"Tropical Atlantic",66,63,"Tropical",-0.00532502027284137,-0.00770901142276907,-0.00269199185074209,-5.00646682016052e-05,0,-0.00145875018583784,-0.000590353842125735,-0.00146161461027813,-0.000119163041647568,0.000146862208483229,0.0727497221164299,0.0546160139570687,0.108106627913079
20064,"Eastern Caribbean",12,"Tropical Northwestern Atlantic",4,"Tropical Atlantic",68,64,"Tropical",-0.00399352334619962,-0.00463576730374426,-0.00359895946118474,-7.15582594911981e-05,0,-0.00108432775739314,-0.00167162137956288,-4.86734795476564e-05,-4.22110195089975e-06,9.79959499756174e-05,0.262381876283286,0.0348904154836566,0.28226163679147
20065,"Greater Antilles",12,"Tropical Northwestern Atlantic",4,"Tropical Atlantic",70,65,"Tropical",-0.00967481036435733,-0.00726058288111471,-0.0040598563582743,-9.34509929984613e-05,0,-0.00282840434896661,-0.000476894036918222,0.000484421577385789,0.000273529539762618,-0.000113721531945486,0.360275052787153,0.0516684968521292,0.388193779494886
20066,"Southern Caribbean",12,"Tropical Northwestern Atlantic",4,"Tropical Atlantic",71,66,"Tropical",-0.0152507825578619,-0.00595491941719767,-0.0126731850613388,-4.23510989971626e-05,1.5042546655646e-05,-0.000234280886527435,-0.000987848425191913,0.00118081340057082,0.000202841860989021,0.000191425533071155,0.171632423748412,0.00418118683396021,0.142260365736231
20067,"Southwestern Caribbean",12,"Tropical Northwestern Atlantic",4,"Tropical Atlantic",73,67,"Tropical",-0.00195229776341785,-0.00234148227531032,-0.000882559136505297,-1.73743243934993e-05,0,5.23160681398668e-05,-2.11526545903616e-05,-0.000187155336769083,-0.000123396583735984,5.9233095283855e-05,0.252131987922896,-0.00118424235493671,0.245533876720195
20068,"Western Caribbean",12,"Tropical Northwestern Atlantic",4,"Tropical Atlantic",74,68,"Tropical",-0.00381907574960385,-0.0023976632203848,-0.00113278156008007,-8.5209103869458e-06,0,-0.00114604201052116,-5.20832180526005e-05,-0.000384793120797456,0.000645223731524312,0.00043931163370861,0.255707274304076,0.0279641102654894,0.275814960710193
20069,"Southern Gulf of Mexico",12,"Tropical Northwestern Atlantic",4,"Tropical Atlantic",72,69,"Tropical",-0.00196663923052182,-0.00144579714989766,-0.00108340076382009,-1.38204446285076e-05,1.11991891497505e-05,-0.00120207545431867,-0.000124583521101186,-0.000669831245990568,0.000498296611431974,6.46232016491796e-05,0.109795262163918,0.0140586616994844,0.117921894842744
20070,"Floridian",12,"Tropical Northwestern Atlantic",4,"Tropical Atlantic",69,70,"Tropical",-0.0140424397017516,-0.00830034966435702,-0.00473191724556851,-0.000166772257677581,0,-0.0012856872799691,-8.42448665916008e-05,0.000414244303693905,0.000126395119331022,-0.000636529821115212,0.0951740447931443,-0.00389638986039169,0.062570353591176
20071,"Guianan",13,"North Brazil Shelf",4,"Tropical Atlantic",65,71,"Tropical",-0.00909472717875661,-0.00364942114866934,-0.00340025767556636,6.00328730573018e-06,-2.73688527725714e-06,-0.00175725421906374,-0.000135517786142316,0.000654172222819776,3.46210864731387e-05,2.16744078893082e-05,0.120775189065586,-0.000672996560500026,0.102778748876965
20072,"Amazonia",13,"North Brazil Shelf",4,"Tropical Atlantic",64,72,"Tropical",0.0011350799368474,0.000792444706856904,0.000392938748026144,1.21889252472973e-05,0,0.000763353968940608,6.50349915239549e-05,4.35037327260423e-05,2.34414456899693e-06,-6.91289421472742e-05,0.125672325214293,0.00432678753130054,0.133136871754858
20073,"Sao Pedro and Sao Paulo Islands",14,"Tropical Southwestern Atlantic",4,"Tropical Atlantic",62,73,"Tropical",-0.000572478149892761,-0.000132933647663389,-0.000190667963491379,0,0,0,-0.000193757638926069,0,0,0,1.00172730142217,0.00520287237964916,1.00584032867172
20074,"Fernando de Naronha and Atoll das Rocas",14,"Tropical Southwestern Atlantic",4,"Tropical Atlantic",60,74,"Tropical",0.000311560797226734,0.000359924122443169,0.000277282035310012,-3.39585445578455e-06,0,0.00245582876266906,0.000278853028167089,0,0,0.00014406269646117,1.22628896611024,0.00736684808556453,1.23747991782206
20075,"Northeastern Brazil",14,"Tropical Southwestern Atlantic",4,"Tropical Atlantic",61,75,"Tropical",0.00161884486363422,0.000923870035090417,0.000614266562447979,3.39838327881611e-06,1.46338942065282e-05,0.00205921903125181,0.00021960446544736,0.000763295322870339,0.000137218939904644,0.000131894191030778,0.669997701404682,-0.0103636973751518,0.666120248148843
20076,"Eastern Brazil",14,"Tropical Southwestern Atlantic",4,"Tropical Atlantic",59,76,"Tropical",-0.00275354400544472,-0.000948431966720209,-0.00128073263056077,3.58957945131074e-05,0.000400029313347561,-0.00398723122169548,-0.000870038373095452,0.000301668913795337,-2.85163802767984e-05,7.87558652127318e-05,0.369245410046631,0.0125826085257954,0.372775872756792
20077,"Trindade and Martin Vaz Islands",14,"Tropical Southwestern Atlantic",4,"Tropical Atlantic",63,77,"Tropical",-0.00177381997089386,-0.00113341973369825,-0.00117043335473783,0,0,-0.00381100357576641,-0.00153028770233655,0,0,0,0.674514164489765,0.00142188954045104,0.666517091081784
20078,"St. Helena and Ascension Islands",15,"St. Helena and Ascension Islands",4,"Tropical Atlantic",82,78,"Tropical",-6.52112802993832e-05,-1.70587656054852e-05,-0.000251211800671956,-3.61242425668491e-06,0,-1.34017462350111e-05,-0.000200469005905688,0,0,3.30167544965405e-06,1.22884159869618,-0.0134889165024999,1.21480501599535
20079,"Cape Verde",16,"West African Transition",4,"Tropical Atlantic",75,79,"Tropical",-0.00122444023484223,-0.000491515219872938,-0.00275325276810056,-7.68413256604506e-06,0,0,-0.00311819667410344,8.54861365651416e-06,-1.27115535798361e-06,6.20917356534058e-06,0.214130095610507,0.0149478424179049,0.221496334350051
20082,"Gulf of Guinea Upwelling",17,"Gulf of Guinea",4,"Tropical Atlantic",80,82,"Tropical",-0.00752223063856855,-0.00443240527615448,-0.00586862498911227,1.28879657114199e-05,7.53058819495758e-05,-0.0141759160819367,-0.0016016645446736,0.000172190877613888,3.64275514022514e-05,7.59234563502905e-05,0.543070615616384,0.00208893266755976,0.511931446776125
20083,"Gulf of Guinea Central",17,"Gulf of Guinea",4,"Tropical Atlantic",77,83,"Tropical",-0.00013156995416862,-0.000181580540425056,-0.000196752136950748,-2.07980426322926e-05,0.00118146703012097,0.00067604503140967,1.19095090287109e-05,-0.000154325422589487,1.71723886380634e-05,0.000144186144920454,0.31006117781715,-0.00469506491483635,0.306711867844476
20084,"Gulf of Guinea Islands",17,"Gulf of Guinea",4,"Tropical Atlantic",78,84,"Tropical",0.000169742510886176,0.000128243227549018,8.91113583747115e-05,-2.89804319077942e-06,0,0.00309082804444976,-3.69503038971751e-05,-3.65465463187178e-05,-7.44850981420009e-06,-2.98095187214814e-05,1.03356797833521,-0.00868481080129869,1.02824743629363
20087,"Northern and Central Red Sea",18,"Red Sea and Gulf of Aden",5,"Western Indo-Pacific",97,87,"Tropical",-0.014957169325148,-0.0115619808570969,-0.0047870144416367,-9.48078477575093e-07,-0.000101520089733883,-0.000255057793056635,-5.11992231536622e-05,-0.000197576421795584,-2.01583257172457e-05,0.000193357766908547,0.0464958029317351,0.00427858646706966,0.0190351224983995
20088,"Southern Red Sea",18,"Red Sea and Gulf of Aden",5,"Western Indo-Pacific",98,88,"Tropical",-0.00209191693811244,-0.00145946507349544,-0.000927511153946349,6.14568644640052e-05,0,-8.24240035277974e-06,-4.1202329394358e-05,-0.000168340308719297,-0.000141682884443794,-0.000294933008643979,-0.00589301666387608,-0.00444642525470417,-0.0154112784559702
20089,"Gulf of Aden",18,"Red Sea and Gulf of Aden",5,"Western Indo-Pacific",96,89,"Tropical",-0.00278896669299834,-0.000890940973738401,-0.000950542808475298,2.5060606580241e-05,0,-0.00175503603053188,-0.00055495017435976,0.000173245033801286,-1.97597170996824e-05,0.000396679783089603,0.244642148047441,-0.0178488259739527,0.220428109266787
20090,"Arabian (Persian) Gulf",19,"Somali/Arabian",5,"Western Indo-Pacific",92,90,"Tropical",-0.006024131688563,-0.00573027489993635,-0.0030658163091977,1.95173028710626e-05,-0.000125687105831953,-0.00742085970219464,-0.000190825964858372,-3.09154407372965e-05,-6.35710395069027e-05,0.000388714966275472,0.00595058943574982,0.00145771687784175,-0.0148355435534065
20091,"Gulf of Oman",19,"Somali/Arabian",5,"Western Indo-Pacific",94,91,"Tropical",-0.00779587265151403,-0.00438593415592551,-0.00264704752081758,2.28205513792382e-05,-9.4004964942884e-06,-0.00534411263239518,-0.000501325082321813,-0.000194750466461089,-2.8495507865376e-05,0.000162139610969741,0.0934584015359484,-0.00058929416887609,0.0721471297955251
20092,"Western Arabian Sea",19,"Somali/Arabian",5,"Western Indo-Pacific",95,92,"Tropical",-0.000981879267075924,-0.000444568717253764,-0.000588628202018477,4.08079507389742e-05,0,-8.90622032822707e-05,-0.000245654873885083,-3.1452600127682e-05,-3.61770114367375e-05,0.000277381884103311,0.180793474115919,-0.0256240033054654,0.153070238508414
20093,"Central Somali Coast",19,"Somali/Arabian",5,"Western Indo-Pacific",93,93,"Tropical",-0.00327593794424806,-0.00129487831379089,-0.0010531445457855,-2.89085945808701e-07,0,-0.000202432151194088,-0.000935850377527106,0,0,0.00014386502045872,0.378869833731988,0.0372784541479058,0.409529618815517
20094,"Northern Monsoon Current Coast",20,"Western Indian Ocean",5,"Western Indo-Pacific",89,94,"Tropical",-0.00271963291606053,-0.00150980942570993,-0.00109429534644236,-2.98569355387853e-06,0,-0.00236519920067284,-0.0010215042746901,0.000445492530899188,0.00011012329533568,4.59558021168476e-05,0.396442979295897,-0.0352165022461991,0.353114617107345
20095,"East African Coral Coast",20,"Western Indian Ocean",5,"Western Indo-Pacific",88,95,"Tropical",-0.00826651611250936,-0.00827963409571449,-0.0029472160340341,-2.95676177030581e-05,0,-0.00253485998574415,-0.000746732363643103,0.000532586544121525,1.11965748700805e-05,0.000104389058016202,0.687690081599306,0.0123139386335036,0.677847665870755
20096,"Seychelles",20,"Western Indian Ocean",5,"Western Indo-Pacific",86,96,"Tropical",-0.00186094084490454,-0.000686136164752328,-0.00636116829225699,-9.76647102406029e-06,0,-0.00587243195563763,-0.00910608162953297,1.06617359872515e-06,2.16445698006543e-07,-1.07698395862886e-06,1.38098592597322,0.0211470067165437,1.37823660884686
20097,"Cargados Carajos/Tromelin Island",20,"Western Indian Ocean",5,"Western Indo-Pacific",83,97,"Tropical",-0.0172871712111966,-0.0100103920478248,-0.0124919371494452,0,0,-0.00248750968691659,-0.0124229415674624,0,0,1.73086796699454e-06,1.23547911435456,-0.037069327878045,1.14371156751395
20098,"Mascarene Islands",20,"Western Indian Ocean",5,"Western Indo-Pacific",85,98,"Tropical",-0.00288000766919505,-0.00243866261595489,-0.00707688696648563,-5.6429489291729e-06,0,0,-0.0107618466191139,-0.000102801563486704,2.45609987954007e-06,5.25484676866585e-06,1.38094584763284,0.00756450651662332,1.36525222464265
20099,"Southeast Madagascar",20,"Western Indian Ocean",5,"Western Indo-Pacific",87,99,"Tropical",-0.0138880583395618,-0.00391460366664696,-0.00503867564492573,1.02989076836995e-05,0,0,-0.00413809484465308,2.27907272478961e-05,1.90581504160518e-06,4.89227143802942e-05,0.832627418284161,-0.0101575354263919,0.795574366649795
20100,"Western and Northern Madagascar",20,"Western Indian Ocean",5,"Western Indo-Pacific",91,100,"Tropical",-0.014550675617674,-0.00475290362055403,-0.00597826744326505,-1.47485145574629e-05,0,-0.00041573573137518,-0.00481088494593842,1.87330248529446e-05,1.33359161684823e-06,9.78863748106067e-05,0.903270210224629,0.0234747060147249,0.896339660344692
20101,"Bight of Sofala/Swamp Coast",20,"Western Indian Ocean",5,"Western Indo-Pacific",90,101,"Tropical",-0.00397644757864458,-0.000405145270405608,-0.00051432758122392,5.8101250461394e-06,0,0,-0.000455131419602787,0.000480262007780919,-3.37137537365574e-05,1.97637539571585e-05,0.334897443287343,0.0138509925468706,0.343869508148035
20102,"Delagoa",20,"Western Indian Ocean",5,"Western Indo-Pacific",84,102,"Tropical",-0.00343241760216676,-0.000391234922582447,-0.000970927432704931,1.25062263369735e-05,0,-0.00025335147718805,-0.000470785685926919,0.000158969562441238,1.56803472136679e-05,2.10531069007628e-05,0.424773070652953,0.0260301977891884,0.445492761868601
20103,"Western India",21,"West and South Indian Shelf",5,"Western Indo-Pacific",100,103,"Tropical",-0.00709192079302704,-0.00554955676005858,-0.00268425549619743,5.52911537070898e-05,1.50336550025888e-05,0,-0.000271281914667887,0.00139589678253356,-9.52193193378897e-06,8.91182230324458e-05,0.25020947633232,0.00580656365450918,0.241964843378151
20104,"South India and Sri Lanka",21,"West and South Indian Shelf",5,"Western Indo-Pacific",99,104,"Tropical",-0.0025051686561979,-0.00229426173270971,-0.00156898397377216,-2.86091698947739e-05,0,-0.0054226373506133,-0.000722424689934941,0.000912691657102063,-0.000105943469909139,2.38078557231072e-05,0.628352695363562,-0.0130823777559769,0.603558789179771
20105,"Maldives",22,"Central Indian Ocean Islands",5,"Western Indo-Pacific",102,105,"Tropical",-0.00793418777259939,-0.0027636726488431,-0.0108674411886268,4.92112929361704e-05,0,-6.1799653284394e-05,-0.0165315837589445,-1.32005107777078e-07,-6.55157955959724e-10,7.36561303013836e-07,0.668407592030444,0.019188097966205,0.649486821824511
20106,"Chagos",22,"Central Indian Ocean Islands",5,"Western Indo-Pacific",101,106,"Tropical",-0.000930570977123784,-0.000817197293509252,-0.00440535408840129,-2.29557700926553e-05,0,-3.64648367457946e-06,-0.0067711106493549,0,0,0,0.797120176672161,-0.0248520105998975,0.759317340739647
20107,"Eastern India",23,"Bay of Bengal",5,"Western Indo-Pacific",103,107,"Tropical",-0.00394097506819551,-0.00325018964377142,-0.00190799281499466,3.15090937170151e-05,2.93745778157009e-08,-0.0016757435679822,-0.000373661827384435,0.000959860858782953,-0.0001122255796477,-1.24427023916001e-05,0.250170593638494,0.00686156662603277,0.246750327059229
20108,"Northern Bay of Bengal",23,"Bay of Bengal",5,"Western Indo-Pacific",104,108,"Tropical",-0.0121668041080335,-0.0124639022374594,-0.00418094470437223,5.63100689680756e-06,1.14166719944469e-06,-0.00028513220342138,-0.000205759385652386,0.00018220327071724,0.000137089334797494,-3.57304376343176e-06,0.202637007734226,-0.00747585171800682,0.166181105039301
20109,"Andaman and Nicobar Islands",24,"Andaman",5,"Western Indo-Pacific",105,109,"Tropical",0.000493444125002787,0.000882111473060168,0.000447272111926554,-4.32788323437904e-06,0,-8.06339330800017e-05,0.00010974395862139,0.000245097621635097,-1.50917812831595e-06,-0.000114388625920048,0.543246808072163,0.00161287443246936,0.546836488730616
20110,"Andaman Sea Coral Coast",24,"Andaman",5,"Western Indo-Pacific",106,110,"Tropical",-0.041472097908007,-0.0344621484992718,-0.0161066024847397,0.0001495976702815,-4.82922805442148e-05,-0.00033126810799139,-0.000638435324920268,-0.000857783397313608,-0.000138830121721298,0.000676348517485884,0.588952676462262,0.0151149861870406,0.510838147696895
20111,"Western Sumatra",24,"Andaman",5,"Western Indo-Pacific",107,111,"Tropical",-0.00772033964681474,-0.0075509700659596,-0.0046564338906477,-2.34204667421152e-05,0,-0.000305963923408371,-0.000944334151968245,0.000699309280830085,0.000101304995074576,6.18623720202812e-05,0.7814272808786,0.00905958454763307,0.770147886413606
20112,"Gulf of Tonkin",25,"South China Sea",6,"Central Indo-Pacific",116,112,"Tropical",-0.0067273046155727,-0.00638131787542454,-0.00211947608589371,-7.61101681735925e-05,-1.40816020173943e-05,-0.000428919081089271,-0.000135579393088778,-0.000355293555310351,-0.000159108495819207,0.000105126795088881,0.103824721099632,0.00361163009507596,0.0911442870180849
20113,"Southern China",25,"South China Sea",6,"Central Indo-Pacific",118,113,"Tropical",-0.0124716290788724,-0.0117010570837138,-0.0044442101284165,-5.11526320234969e-05,-7.789642421326e-05,-0.000886158200166774,-0.000193505731249626,0.000168213471890981,-6.48428693652955e-05,3.14789507975618e-05,0.0914036717887284,0.00672959063945381,0.0684425033279406
20114,"South China Sea Oceanic Islands",25,"South China Sea",6,"Central Indo-Pacific",117,114,"Tropical",-0.00881953850545792,-0.0147326914003914,-0.00776481365628729,-5.67221138949479e-07,0,-0.00139472814659521,-0.00502915991218397,0,0,0,0.833847709362125,-0.00866991487149219,0.787436304249669
20115,"Gulf of Thailand",26,"Sunda Shelf",6,"Central Indo-Pacific",113,115,"Tropical",-0.0435626944205115,-0.0382390740229834,-0.018217557529838,-0.000238386335418408,-3.86137004118795e-05,-1.72510713619564e-05,-0.00109194024978886,-0.000316097127103951,-0.000251613455228226,0.000468690734483429,0.224654385892449,0.000151309214569523,0.12330115975353
20116,"Southern Vietnam",26,"Sunda Shelf",6,"Central Indo-Pacific",114,116,"Tropical",-0.0213900205896858,-0.0236566521118179,-0.00911372220525414,6.13994410831738e-05,-0.000108380420760497,-0.000243995520444631,-0.000975314048801082,-0.000497434075381602,-1.91682904906105e-05,0.000192517425642612,0.356517223766868,0.000144429507824714,0.300910885582796
20117,"Sunda Shelf/Java Sea",26,"Sunda Shelf",6,"Central Indo-Pacific",115,117,"Tropical",-0.0355620200195619,-0.0315758902047655,-0.0161564306804422,-4.99962338468639e-05,0.000108990898625983,-0.000742368369767081,-0.00390996055009576,0.00196381322636998,0.000478869594093322,0.000135623217819519,0.448417554799281,8.38810694461214e-05,0.363192069276432
20118,"Malacca Strait",26,"Sunda Shelf",6,"Central Indo-Pacific",112,118,"Tropical",-0.0159525566668267,-0.0136952035918056,-0.00713859663023543,-0.000114499705288927,-4.93319797738077e-05,-0.000103521092130442,-0.000432227574592767,0.00249244026970107,0.00071766270386071,0.000792215210351504,0.341836905452639,0.00862177240346095,0.316975063253962
20119,"Southern Java",27,"Java Transitional",6,"Central Indo-Pacific",109,119,"Tropical",-0.00611756262930011,-0.00561619882580358,-0.00359020683774567,4.91537997051551e-06,-0.000126960782050698,-0.000148237502271284,-0.000952064458626728,0.000522440348388541,0.000136330121255455,4.90435096199424e-05,1.11221614590203,0.0327966126462752,1.1291742653413
20120,"Cocos-Keeling/Christmas Island",27,"Java Transitional",6,"Central Indo-Pacific",108,120,"Tropical",7.17396673326013e-05,9.10120036310341e-05,8.20790341902392e-05,7.21387784328303e-06,0,-2.40547265911904e-06,0.000145726813678363,0,0,5.04856270983047e-05,0.658511454178284,0.0472812721359055,0.706238589866147
20121,"South Kuroshio",28,"South Kuroshio",6,"Central Indo-Pacific",119,121,"Tropical",-0.0058496427116204,-0.00722027344558948,-0.00444004718726418,-9.08442233895585e-05,0,-0.00228221521447329,-0.00246225063729314,-6.51910135985595e-05,-9.20255779523399e-06,-1.40286885507954e-05,0.471299403641433,0.003165019653191,0.452030729420135
20122,"Ogasawara Islands",29,"Tropical Northwestern Pacific",6,"Central Indo-Pacific",141,122,"Tropical",-0.00372215559229149,-0.00698957969960379,-0.00536015936344186,-4.33539164150576e-06,0,-0.000822546797920069,-0.00334995379833686,0,0,1.99088118500169e-07,0.173434902730385,0.0138286159184831,0.167014986820821
20123,"Mariana Islands",29,"Tropical Northwestern Pacific",6,"Central Indo-Pacific",140,123,"Tropical",0.00186921134982656,0.00502147591687956,0.011498297724714,-2.34976546531459e-05,0,0,0.0177586276710959,0,0,-2.17670350724522e-05,0.380130988241833,0.00806033791887783,0.424293672888092
20124,"East Caroline Islands",29,"Tropical Northwestern Pacific",6,"Central Indo-Pacific",139,124,"Tropical",-0.000149901279772627,-0.000376136125628838,-0.000715706576634664,-2.91290977242384e-06,0,0,-0.00110323884878207,0,0,3.05024974764842e-05,0.328412486037428,0.0126110011877782,0.338706097689477
20125,"West Caroline Islands",29,"Tropical Northwestern Pacific",6,"Central Indo-Pacific",142,125,"Tropical",-2.6378138006166e-05,-9.72156410285873e-05,-0.000158996525934014,-1.71788088423802e-05,0,-1.24300949024548e-06,-0.000244356516648713,-7.59275113183211e-08,-1.56419118482197e-07,-3.66064620538628e-05,0.887494613676186,-0.00723355074138276,0.879678859607344
20126,"Palawan/North Borneo",30,"Western Coral Triangle",6,"Central Indo-Pacific",125,126,"Tropical",-0.0117958261062377,-0.0104651872947118,-0.00529526758576832,-5.83543140066172e-05,0.000331922348794166,-0.00052765429884993,-0.00113192168888661,0.000300028495886767,0.000179855151047083,0.000555679777644214,0.596788825664204,-0.0184442499139723,0.550437851293068
20127,"Eastern Philippines",30,"Western Coral Triangle",6,"Central Indo-Pacific",121,127,"Tropical",0.00065277716053044,0.000932511086743418,0.00045177271704676,-0.000116613468789206,0,-1.56268716639079e-05,0.000108350194270266,-0.00130750060520708,-0.000130546636600356,0.000693630429675097,0.617457238882103,-0.020175037287699,0.598550953712142
20128,"Sulawesi Sea/Makassar Strait",30,"Western Coral Triangle",6,"Central Indo-Pacific",127,128,"Tropical",-0.00624922532069072,-0.00514352155643932,-0.00356187130231516,-5.13430482214032e-05,-1.30176082354557e-05,-0.000145239904860475,-0.00190356699152042,0.00105160921803179,9.99226492950243e-05,0.000316449281881724,0.876829532471342,-0.00463949367182124,0.856590235001449
20129,"Halmahera",30,"Western Coral Triangle",6,"Central Indo-Pacific",122,129,"Tropical",-0.00453341920859169,-0.00464989337300955,-0.00403818263937506,8.50524982192726e-06,0,-0.000181798404719019,-0.00240157599756526,0.000344569805295409,7.7536698765033e-06,0.000264144728853985,1.05588200167545,-0.0110979763055905,1.0296041345157
20130,"Papua",30,"Western Coral Triangle",6,"Central Indo-Pacific",126,130,"Tropical",-0.0030007131313871,-0.00348390896503026,-0.00257307689600262,2.54000002111277e-05,3.38111192529069e-07,-8.66274816954593e-05,-0.00153208673102252,0.000237993971059317,3.00137545976553e-05,0.00112860159553873,0.617524128919029,0.002985755317379,0.611255816417406
20131,"Banda Sea",30,"Western Coral Triangle",6,"Central Indo-Pacific",120,131,"Tropical",-0.00525862331131481,-0.00444846797796464,-0.00364501960706599,-1.15725456269572e-05,1.7134149752206e-05,-0.00017161153468537,-0.0024848161181323,0.000238778858691304,8.45254963241851e-06,5.23072234416088e-05,0.970343638633826,0.00756582909764125,0.962206033333759
20132,"Lesser Sunda",30,"Western Coral Triangle",6,"Central Indo-Pacific",123,132,"Tropical",-0.00471411339652701,-0.00396223800126213,-0.00243103637280834,-5.62998870600224e-05,0,-0.000114637752746315,-0.000664747831105127,0.000912615211756065,6.72406192814812e-05,5.1535355952842e-05,1.21979699747753,0.00901938785372814,1.21790470713556
20133,"Northeast Sulawesi",30,"Western Coral Triangle",6,"Central Indo-Pacific",124,133,"Tropical",-0.00708474713186803,-0.00624218714880539,-0.00395082331297116,2.88788803701343e-05,0,-0.000121426200880513,-0.00126547098512079,0.00568670400037689,0.00051127618408292,-0.00169722256722901,0.604433792606724,-0.00673518826309563,0.583563582113752
20134,"Bismarck Sea",31,"Eastern Coral Triangle",6,"Central Indo-Pacific",128,134,"Tropical",0.00182036279936359,0.00122236892931619,0.00712804102862318,-3.84464634091793e-06,0,0,0.0112526211157203,9.5684388411394e-06,1.235134137497e-05,0.000213122341695153,0.607215008242333,-0.0277645541024079,0.601105048282457
20135,"Solomon Archipelago",31,"Eastern Coral Triangle",6,"Central Indo-Pacific",129,135,"Tropical",-0.0051413509711848,-0.00180731012735335,-0.0137456205570795,1.39114160312707e-06,0,-0.000581606649905407,-0.0212118640265073,2.87665491283164e-05,2.6510197495621e-06,0.000129133534614083,0.536926029858905,0.000503708818215342,0.495103931239491
20136,"Solomon Sea",31,"Eastern Coral Triangle",6,"Central Indo-Pacific",130,136,"Tropical",0.00192456755338661,0.00103998380870542,0.00923337051874236,-4.033395253055e-06,0,0,0.0152055586643857,-4.16227994795899e-05,-5.72234981526074e-06,0.000220338246413966,1.27219050892096,-0.051836176743438,1.24792677822231
20137,"Southeast Papua New Guinea",31,"Eastern Coral Triangle",6,"Central Indo-Pacific",131,137,"Tropical",0.000645257941258476,0.000523776402346624,0.00792842203739328,2.32253253563202e-06,0,5.78966559341399e-05,0.0124836173822228,-0.000521639498262476,-3.48634105460833e-05,6.99739753632053e-05,1.29639571374466,-0.0239852309398365,1.29356525045929
20138,"Gulf of Papua",32,"Sahul Shelf",6,"Central Indo-Pacific",135,138,"Tropical",0.00206390640451903,0.000882574056877164,0.00225698238966766,-9.79631171550451e-06,0,4.63729685184629e-05,0.00226138721942144,-0.00102558644198311,-7.83052591690658e-05,0.000215709200443428,0.258453033134624,-0.00975562739904101,0.255310650737066
20139,"Arafura Sea",32,"Sahul Shelf",6,"Central Indo-Pacific",133,139,"Tropical",-0.00491148106685033,-0.00382358400370399,-0.00204466898458759,2.62384180353328e-06,0,-1.92073630772759e-05,-0.000693112215590532,-0.000782727742272774,-4.68166017851756e-05,0.000378177524658049,0.286415049566763,0.0256027548569792,0.300077009475164
20140,"Arnhem Coast to Gulf of Carpenteria",32,"Sahul Shelf",6,"Central Indo-Pacific",132,140,"Tropical",-0.000811740738812472,-0.000431488412803761,-0.000328749291569176,-1.20235414943024e-06,0,-2.25032630801099e-05,-0.00027131465512393,0.000411158113972532,3.51903694984713e-05,0.000194415766135656,0.186524261357479,0.0102521981785746,0.195550225766853
20141,"Bonaparte Coast",32,"Sahul Shelf",6,"Central Indo-Pacific",134,141,"Tropical",-0.00148479766123796,-0.000728593437402062,-0.000414222503064514,1.39130418275049e-05,6.77143956154526e-07,-9.22527795750285e-05,-0.000157080128236771,-0.000656926940498315,-5.98747939438944e-05,0.000219523212178693,0.319965949814275,0.00246047368032629,0.319066789041202
20142,"Torres Strait Northern Great Barrier Reef",33,"Northeast Australian Shelf",6,"Central Indo-Pacific",137,142,"Tropical",-0.000635739212819,-0.000377412054765582,-0.000499482420166808,-2.42040229430374e-05,0,-4.59507219245994e-05,-0.000439819577648426,0.000352004591782233,1.40228677027312e-05,-0.000144884601312275,0.424126355485743,0.00698509258205697,0.429309983898746
20143,"Central and Southern Great Barrier Reef",33,"Northeast Australian Shelf",6,"Central Indo-Pacific",136,143,"Tropical",-0.000384553982485158,-0.000192071294378756,-0.000206463717655707,-5.44278595542618e-06,0,-1.71973655864776e-05,-0.00022845509751667,5.7954697658201e-05,2.19366632716474e-05,0.000130458630163159,0.136911268158053,0.00365987358902,0.139747307823671
20144,"Exmouth to Broome",34,"Northwest Australian Shelf",6,"Central Indo-Pacific",110,144,"Tropical",-0.000967543007397998,-0.000576532942104305,-0.00023066477251042,1.54657892600085e-05,-1.19243630168598e-05,-0.000219112494251578,-2.93206978461466e-05,4.37849547167992e-05,1.20850247031008e-06,7.74564561283578e-05,0.837580714483332,0.00566774433119338,0.841351274942482
20145,"Ningaloo",34,"Northwest Australian Shelf",6,"Central Indo-Pacific",111,145,"Tropical",-0.000181822806157765,-0.000139023356701605,-8.6213280647845e-05,-1.14099993988429e-06,0.000151034049416771,-0.00168289453328892,-4.46296308980346e-05,-7.50812140393117e-05,-2.7438974933511e-06,0.000123550321180748,1.23558668164591,-0.00345158926629292,1.2301961297538
20146,"Tonga Islands",35,"Tropical Southwestern Pacific",6,"Central Indo-Pacific",146,146,"Tropical",-0.00103383843103525,-0.00125323039091652,-0.000806189647741045,-1.62419406401887e-05,0,0,-0.000592317738619509,8.93508816847984e-06,4.18569184167582e-06,-6.65388849141747e-05,0.267789881730764,-0.0131909126774564,0.250843731071732
20148,"Vanuatu",35,"Tropical Southwestern Pacific",6,"Central Indo-Pacific",147,148,"Tropical",-0.00231003082044165,-0.00233298721560884,-0.0124692913963668,1.7321710895457e-06,0,-0.000194530620632608,-0.0195550975170061,5.49174004711847e-06,-3.17310529498324e-07,2.34039622366487e-05,0.401848425392338,-0.00380328261991507,0.361213513889127
20149,"New Caledonia",35,"Tropical Southwestern Pacific",6,"Central Indo-Pacific",145,149,"Tropical",-0.00475225891966167,-0.0030300333646035,-0.00317590682655251,1.50586521312625e-05,0,0,-0.00290564953963335,-5.0806280165813e-05,-1.25289108603958e-05,2.97919406169264e-05,1.01129222249836,0.0199177434956619,1.01732763083561
20150,"Coral Sea",35,"Tropical Southwestern Pacific",6,"Central Indo-Pacific",143,150,"Tropical",-0.000101116490533493,-4.19849635466823e-05,-0.00150195129624257,0,0,-7.7511604959096e-05,-0.0021163460817713,0,0,0,1.25541460240856,0.0235743117195919,1.27515000654731
20151,"Lord Howe and Norfolk Islands",36,"Lord Howe and Norfolk Islands",6,"Central Indo-Pacific",138,151,"Tropical",-0.00539422038959462,-0.00284683444170841,-0.000837158407966503,2.03123993853802e-07,0,0,-0.000195691185008894,0,0,6.71115410422073e-05,0.655494427016504,-0.0189433889570798,0.627344445228811
20153,"Marshall Islands",38,"Marshall, Gilbert and Ellis Islands",7,"Eastern Indo-Pacific",149,153,"Tropical",-0.000801224656830775,-0.00183993364374133,-0.00417381152647899,-5.90225154285027e-06,0,0,-0.00706502722513415,0,0,2.17555641504252e-05,-0.100675723441186,0.0141336525437289,-0.100406216084966
20155,"Line Islands",39,"Central Polynesia",7,"Eastern Indo-Pacific",150,155,"Tropical",-0.000218398679896215,-0.000191483240981882,-0.00128689919854577,3.63529438467799e-07,0,-0.000105621493704574,-0.00171776500513916,5.31884075449495e-07,-1.55690273835695e-07,5.71520488842777e-06,-0.21212766816141,0.0246792772301198,-0.190962102548861
20156,"Phoenix/Tokelau/Northern Cook Islands",39,"Central Polynesia",7,"Eastern Indo-Pacific",151,156,"Tropical",-8.34339184932059e-05,-0.000364844183277281,-0.0013185118068781,-1.36412613906344e-06,0,-2.86602778048011e-05,-0.00205950623882309,0,0,-3.02539431899333e-05,0.1131679573383,-0.0203937792652901,0.0888876038480149
20157,"Samoa Islands",39,"Central Polynesia",7,"Eastern Indo-Pacific",152,157,"Tropical",0.0048429064096619,0.00250540009207768,0.00250781567587406,-2.94163629119524e-05,0,0,0.0035059928825621,2.34812081754211e-07,1.78423858568702e-07,7.13542953129649e-06,0.142190309141319,-0.00974699575219146,0.145783559491236
20158,"Tuamotus",40,"Southeast Polynesia",7,"Eastern Indo-Pacific",156,158,"Tropical",-0.00111779463897708,-0.000276165617967024,-0.000772614645494028,-9.68334106383291e-07,0,0,-0.0011441969203354,0,0,5.48257233821371e-05,0.278958862077471,-0.0200601308628739,0.255641817117776
20159,"Rapa-Pitcairn",40,"Southeast Polynesia",7,"Eastern Indo-Pacific",153,159,"Tropical",-3.70981367494485e-05,-0.000135191944336321,-0.000296822528672044,-1.00698891861424e-06,0,0,-0.000427836783557079,0,0,-1.23734472313622e-05,0.132712555650611,-0.0156277039142749,0.116174522141513
20160,"Southern Cook/Austral Islands",40,"Southeast Polynesia",7,"Eastern Indo-Pacific",155,160,"Tropical",-0.000351174093755867,-0.000162584370754873,-0.000516983017571731,-8.84675152505787e-07,0,0,-0.000760526504217457,-4.93043443063989e-07,4.03334923401701e-08,-1.73649169359565e-05,0.648107555203865,0.000347438937939282,0.646645026089733
20161,"Society Islands",40,"Southeast Polynesia",7,"Eastern Indo-Pacific",154,161,"Tropical",-0.00188202463542608,-0.000210787425865311,-0.000428164367265776,8.37071326349026e-06,0,0,-0.000660282778086905,-5.7046180422353e-06,-1.30226938313047e-06,2.95680212460647e-05,0.276328250765935,0.00835685227705332,0.281534778533435
20162,"Marquesas",41,"Marquesas",7,"Eastern Indo-Pacific",157,162,"Tropical",-0.000422329046632226,-0.000232901502763673,-0.00110823025163914,-6.57848040317176e-06,0,0,-0.00140376579078716,1.38655090689205e-06,-4.97261438873477e-07,-3.08243515178303e-05,0.0288537726350364,-0.0127419429543397,0.0129080892175317
20163,"Easter Island",42,"Easter Island",7,"Eastern Indo-Pacific",159,163,"Tropical",0.0130492004671596,0.00789028601214805,0.00785726168005927,3.88032057470886e-07,0,0,0.00835492246477077,8.46167014865745e-06,3.0100342582257e-06,1.03948980766998e-06,-0.114774541536563,0.00624715929823541,-0.0713628157121779
20164,"Revillagigedos",43,"Tropical East Pacific",8,"Tropical Eastern Pacific",170,164,"Tropical",-0.000215027522373174,-0.000553006161501236,-0.000209842653984708,-1.29353957647713e-06,0,-0.00116428538188632,-0.000337902556066011,1.26897417041999e-06,1.86117970394757e-06,0.000143282308187414,0.57404232904803,0.00371568627185986,0.575423070911405
20165,"Clipperton",43,"Tropical East Pacific",8,"Tropical Eastern Pacific",164,165,"Tropical",-0.000191521638934804,-0.00161506930069726,-0.0010278700995741,0,0,-0.00595775652252091,-0.00156481255504315,0,0,0,1.17503834412191,0.00855234639108956,1.17323365500465
20166,"Mexican Tropical Pacific",43,"Tropical East Pacific",8,"Tropical Eastern Pacific",167,166,"Tropical",-0.000814111631390851,-0.000360887553155334,-0.000272976575645569,1.24766518296724e-05,0,-0.000687316018670373,-0.000218424194759605,-0.000201708962857727,0.000321996172482311,-7.17699356665646e-07,0.338374359703236,0.0139799307086793,0.350132618092516
20167,"Chiapas-Nicaragua",43,"Tropical East Pacific",8,"Tropical Eastern Pacific",163,167,"Tropical",0.00349896273879198,0.00166064080548279,0.00119626201497986,-2.11286743437894e-05,0,0.00247175125102295,0.000917681365416037,-0.000876012011957568,0.000526753372849077,-4.06346525816907e-06,0.515663762876765,-0.00112243487685495,0.523912173019941
20168,"Nicoya",43,"Tropical East Pacific",8,"Tropical Eastern Pacific",168,168,"Tropical",0.0144687668941862,0.00499905346201487,0.00578994920781548,-7.47081921879122e-06,0,0.0104053063126084,0.00105771427535049,-0.000619094291654744,0.000958567248884597,3.32953979129489e-05,0.593097103143186,0.0481730546434052,0.678356242739718
20169,"Cocos Islands",43,"Tropical East Pacific",8,"Tropical Eastern Pacific",165,169,"Tropical",0.00312074234146082,0.00248198116585798,0.00203299637995642,0,0,0.0145364649658877,0.00191427170201366,0,0,0,0.375731412486012,0.00444833565091767,0.404266205535823
20170,"Panama Bight",43,"Tropical East Pacific",8,"Tropical Eastern Pacific",169,170,"Tropical",-0.0022349910102444,-0.000127101428685851,-0.000185558899594156,-6.29572196482e-06,0,-9.58882501197391e-05,-0.000216975965247842,0.000171589855726204,-0.000306046931198495,9.78040828718286e-05,0.592713904483815,0.0305796130776642,0.620390047292127
20171,"Guayaquil",43,"Tropical East Pacific",8,"Tropical Eastern Pacific",166,171,"Tropical",-0.00149959964965943,-0.00113462752636376,-0.00264927734492255,7.16093736925447e-07,0,-0.000399731311590919,-0.000198848963888523,9.05112529645289e-05,-0.000208038823391771,1.89992677385493e-05,0.35845984551237,-0.0186705744614994,0.333809371673328
20172,"Northern Galapagos Islands",44,"Galapagos",8,"Tropical Eastern Pacific",161,172,"Tropical",0.00108976072569353,0.00107742596039488,0.00249983869688944,0,0,0.000674832452507163,0.00289915767791106,1.15860990018593e-06,2.1994963007446e-07,-2.04791473594301e-07,0.646702872438516,0.0121442392608354,0.667089299800173
20173,"Eastern Galapagos Islands",44,"Galapagos",8,"Tropical Eastern Pacific",160,173,"Tropical",0.00231062373867913,0.00163131079816942,0.0030560206761325,2.91023173867024e-06,0,0.000378128641654254,0.00191432140526578,0.000482785121456825,8.17793644221668e-05,-0.000891168801183841,1.09134510949985,-0.0215112371338744,1.07880057520096
20174,"Western Galapagos Islands",44,"Galapagos",8,"Tropical Eastern Pacific",162,174,"Tropical",0.000512798751851902,0.00110932661148554,0.00173273314323748,1.29431981889308e-05,0,1.58862984134624e-05,0.00154331907560436,0.000148455911686348,1.920675634137e-05,-0.000469446690854038,1.21814887011246,-0.0098414652841574,1.21293259985369
20175,"Central Peru",45,"Warm Temperate Southeastern Pacific",9,"Temperate South America",174,175,"Temperate",-0.00856062551379152,-0.00325394137823505,-0.00920458961375085,1.67152148865458e-05,0,-0.000626468639619081,-0.000728183448063861,0.000178136262311809,6.24327550720197e-05,3.78133670387291e-05,0.253058545095593,-0.0250721005653781,0.205907733499098
20176,"Humboldtian",45,"Warm Temperate Southeastern Pacific",9,"Temperate South America",175,176,"Temperate",-0.00501436134283582,-0.0045585691724833,-0.00941169965961288,1.99222952301915e-05,0,-0.000422884373299499,-0.000602782185620258,0.000134071427969631,5.21359724650811e-05,2.0117064409417e-05,0.216434667796029,0.00192079849740178,0.198571415186098
20177,"Central Chile",45,"Warm Temperate Southeastern Pacific",9,"Temperate South America",173,177,"Temperate",-0.00177549586400897,-0.00483639577385069,-0.00907030625948333,9.42539005794453e-06,0,0,-4.92971918472122e-05,-0.000117651078955433,-3.83382945566313e-06,3.26101323718002e-05,0.163225556729451,0.0327991164025886,0.180213725488827
20178,"Araucanian",45,"Warm Temperate Southeastern Pacific",9,"Temperate South America",172,178,"Temperate",-0.00283414441666601,-0.00383337920043447,-0.00782805091539617,5.60915372782352e-06,0,0,-1.34916812567604e-05,0.000355730740880494,0.000446584746668825,2.12167071222948e-05,0.19216265319626,0.00448183127337776,0.18296455610352
20179,"Juan Fernandez and Desventuradas",46,"Juan Fernandez and Desventuradas",9,"Temperate South America",171,179,"Temperate",-0.00366270578800382,-0.0264990798848831,-0.0372469966799848,-2.91324997088165e-07,0,0,-0.000808825657704639,0,0,0,0.926904117771605,0.0177121379519923,0.876398345997238
20180,"Southeastern Brazil",47,"Warm Temperate Southwestern Atlantic",9,"Temperate South America",183,180,"Temperate",0.00115757031789558,0.000788615115289317,0.000269859494073507,9.85892135647323e-05,-4.17445362824243e-05,0.000337672462392701,0.000231580028642724,0.000352978506813773,1.92284534149412e-05,9.00388331694108e-05,-0.0185023264773707,0.040158593519978,0.0249606567577404
20181,"Rio Grande",47,"Warm Temperate Southwestern Atlantic",9,"Temperate South America",182,181,"Temperate",0.00108797320964977,0.000544238221333868,0.00024972584617225,4.14086712986626e-05,0,0.000141978569991503,0.000135861978359641,0.000342563499035007,0.000140894251737773,-0.0010384747571631,0.0723572959332772,0.00983813854545504,0.0838416047174678
20182,"Rio de la Plata",47,"Warm Temperate Southwestern Atlantic",9,"Temperate South America",181,182,"Temperate",-0.000703617398173459,-0.000211594842308463,-8.34528306319362e-05,1.35640091570899e-05,0,-2.26992889423592e-08,-7.03314688061453e-08,4.72859869904924e-05,0.000235221866580952,8.99531872044914e-06,0.0229684232492023,0.000136842603128692,0.022411575096704
20183,"Uruguay-Buenos Aires Shelf",47,"Warm Temperate Southwestern Atlantic",9,"Temperate South America",184,183,"Temperate",-0.0274188889436195,-0.00859595901891089,-0.00591242608900263,1.52172123122101e-05,0,1.20643564657321e-05,-9.03210209351566e-05,-5.85984616861211e-05,7.26531536215539e-05,6.21357109017222e-05,0.0724706271392635,-0.0062827181452069,0.0242737847104669
20186,"Malvinas/Falklands",48,"Magellanic",9,"Temperate South America",178,186,"Temperate",-0.0659337926627913,-0.00207842786113443,-0.00323377255495494,7.59705720682051e-06,0,-2.6769597322406e-07,-1.11503043040281e-05,0,0,7.18478165444067e-05,-0.0807027085722874,0.028971941145657,-0.122908732954769
20187,"Channels and Fjords of Southern Chile",48,"Magellanic",9,"Temperate South America",176,187,"Temperate",-0.0105122802771645,-0.00140238721319589,-0.00101379992470874,-1.21787190337856e-05,-4.65845164247688e-07,0,-3.64490563826964e-07,0.000127870401318508,-6.06090486545707e-05,-0.0026348223152872,0.152707582826777,-0.00528510016178459,0.131913444849076
20188,"Chiloense",48,"Magellanic",9,"Temperate South America",177,188,"Temperate",-0.00871563782795728,-0.00406309386737533,-0.00647808324987232,1.23309622514572e-05,0,0,-4.00203479812215e-06,-9.73939181695729e-05,2.0923171563235e-06,-0.00037893562074349,0.316010825749737,-0.0325895085496314,0.263698593272328
20189,"Tristan Gough",49,"Tristan Gough",9,"Temperate South America",185,189,"Temperate",-5.41009897666014e-05,-9.31318819404002e-05,-0.000462846506954644,-4.37658090078664e-07,0,-1.02434756863665e-05,-0.000176660244337074,0,0,-1.70428588816866e-05,0.989418125550446,-0.00643768993468142,0.982165963935209
20191,"Namaqua",50,"Benguela",10,"Temperate Southern Africa",187,191,"Temperate",-0.00472274278544369,-0.00224201184984461,-0.0168606168237379,-5.07996401614199e-06,0,0,-6.69030791315722e-05,4.45761109078296e-05,-9.80617674294243e-06,4.48443275885245e-05,-0.0276976034441707,-0.00469134034927095,-0.056206684579342
20192,"Agulhas Bank",51,"Agulhas",10,"Temperate Southern Africa",189,192,"Temperate",-0.00414430888276646,-0.000929912783436258,-0.00893566841001155,-2.37937677681058e-05,-4.90630795791819e-05,0,-0.000126169894510729,-0.00017995170954499,-2.01377072114422e-05,4.84169077213122e-05,0.0621625954349857,0.0366028127151252,0.0844048183653378
20193,"Natal",51,"Agulhas",10,"Temperate Southern Africa",190,193,"Temperate",-0.002600905750903,-0.000374177379667564,-0.00255014858185002,-6.86730849485301e-06,0,-0.000186557391619106,-0.000437902287718867,0.000255830864020891,0.000111035609767166,3.53027750799793e-05,0.0778024560829891,0.0574621117264124,0.129510178312264
20194,"Amsterdam-St Paul",52,"Amsterdam-St Paul",10,"Temperate Southern Africa",191,194,"Temperate",-0.000152217297269719,-0.000103382840090575,-7.74882279851911e-05,-1.41160508781798e-07,0,0,-0.000164952887327905,0,0,0,0.378703830589783,0.005712615231051,0.38391826457175
20197,"Three Kings-North Cape",53,"Northern New Zealand",11,"Temperate Australasia",204,197,"Temperate",-0.0147616277979261,-0.019576805119165,-0.00218147805913554,0,0,-0.000212408423971903,-0.000485043143809846,-2.87874705053566e-05,-2.7554435723451e-06,-2.44704851301059e-05,0.839917464079071,-0.0213900185130298,0.781254070676953
20200,"South New Zealand",54,"Southern New Zealand",11,"Temperate Australasia",208,200,"Temperate",-0.0340883966170352,-0.00454139119043873,-0.00171621587036078,-1.43362263031039e-05,0,-0.000123271176483145,-0.000126512392842062,-0.000384090619324697,-0.000283258483489972,-0.0003832805596644,-0.12590851106769,-0.0232736588329709,-0.190842923051621
20201,"Snares Island",54,"Southern New Zealand",11,"Temperate Australasia",207,201,"Temperate",-0.0598003810935656,-0.00400690363764058,-0.00263859293241458,0,0,-9.8693310491826e-05,-0.000133508080350337,0,0,-1.29212347257589e-05,-0.0554053745027114,-0.00214604318060151,-0.124242416944194
20202,"Tweed-Moreton",55,"East Central Australian Shelf",11,"Temperate Australasia",201,202,"Temperate",-0.000341685224199844,-0.000144820067996717,-0.000224262913645037,1.55341772270005e-05,0,-8.87488473821103e-06,-0.000242971042786058,-0.000397030219249353,-1.16575341633835e-05,-7.03415827285898e-05,0.26781919525403,0.0325653593287194,0.298958444382313
20203,"Manning-Hawkesbury",55,"East Central Australian Shelf",11,"Temperate Australasia",200,203,"Temperate",-0.000419232393128664,-0.000197514156621155,-0.000121155599734895,4.51018824279045e-05,0,-5.74716358935728e-06,-3.38586654459878e-05,8.37173294423746e-05,5.64155811260879e-05,0.000121108113099316,0.421941493293024,0.0311142667943964,0.452584594151328
20204,"Cape Howe",56,"Southeast Australian Shelf",11,"Temperate Australasia",198,204,"Temperate",-0.000369603544006181,-0.000268379637183383,-0.00010232930765017,-3.87393738574608e-06,2.90809635334027e-05,-5.61472442706991e-06,-1.56763443793449e-05,-3.79509867728935e-05,-1.89181895389719e-06,0.000260412703847954,0.0257701516787687,-0.0607093685747943,-0.0354550436238005
20205,"Bassian",56,"Southeast Australian Shelf",11,"Temperate Australasia",197,205,"Temperate",-0.000339463778710354,-0.00018934978402175,-5.85986142129048e-05,1.32820966540167e-05,2.83203484535674e-06,-2.77046458240505e-06,-8.70710877044724e-06,-0.00017718091660794,-3.72326750441977e-05,6.4412925472159e-05,-0.104156118890278,-0.0342077992811074,-0.139096692457837
20206,"Western Bassian",56,"Southeast Australian Shelf",11,"Temperate Australasia",199,206,"Temperate",-0.000397809260379532,-0.000303917867516107,-6.3558541677977e-05,9.50065782733243e-06,0,-5.27686640363739e-06,-1.24978508492929e-05,-2.50772760658185e-07,-5.24496419634316e-05,5.08869990920602e-05,0.139301427930007,-0.0148958458216074,0.123630207493
20207,"South Australian Gulfs",57,"Southwest Australian Shelf",11,"Temperate Australasia",196,207,"Temperate",-0.000378979696528484,-0.000376422194765786,-7.20933836677862e-05,-1.5642233475743e-06,0,-7.33352344193484e-06,-6.47398467062102e-06,-5.51808308295417e-05,6.83741049080406e-06,0.0001670560774113,0.103426986450441,-0.00059433263041566,0.102108498569867
20208,"Great Australian Bight",57,"Southwest Australian Shelf",11,"Temperate Australasia",194,208,"Temperate",-0.000390006439681632,-0.000436247226502841,-8.00593208213007e-05,-2.49213948308358e-07,0,-1.18284425649885e-05,-1.07272156577463e-05,-8.82323866252415e-05,-8.35197522638519e-06,2.30207590528349e-05,0.235969012187275,-0.0319082537194186,0.203058079066833
20209,"Leeuwin",57,"Southwest Australian Shelf",11,"Temperate Australasia",195,209,"Temperate",-0.000202319690463242,-0.00020389678775741,-5.48794238734147e-05,2.76442398398615e-06,0,-8.7269334966288e-06,-1.77523912318537e-05,-5.24967924426616e-05,-2.04858005246966e-06,4.21331490664882e-05,0.357406041917944,0.0212478327223901,0.37815665081701
20210,"Shark Bay",58,"West Central Australian Shelf",11,"Temperate Australasia",193,210,"Temperate",-0.000200364741767643,-0.000184017382669585,-5.98679333113361e-05,2.94716314470053e-06,0,-0.000122872545855057,-1.57323545704875e-05,-1.86023413859461e-05,-6.86160537085796e-06,-1.92895682991871e-05,0.676944113947805,-0.000116590139807768,0.676202867123145
20211,"Houtman",58,"West Central Australian Shelf",11,"Temperate Australasia",192,211,"Temperate",-0.000163568753882247,-0.00027068927212426,-5.11914171048321e-05,4.64068297431694e-06,0,-1.80155347717925e-05,-1.38310860854518e-05,-0.00023152559127047,-4.50616202970441e-05,0.000124361846654873,0.546777355846541,0.00559924252869808,0.551711720968806
20212,"Macquarie Island",59,"Subantarctic Islands",12,"Southern Ocean",224,212,"Polar",-3.08770935120986e-06,-6.63198874284377e-08,-2.61522514721406e-07,0,0,0,-2.63214291815553e-07,5.70079338983899e-06,4.5318635258685e-07,2.82997559929272e-05,-0.229721955212551,0.0181509894957568,-0.211540186399822
20213,"Heard and Macdonald Islands",59,"Subantarctic Islands",12,"Southern Ocean",222,213,"Polar",-0.0108176480591806,0,-3.17939370738145e-06,-1.24862058128376e-06,0,0,-0.00147354253231559,0,0,0,0.173163253225081,0.0173289397280607,0.178196574854133
20214,"Kerguelen Islands",59,"Subantarctic Islands",12,"Southern Ocean",223,214,"Polar",0.000859377070590525,8.82832440098358e-06,2.12349012515502e-06,-3.86481302554726e-06,0,0,-7.29622164143733e-06,0,0,0,-0.0121759298196603,0.00774029902361537,-0.00357646248251712
20215,"Crozet Islands",59,"Subantarctic Islands",12,"Southern Ocean",221,215,"Polar",-0.000597423920196377,-2.25503632902672e-05,-1.36657027424393e-05,-8.39090652302063e-08,0,0,-2.48963011165541e-05,0,0,0,-0.512111829537868,-0.0125039472102876,-0.525274397590813
20216,"Prince Edward Islands",59,"Subantarctic Islands",12,"Southern Ocean",226,216,"Polar",-0.00203901411406746,-1.23674659733213e-05,-1.17751032753334e-05,0,0,0,-3.62244231944736e-05,-3.94690708356499e-05,-6.2535167856058e-06,0,-0.085339980477848,-0.0247130039181501,-0.11219808967749
20217,"Bouvet Island",59,"Subantarctic Islands",12,"Southern Ocean",220,217,"Polar",0,0,0,0,0,0,0,0,0,0,0.480262058274324,-0.00804451503862385,0.472217532678873
20218,"Peter the First Island",59,"Subantarctic Islands",12,"Southern Ocean",225,218,"Polar",0,0,0,0,0,0,0,0,0,0,0.393784910640683,-0.0723538225852216,0.321431090792329
20219,"South Sandwich Islands",60,"Scotia Sea",12,"Southern Ocean",218,219,"Polar",-7.29230022917698e-06,0,-1.44486292998911e-08,-8.9606117222596e-07,0,0,0,0,0,0,0.328272513791804,0.0356821130272674,0.363946422316701
20220,"South Georgia",60,"Scotia Sea",12,"Southern Ocean",216,220,"Polar",-0.00148081361067685,-1.74852530239291e-06,-0.000614386922888886,-1.45789808746342e-06,0,0,-0.000330910371892374,0,0,0,0.696074358809799,-0.00922352304956968,0.684421518818411
20221,"South Orkney Islands",60,"Scotia Sea",12,"Southern Ocean",217,221,"Polar",9.04272950485858e-06,0,0.0180545317470762,0,0,0,0,0,0,0,-0.0421140432871371,0.00346370484171451,-0.0205867653381244
20222,"South Shetland Islands",60,"Scotia Sea",12,"Southern Ocean",219,222,"Polar",-0.00142140729744082,-0.000262193359431818,0.00649155436367873,0,0,0,0,0,0,0,0.48292189840589,-0.015514612576273,0.472215242464323
20223,"Antarctic Peninsula",60,"Scotia Sea",12,"Southern Ocean",215,223,"Polar",2.29641974980346e-06,0,0.0145571133414638,0,0,0,0,0,0,0,0.131266335007968,-0.0343875269699655,0.111438220211373
20224,"East Antarctic Wilkes Land",61,"Continental High Antarctic",12,"Southern Ocean",211,224,"Polar",0.00248536088909145,0,0.000100068374740242,0,0,0,0.00261919050455501,0,0,0,0.0535156028858722,0.00850630047549236,0.06722652366967
20225,"East Antarctic Enderby Land",61,"Continental High Antarctic",12,"Southern Ocean",210,225,"Polar",2.30998453096371e-05,0,0,0,0,0,4.24021193362789e-06,0,0,0,0.141136487029733,0.0147511094610552,0.155914936237864
20226,"East Antarctic Dronning Maud Land",61,"Continental High Antarctic",12,"Southern Ocean",212,226,"Polar",5.14515636685003e-05,0,0,0,0,0,7.25210891488647e-06,0,0,0,-0.0456034200508617,0.023319180719529,-0.0222255352871683
20227,"Weddell Sea",61,"Continental High Antarctic",12,"Southern Ocean",214,227,"Polar",0,0,4.49734715327595e-05,0,0,0,0,0,0,0,-0.0569833100228664,-0.0038486468065874,-0.0607869829630089
20228,"Amundsen/Bellingshausen Sea",61,"Continental High Antarctic",12,"Southern Ocean",209,228,"Polar",5.05774216945375e-05,0,1.08196788225504e-06,0,0,0,5.24364466503865e-05,0,0,0,0.0207960342597426,-0.0290141474619046,-0.00811401728561221
20229,"Ross Sea",61,"Continental High Antarctic",12,"Southern Ocean",213,229,"Polar",0.00106730054279106,0,3.40033733950463e-05,0,0,0,0.00130341883522807,0,0,0,-0.00424277866524527,-0.0228489971708935,-0.0246870538856511
20231,"Campbell Island",62,"Subantarctic New Zealand",12,"Southern Ocean",229,231,"Polar",-0.0745594936049059,-0.000355362012527592,-0.00269464154233828,0,0,0,-6.2142374293508e-05,-2.44821659130393e-06,-7.34122485500329e-07,-0.000128977059525209,-0.14491740162585,-0.0056663008239248,-0.228387502294839
20232,"Auckland Island",62,"Subantarctic New Zealand",12,"Southern Ocean",227,232,"Polar",-0.0379790439033679,-0.000731290563653157,-0.00149421790391293,0,0,0,-6.20296865754641e-05,-1.82563338250869e-05,-4.13829649508053e-06,-0.00126065202026707,0.0786994353341777,0.0118047596304075,0.0489545651813944
25007,"Baffin Bay - Davis Strait",1,"Arctic",1,"Arctic",1,7,"Polar",-0.00968850700065272,-0.000671361701423264,-0.000334382544028083,1.31290835005792e-06,0,0,-1.08922675561883e-05,-1.674633374222e-06,2.38642696954933e-09,-4.62892896309664e-06,0.0662234480150912,0.0214981936699241,0.077011508832014
25009,"Lancaster Sound",1,"Arctic",1,"Arctic",4,9,"Polar",-0.000183250335768988,-7.4932223714691e-06,-2.35072197726412e-06,3.37400742374376e-06,0,0,0,4.86133147028696e-06,3.48143175284853e-07,8.56537865981975e-05,0.0268882349435895,-0.0093049151028812,0.0174844621682038
25010,"High Arctic Archipelago",1,"Arctic",1,"Arctic",2,10,"Polar",-1.03641880144887e-05,-8.30595105242878e-07,-4.85435672695244e-08,0,0,0,0,6.22693211238418e-06,1.73012601210823e-06,0,-0.0247452158502931,-0.0101738390320133,-0.034922340881911
25014,"Eastern Bering Sea",1,"Arctic",1,"Arctic",17,14,"Polar",-0.0433214170364795,-0.0131005467688836,-0.00612105744296227,1.32701083072492e-05,0,0,-0.000574665256432518,-0.000158122139197194,3.67750338460468e-06,-0.000124904075928647,-0.509834809728795,0.00902926855267637,-0.564189293365598
25031,"Aegean Sea",4,"Mediterranean Sea",2,"Temperate Northern Atlantic",0,31,"Temperate",0.0245684629620945,0.0159384844225599,0.0155245583527766,-0.000275289599648983,0,0,0.00409460506551635,-0.00106580481732754,8.92461330985831e-07,-2.66522752016061e-06,0.0387875057638991,-0.00448055957954819,0.0930901894721438
25032,"Levantine Sea",4,"Mediterranean Sea",2,"Temperate Northern Atlantic",0,32,"Temperate",-0.00705678289121616,-0.0134233495420159,-0.00202707634372158,-6.68817000348201e-06,-7.79593971867572e-07,-0.00609522447480953,0.000144580346909709,0.000331760689792857,0.000113486665020522,8.43915994818268e-05,0.0450607592800415,-0.0232092555408656,-0.00608417785684858
25033,"Tunisian Plateau/Gulf of Sidra",4,"Mediterranean Sea",2,"Temperate Northern Atlantic",0,33,"Temperate",-0.0110675546413058,-0.0163318984775657,-0.00607702297384871,-1.62911994132806e-05,-1.2882667137459e-05,0,-0.00146342259068316,7.14431401014871e-06,-1.04233040441823e-05,0.000172439051650695,0.0292449629209811,-0.00335472070367458,-0.00890967035589693
25034,"Ionian Sea",4,"Mediterranean Sea",2,"Temperate Northern Atlantic",0,34,"Temperate",0.000739490549325765,-0.000512596224722457,0.00127939282487315,-7.08570949413277e-06,0,0,0.0013620200638626,-0.00191319024406478,-0.000355789319111513,-8.06477723599764e-05,0.00801513481235925,-0.0760615754965395,-0.0675348477962631
25035,"Western Mediterranean",4,"Mediterranean Sea",2,"Temperate Northern Atlantic",0,35,"Temperate",-0.00882409750527256,-0.00897902513991883,-0.0075614703840671,-4.11104742151599e-05,0,0,-0.00174245394259155,-0.000928637335756668,-0.000217804708875939,4.33483244918291e-05,0.136180486903216,0.0182313906458055,0.126160627587354
25036,"Alboran Sea",4,"Mediterranean Sea",2,"Temperate Northern Atlantic",0,36,"Temperate",-0.00459412305914843,-0.00678214884870055,-0.00422181468203156,2.68163038934247e-05,0,0,-0.000871009359210994,0.000122588019675005,-9.94246969146477e-05,7.45564691643285e-05,0.0710561926281426,-0.00855075696261842,0.0461608755783029
25040,"Gulf of Maine/Bay of Fundy",5,"Cold Temperate Northwest Atlantic",2,"Temperate Northern Atlantic",22,40,"Temperate",-0.0161386708971107,-0.00842560382437592,-0.00479534234840239,-0.000131349738462612,0,0,-0.00316100615164328,-0.00029077753919939,-2.65214189470168e-05,-2.73457081769165e-05,0.126626727297894,-0.0481712381444739,0.0454588709471091
25042,"Carolinian",6,"Warm Temperate Northwest Atlantic",2,"Temperate Northern Atlantic",21,42,"Temperate",-0.00544069952081001,-0.00180753874777476,-0.00204455166550916,-8.94325336580028e-05,0,-0.00030635428972881,-0.000184877764676721,-0.000218784319504372,-5.96956262788652e-05,-8.59047439303e-05,0.14464788449617,-0.00169418146894334,0.132715863296001
25046,"Kamchatka Shelf and Coast",8,"Cold Temperate Northwest Pacific",3,"Temperate Northern Pacific",44,46,"Temperate",0.00979175328337902,0.00275872399349853,0.00893137508061123,9.55051957000685e-06,0,0,1.16445246376777e-07,9.08409344278919e-05,4.52680302275099e-06,3.52602028568441e-05,0.104074648338987,0.00840355682878157,0.134100349669421
25055,"North American Pacific Fijordland",10,"Cold Temperate Northeast Pacific",3,"Temperate Northern Pacific",52,55,"Temperate",-0.00542085330116049,-0.00110445189922323,-0.0022049016070583,6.77456607109426e-05,0,0,-0.000153890078972908,-0.000159323312646444,-6.43935481557129e-06,-0.000112269807375857,-0.359008899425426,0.00509647706826796,-0.363006806302326
25056,"Puget Trough/Georgia Basin",10,"Cold Temperate Northeast Pacific",3,"Temperate Northern Pacific",55,56,"Temperate",-0.000718779885854604,-0.000181829914707502,-0.000538850818057609,3.00900925387308e-05,0,0,-1.3241529184366e-05,-0.000254454690786618,-3.12866438788616e-05,-4.42463197592987e-05,-0.015928179325742,0.00957096669869288,-0.00810981225842022
25057,"Oregon, Washington, Vancouver Coast and Shelf",10,"Cold Temperate Northeast Pacific",3,"Temperate Northern Pacific",54,57,"Temperate",-0.00186610842655142,-0.000449753375336504,-0.00219863035359445,-2.58415809129986e-05,0,0,-0.000117072522977651,-0.000250773424522071,-9.74056763103586e-05,-9.97191884633671e-05,-0.541818640601483,0.0304820506003249,-0.516441890927712
25058,"Northern California",10,"Cold Temperate Northeast Pacific",3,"Temperate Northern Pacific",53,58,"Temperate",-0.00172408307675966,-0.00129469550493604,-0.000595643117178352,-3.19936901095166e-05,0,0,-1.35844955422486e-05,2.01776642808653e-06,8.92808735892458e-06,-8.14437451057239e-05,-0.329145759082428,0.0134483262596442,-0.319427927537338
25059,"Southern California Bight",11,"Warm Temperate Northeast Pacific",3,"Temperate Northern Pacific",58,59,"Temperate",-0.000853567751977303,-0.000398918974339305,-0.00144886650473507,-2.07147421890365e-05,0,-2.78138370220326e-05,-0.000136034667522318,-0.000184295575385537,2.41583906198272e-06,2.2239439043692e-05,0.242656133018535,0.0017279673878702,0.241338545165732
25080,"Sahelian Upwelling",16,"West African Transition",4,"Tropical Atlantic",76,80,"Tropical",-0.00485515926723275,-0.00459493046946642,-0.00366843581639397,1.15180871343466e-05,7.79539220465701e-05,-0.00259625283692516,-0.000560808356182642,-0.000285083959472066,-6.35093735777792e-05,5.31416141740067e-05,0.0777334993994729,-0.0032409505704554,0.0580109837038843
25081,"Gulf of Guinea West",17,"Gulf of Guinea",4,"Tropical Atlantic",81,81,"Tropical",0.000665191316404106,0.000146133834908666,-0.000119789659368864,5.14572723333587e-06,0,-0.00156969221307887,-0.000105643534787371,0.000193352283102313,4.39626185838625e-05,5.31336824406138e-05,0.308487818147889,0.00279339013222743,0.310593004802472
25085,"Gulf of Guinea South",17,"Gulf of Guinea",4,"Tropical Atlantic",186,85,"Tropical",-0.0018788146736418,-0.00174981297332115,-0.000973145610236736,-1.2129646178489e-05,-0.00033310367328213,-0.00192267855960865,-0.00019436792643664,0.000139025262303938,4.38455153170572e-05,0.000171109982523954,0.336817678106555,0.0106947811946852,0.340802388457997
25086,"Angolan",17,"Gulf of Guinea",4,"Tropical Atlantic",186,86,"Temperate",-0.00401655281994842,-0.00298950258132629,-0.00113489120520015,4.0544449698373e-05,0.000743151195917025,-2.74165832231993e-06,-0.000105287739943645,5.73152546517429e-05,9.50664079967564e-06,0.000309171796055429,0.4488221969014,-0.00752838603375428,0.434204524430872
25147,"Fiji Islands",35,"Tropical Southwestern Pacific",6,"Central Indo-Pacific",144,147,"Tropical",-0.00849453811303023,-0.00716070708958711,-0.00515046973483529,-3.74531042623111e-05,0,0,-0.00156777867321959,-0.000106731797271157,-5.81114401558018e-06,-0.000107591091134333,0.314148657313181,-0.0229531998147636,0.268564375947313
25152,"Hawaii",37,"Hawaii",7,"Eastern Indo-Pacific",158,152,"Tropical",-0.000297464947992957,-0.000321781271167253,-0.000793104562772875,-1.46073096415484e-05,0,-0.000109835441657305,-0.000679402611823307,9.53811430625888e-05,2.25027481425758e-05,-5.76579518926495e-06,-0.21862815793927,0.0602176879616864,-0.160514551055238
25154,"Gilbert/Ellis Islands",38,"Marshall, Gilbert and Ellis Islands",7,"Eastern Indo-Pacific",148,154,"Tropical",-0.00524642020862272,-0.00541803070246711,-0.00910049664671097,-1.3292750153017e-06,0,-7.67924174023702e-05,-0.0109368425363241,0,0,-2.98231568882392e-05,-0.129974474010789,0.00726795612400933,-0.153516252057813
25184,"North Patagonian Gulfs",48,"Magellanic",9,"Temperate South America",179,184,"Temperate",-0.0322827879620036,-0.00844730237531031,-0.00447161920165903,1.45942998267342e-05,0,-9.4603746652963e-07,-2.40991372176814e-05,1.40718607234109e-06,2.29017904137036e-06,1.07691118695688e-05,0.00624656399763294,0.0405207310979539,0.00156960078622071
25185,"Patagonian Shelf",48,"Magellanic",9,"Temperate South America",180,185,"Temperate",-0.0765391160850573,-0.0217390656722747,-0.0101194060861244,-8.20805290744075e-06,-5.28651610564744e-07,-2.32434188300315e-05,-7.97639583360272e-05,8.85500316058125e-05,-7.00025780040729e-07,-6.38003764349991e-05,-0.210889708148426,0.0173764998515104,-0.301998491623377
25190,"Namib",50,"Benguela",10,"Temperate Southern Africa",188,190,"Temperate",-0.00482543742377877,-0.00210832185003641,-0.0136573427906493,3.97976540116257e-06,0,0,-6.36578295804764e-05,1.03015899524309e-05,5.22948814457289e-06,4.81879341982169e-06,0.102075994129226,-0.0209367339259272,0.0605088293614445
25195,"Kermadec Island",53,"Northern New Zealand",11,"Temperate Australasia",202,195,"Temperate",-0.00664571442606785,-0.00254879802374952,-0.00137381387084984,0,0,0,-0.000237612107168385,0,0,-8.26599900277085e-05,0.408693785943159,0.091808299693662,0.48961348788647
25196,"Northeastern New Zealand",53,"Northern New Zealand",11,"Temperate Australasia",203,196,"Temperate",-0.0111812883548953,-0.0072402826613041,-0.00301583614268483,-7.3109279494263e-05,0,-0.000120779099128028,-0.000323073428736845,-0.00104307967981581,-0.000740397517340084,0.000174347716319712,0.30194621469003,0.0286890472357371,0.307071761917998
25198,"Chatham Island",54,"Southern New Zealand",11,"Temperate Australasia",206,198,"Temperate",-0.0084964065537431,-0.00165804992663224,-0.001464252626455,-3.07721913024311e-06,0,-5.21641767821136e-06,-0.00017571528372367,5.74646917572254e-05,-6.32671808477857e-07,-2.61011283107676e-05,-0.0875386485916458,-0.028335345341903,-0.127645982182259
25199,"Central New Zealand",54,"Southern New Zealand",11,"Temperate Australasia",205,199,"Temperate",-0.0366862338451966,-0.0096032883705744,-0.00392946924967919,-3.44113335253112e-05,0,-0.000223534714305597,-0.000157541094937518,-0.000470869819864118,-0.000984569001332875,0.000156999244728863,-0.0442120648041324,0.015839947718762,-0.0803050344096311
25230,"Bounty and Antipodes Islands",62,"Subantarctic New Zealand",12,"Southern Ocean",228,230,"Polar",-0.00472511832541856,-0.000827929053507868,-0.000741323839362103,0,0,0,-0.000119156947147733,-4.22061181009333e-07,-2.22755690864243e-08,-0.0001239681993694,0.051990977968921,0.0302776212726729,0.0757306578627463
