"eez_id","eez_key","eez_nam","sov_id","sov_nam","eez_iso3","artisanal_fishing_combo","demersal_destructive_fishing_combo","demersal_nondest_high_bycatch_combo","demersal_nondest_low_bycatch_combo","inorganic_combo","invasives_combo","night_lights_combo","ocean_acidification_combo","ocean_pollution_combo","oil_rigs_combo","pelagic_high_bycatch_combo","pelagic_low_bycatch_combo","plumes_fert_combo","plumes_pest_combo","population_combo","shipping_combo","slr_combo","sst_combo","uv_combo","global_cumul_impact_2013_all_layers"
0,"AU","Australia",16,"Australia","AUS",0.000417716763246495,0.0242996576808999,0.0147965017889353,0.0122940240721852,0.00147112819556382,0.00674593310566601,0.000394768692570164,0.953801541734693,0.176557184837851,3.23886208694555e-05,0.00680400082918231,0.0108895213468869,0.00392133163278575,0.000352849771145819,0.00407690259067876,0.12284083343256,0.202557401556175,1.41157490867945,0.620331440340285,3.57416005483931
1,"CC","Cocos Islands",16,"Australia","CCK",0,0.00179769022179214,0.00400914134390149,0.0040833836442883,1.07200818862326e-06,0,1.63855374036994e-06,1.12288290960084,0.11676733351092,0,0,0.00449311162042625,0,0,0.000142226974608612,0.0645800725873775,0.000889292869588687,1.60552593128163,0.752549330050418,3.67772319919659
2,"CX","Christmas Island",16,"Australia","CXR",9.7192591632895e-05,0.00197063363920303,0.00510201368756637,0.00485386274701466,3.84968371693875e-06,0.00013152535707734,4.48531876483403e-05,1.12474006071047,0.144400383740755,0,5.76074429218155e-06,0.00431526911279577,0,0,0.000232945167280317,0.0812465204409086,0.000930530121800543,1.76845256166719,0.785715002745905,3.92224302591937
3,"NF","Norfolk Island",16,"Australia","NFK",4.47485828674447e-06,0.00592201011992702,0.0028244144785933,0.000744378564117157,0,0.000570095155499375,1.22129755066859e-05,1.26019548454734,0.187073303711097,0,0,0.000247880128807592,0,0,0.000126736985673342,0.108040179680047,0.00219062975012281,1.43010016866245,0.74773673448382,3.74578872340263
4,"AU-XMQ","Macquarie Island",16,"Australia","AUS",3.93020820288355e-07,0.000353577108193946,4.05916337664e-06,2.12948622776255e-05,6.3974418218361e-06,0,0,0.810617024332474,0.0130534443605583,0,0,2.02912739738212e-05,1.97426544969617e-05,1.20561316977928e-06,0.000130586001526866,0.00706660074756499,0.000459593431278106,0.28334896247305,0.823808946115045,1.93891211769826
5,"NC","New Caledonia",179,"France","NCL",0.0011939572028242,0.000477329863435429,0.00028641905431857,0.00040048132133331,0.000106985317770333,0.00144681606289195,0.000121901952781972,1.2310533786854,0.141963047022753,0,0,0.000431650770583116,9.01825395874737e-05,3.79009680105754e-06,0.00252402494640052,0.0900468609580338,0.0315426549226567,1.46409751065392,0.613816516310197,3.57960353098725
6,"VU","Vanuatu",6,"Vanuatu","VUT",0.00164373416508954,0.00283018895158921,0.00241795967215284,0.00481439803367672,0.000201752014090873,0.00104830160225875,3.56989775217808e-05,1.21670332420504,0.0859726514499204,0,0,0.00680466678293581,9.27944143803933e-05,1.5248587481841e-05,0.00629531937739403,0.0539034049077726,0.0112952161088324,1.72642930599752,0.58283034272356,3.70333434187696
7,"SB","Solomon Islands",7,"Solomon Islands","SLB",0.00184504712107411,0.00455290622148492,0.0035934706018942,0.0232379626819663,0.000576090116455075,0.000676394617306452,1.07541994198489e-05,1.14326498181122,0.0631379202911999,0,0.000456679947345494,0.0326733032696986,0.000101197874966938,1.5959155877109e-05,0.00600765464623053,0.0369328227632888,0.0183383056543509,1.75643484369872,0.615238152817845,3.70709448282365
8,"PW","Palau",8,"Palau","PLW",0.000647426408634871,0.00385107063675714,0.0146257436002837,0.0166936380461618,4.91524399414318e-05,0.000716574420048968,5.44382215181143e-05,1.16407786945419,0.13053968608957,0,0.000455672911999267,0.0180327480800653,2.71598596877312e-06,6.08464478026617e-07,0.000917027548815689,0.0728259093686831,0.00579075716277568,1.66999416981288,0.716414058256118,3.81568931064443
9,"FM","Micronesia",9,"Micronesia","FSM",0.000177491908290553,0.00225568676072039,0.0081630625355998,0.0141370053915528,2.24150200840181e-05,0.000334680098900843,2.06695376845448e-05,1.13910900466032,0.115171273458727,0,0,0.0183695086665475,0,0,0.000558437690050983,0.0655837911878276,0.00692807284965608,1.40851412711999,0.680052986453889,3.45939825257097
10,"NR","Nauru",10,"Nauru","NRU",8.74696376225407e-06,0.0018561135905241,0.0130134852292453,0.0242526609263573,0,9.56938359617692e-05,3.30552077334153e-05,1.07446504837647,0.0410549498324569,0,3.06972045347611e-05,0.0219296580284476,0,0,8.50400036941885e-05,0.0211501056951972,0.000133018820642215,1.4507303519606,0.73381506520551,3.38265371556048
11,"MH","Marshall Islands",11,"Marshall Islands","MHL",0.000538286510620964,0.000959174820787512,0.00328083034329829,0.0072666323278306,0,0.000225322561156385,2.90296455056893e-05,1.16456411097543,0.064615621045757,0,0,0.00957653353049468,0,0,0.00148710866663472,0.0385347663065946,0.00987027750252426,1.33538910911709,0.590983595028664,3.22732043382519
12,"UM-79","Wake Island",163,"United States","UMI",0,0.00358812933712504,0.0132766457841978,0.0170372221385666,0,6.14086598559919e-05,1.66134251314057e-05,1.26097916041967,0.157352839962552,0,0,0.0251876607651703,0,0,0,0.103049916344453,4.16026789498679e-05,1.79726214519726,0.568388349789566,3.94624174070858
13,"MP","Northern Mariana Islands and Guam",163,"United States","MNP",0.000286821629419289,0.00654155411252468,0.0234122880006917,0.0415578312294743,0.000271067493700554,0.000296092655142075,0.000148133517913383,1.17487857284612,0.21454911820745,0,0,0.0588923091576744,0,0,0.00052391049416802,0.127110008055513,0.00135512182363167,1.79890944978938,0.690681665082321,4.13941396469493
14,"TW","Taiwan",14,"Taiwan","TWN",0.000649429238018845,0.261690346728315,0.209340175332584,0.0882761104441075,0.0133314216869982,0.0134237306327984,0.00279612331406128,1.06100222737595,0.424439067358071,6.79916979061743e-05,0.00258678605449071,0.0154543294873171,0.0111432000682163,0.00107357009000013,0.00911746782347856,0.354782612483528,0.0728277949994894,1.6974333469838,0.570090757558651,4.8095264953043
15,"PH","Philippines",15,"Philippines","PHL",0.00947775930769963,0.14133626745141,0.243264798081863,0.129144674183125,0.0139749575537206,0.012943747213839,0.00106213738265356,1.12450368677669,0.239052481748046,1.6519897253524e-05,0.0020032865600662,0.0492775057689423,0.00741591362044784,0.000947184709338891,0.0285550241703977,0.154083169049252,0.0985668135917807,1.56318462643578,0.560326799982444,4.37913737946059
17,"PG","Papua New Guinea",17,"Papua New Guinea","PNG",0.00183972937286877,0.0137029246046376,0.0124820072373799,0.0660537383656814,0.00300320679463241,0.00252021011355757,6.76426550930693e-05,1.0707110332731,0.134385231284156,0,0.000117249664087849,0.0947937330056143,0.000528757128669363,5.44452071186524e-05,0.00920897974103704,0.083741288614832,0.0713373002466567,1.58320698059583,0.54240973154837,3.69016422447935
18,"FJ","Fiji",18,"Fiji","FJI",0.00157766083204644,0.00572678209755135,0.00547330669663513,0.00523663285977396,0.000738270082764468,0.00189781293208939,0.000136064022404914,1.22225853332252,0.0965959340793509,0,9.97070405988801e-05,0.00403997930681033,0.000244106430732647,2.75359140341228e-05,0.00489477141249509,0.0587588849538759,0.0307515386447546,1.87700646679453,0.603662357264757,3.91912638365854
19,"TV","Tuvalu",19,"Tuvalu","TUV",7.38065267843314e-06,0.00119114857061326,0.00425497243581924,0.00826755416330435,0,0.000396454780193423,6.25780775927574e-06,1.14823453137502,0.029381584073523,0,0,0.00987470031316058,0,0,0.000422487139178749,0.0163055447942935,0.00522386093546586,1.79857610889899,0.636036990430389,3.6581796032502
20,"KR","South Korea",20,"South Korea","KOR",0.000951414144527252,0.406461731242039,0.413981715234689,0.16621150548131,0.0186163423656527,0.0434345712077662,0.0123869785455447,0.657282490337889,0.379188886563363,0,0,0.00408586488883146,0.0223792475644948,0.00461676660894541,0.0379037110183803,0.38332868197324,0.319624531001244,1.41291342947902,0.573547349247378,4.85691521516133
21,"KP","North Korea",21,"North Korea","PRK",0.00111156747696542,0.166061039012341,0.10895084049174,0.0513570988868283,0.0348083974021647,0.0506325587349031,0.000870350642135295,0.711832137203435,0.231967981886026,0,0,0.014516467708171,0.00657408969867888,0.0019713392615051,0.0448053138561744,0.126819496625441,0.280348545011694,1.30820452973052,0.47277159018167,3.61360333419832
22,"XD-PF","Paracel Islands",22,"Disputed","-",0,0.145036161758467,0.173068467326076,0.0683467802748932,0,0,1.99177562501584e-05,1.11736646365858,0.378060385119509,0,0.000978002300494347,0.0152157109713114,0,0,0,0.269928226868146,0.0132318336455517,1.59179828517193,0.574362495168388,4.34741274116749
23,"XD-PG","Spratly Islands",23,"Disputed","-",0,0.194414039965696,0.277341271334279,0.129655423190557,0,0,3.26800289610135e-06,1.08867966695604,0.258394207491337,0,0.0217714438751128,0.0550016287717056,0,0,0,0.185102984861357,0.0229876149129674,1.38647871152049,0.572919397779318,4.19274972010684
24,"KH","Cambodia",24,"Cambodia","KHM",0.00100066171128344,0.490749160164688,0.39470451210644,0.160413860789448,0.0121130811413288,0.0348440049334626,0.000455530135901334,0.472755285344723,0.262774815741923,0,1.42267375743941e-05,0.00395263045652591,0.00290621893677201,0.000167890316520506,0.0244731666820884,0.193352346875136,0.702493825539085,0.882432952368866,0.449710846901723,4.08931502634736
25,"TH","Thailand",25,"Thailand","THA",0.00342174845503385,0.295823328347119,0.205648965706115,0.106291660022452,0.0236898671314439,0.0366004993540051,0.00542988135174904,0.688142158969825,0.212864870458939,0.000585294997223053,0.00140138776809062,0.00412594656358114,0.027074143172984,0.00542650377766073,0.027796491326477,0.188218868356853,0.442991938311794,1.26469689428979,0.434263807722463,3.9744942762286
26,"IN-XAN","Andaman and Nicobar",203,"India","IND",0.000354010563099025,0.0967764655635755,0.0887237648062275,0.0434496715000354,0.000869293741107041,0.000421252237428021,0.000142526668308768,1.0563293293827,0.0842129589367792,0,0.0126580202300668,0.0104727968414783,0.00163728959671724,5.94181078675894e-06,0.00583871628877729,0.0509597044809669,0.0384330901481572,1.66447520694563,0.645223830108891,3.80098390452502
27,"XD-KU","Southern Kuriles",0,"Disputed","-",0.000349334811825033,0.0715901396744202,0.03941142234707,0.0525331396517342,0.000395446401830742,0.00104518546886186,0.000129686839120544,0.841821731614904,0.316828979943049,0,0,0.00941613193060204,0.000730814486026363,0.000110118322542696,0.00490973798603096,0.200921940873069,0.0284996326545464,0.836315966120771,0.798523130912277,3.20353254477827
28,"KM","Comoro Islands",28,"Comoro Islands","COM",0.000477872156484908,0.0146258958317042,0.0120887975244659,0.0129543533140225,0.00163812844827219,0.00104122327342745,6.95516105085702e-05,1.12083023278682,0.137569845142258,0,0.00346388847316848,0.0104839185321706,0.000837820108395672,0.000131683761307084,0.00434742992344186,0.0772867818728167,0.00904127737884308,1.75231017501273,0.684053122836201,3.84325204492087
29,"YT","Mayotte",179,"France","MYT",0.000385570904969804,0.0135260685654259,0.0043030879079283,0.0200863463590853,0.000961202098165243,0.00388499502435141,0.00132104981537451,1.10435999068261,0.112539429758248,0,0.0023851449166208,0.0260641305041332,0,0,0.00643559585564167,0.0616077976759197,0.0318620849901968,1.63776917525306,0.706596920831711,3.7340886487605
30,"TF-XGO","Glorioso Islands",179,"France","ATF",0,0.00227257091429129,0.000355005608576485,0.00709651884047041,0,0,0,1.13561985631401,0.10198094665227,0,0,0.00979083533369869,0,0,0,0.0592363110060952,0.00651001278748342,1.70143402555818,0.623841167517577,3.64813730920132
31,"SC","Seychelles",31,"Seychelles","SYC",6.5536811435593e-05,0.00256424442376153,0.0012110957523508,0.00952424589263641,4.41752441798362e-05,0.000620380494884188,7.06392262406488e-05,1.09632764597899,0.0798682938448169,0,0.00681240328795734,0.0131816861562238,1.71762178376941e-06,3.10364016306038e-07,0.000399792479253,0.0469759388783481,0.0172415999169321,1.70712988390263,0.631010717526279,3.61305034466154
32,"RE","RŽunion",179,"France","REU",9.30021506857484e-05,0.000834571379475061,0.000992696404441292,0.00417922756609067,0.0012320366616796,0.000497824701704995,0.000455332036944981,1.18142600735975,0.24236840925849,0,0,0.00578830814660013,0,0,0.00105184414952093,0.140807259334932,0.00154419141843668,1.97964659413977,0.803212692493305,4.36413004695066
33,"TF-XJU","Juan de Nova Island",179,"France","ATF",0,0.00108326299102917,0.000573681411351465,0.00302517127012298,0,0,0,1.12165166605321,0.15903913921088,0,0,0.00414528379228689,0,0,0,0.0948450028375665,0.00145021863520994,1.78211810483975,0.666858627096014,3.83479020507167
34,"TF-XBS","Bassas da India",179,"France","ATF",0,6.22774275980754e-07,9.49108757660605e-05,0.00197539241398839,0,0,0,1.15862102201488,0.161961152504595,0,0,0.00277613951727321,0,0,0,0.0899963515361413,0.00148910291391384,1.77149292707982,0.809627539076356,3.99803520324604
35,"TF-XEU","Ile Europa",179,"France","ATF",0,0.000260153915369515,0.000430506858868018,0.00237456373517971,0,0,0,1.17151569058026,0.0780496054778567,0,0.0032721245271166,0.00330704103141308,0,0,0,0.0430868731338714,0.000427378306321927,1.71250209521189,0.84034259272466,3.85556866967066
36,"TF-XTE","Ile Tromelin",179,"France","ATF",0,0.000138519264076298,0.000440036153953816,0.00493154795768943,0,0,0,1.1316370051697,0.0875801757860885,0,0,0.00694874826727889,0,0,0,0.0471724602312202,4.52418776433347e-05,1.85084816731565,0.70711072160147,3.83685269673677
37,"MU","Mauritius",37,"Mauritius","MUS",8.16124892080571e-05,0.00528512735794289,0.00340801857179103,0.00743273046032664,0.000420759388624168,0.000234723040258292,0.000146501756433345,1.1676185226822,0.115333356662524,0,0.000231547304123374,0.00928348868623306,0.000379277560220578,0.000251290243429352,0.000464068712449975,0.0695217574943988,0.0100793687662769,1.78015551958727,0.612124714904186,3.78245242658494
38,"IO","British Indian Ocean Territory",180,"United Kingdom","IOT",0,0.000860208541642267,0.000779914929181722,0.00404397747624693,0,0.000324201217917818,6.2757598499614e-05,1.10788650651133,0.11254785321409,0,6.93792123254363e-06,0.00600015257289968,0,0,0,0.0626493285885329,0.0341217414849456,1.66843934491712,0.644953350681392,3.64267632756904
39,"MV","Maldives",39,"Maldives","MDV",0.00165055217232178,0.0164749889187045,0.003186228684169,0.0228480483089314,2.85860042923875e-05,0.000364608317737327,0.000572026356607581,1.11750078569279,0.122819291870914,0,0.000131901209606398,0.0337220828468794,0,0,0.00573558723249223,0.0763177560968079,0.0322863232853617,1.62271692112618,0.672052028067187,3.72840776300391
40,"LK","Sri Lanka",40,"Sri Lanka","LKA",0.000476000100525468,0.0616492779136636,0.0589490235562665,0.0489952011072082,0.0095191839128954,0.00541102622771119,0.00102745684848903,1.06736908199615,0.202927000311898,0,0.851428772543258,0.0335474493314947,0.0105435190950193,0.000403289880591146,0.00808080339939861,0.119496661911898,0.0472147137721365,1.5867894617976,0.63026506128812,4.74409305069703
41,"MZ","Mozambique",41,"Mozambique","MOZ",0.000977683363095995,0.0567544471647419,0.00693193827661805,0.00605820031666087,0.0133598473922877,0.00881958047428373,0.000252857822295287,1.03446565714149,0.139330896896361,0,0.0019421760835824,0.00249822350666509,0.0057592553238872,0.00109295767599159,0.0123680092658535,0.0845496643754666,0.130095736076174,1.66317873911627,0.548558186878384,3.71699409019697
42,"MG","Madagascar",42,"Madagascar","MDG",0.00097677443221255,0.0481493880472198,0.010849909344785,0.0120063917630972,0.00788882058906386,0.00438725865951697,6.21696993774785e-05,1.10864915955536,0.122558669052116,0,0.000590657343235923,0.00758080148598975,0.000730076250588563,2.09750071600824e-05,0.00874558304863672,0.0711100198530268,0.059600009338686,1.7688523335179,0.669473288358347,3.90223233853148
43,"KE","Kenya",43,"Kenya","KEN",0.0021347828582255,0.0214461082180203,0.0104402729445684,0.00607444902965003,0.017626930212145,0.00287970923763574,0.00107355538519294,1.03609290385417,0.0561357677565902,0,0.0123115277455245,0.00267859016522528,0.0123973970525372,0.00203041205787299,0.013916817563589,0.0294120464111057,0.0471470678471416,1.67686464023384,0.447740391860847,3.398403407101
44,"SO","Somalia",44,"Somalia","SOM",0.000239877240644371,0.0172425552872786,0.00630701772166167,0.0048981142720548,0.00579961707310618,0.00263638764224043,2.77395673757195e-05,1.05188439707504,0.0916074653966397,0,0.00440388667683067,0.00363827387775874,0.00075671650815414,0.000152375251853184,0.00564674551183006,0.0542747034469399,0.0331406242156277,1.67609012916366,0.562752725831566,3.52149937625736
45,"ER","Eritrea",45,"Eritrea","ERI",0.00407617310303648,0.0431239285574078,0.0245120523880612,0.0114681934786043,0.0124405438200068,0.032370240862267,0.000383427368127848,0.683530615277799,0.221064154066281,0,1.26448053037446e-05,0.00128328067352885,0.000141196707906005,9.59831610464707e-06,0.0360298231281327,0.176133718775944,0.467677137225746,1.05980901241627,0.289890248833927,3.0639559882154
46,"DJ","Djibouti",46,"Djibouti","DJI",0.00794015133022765,0.17242098048317,0.0662613247340683,0.0422935198567349,0.0306270758129656,0.1097969273058,0.00613451575030956,1.0259522220399,0.219990691888041,0,0.198205260297777,0.00483178713110989,0.00210936342213134,0.00033755351144784,0.0829536491629879,0.134334955895662,0.230535484707463,1.37595230959211,0.326566684281476,4.03724448612117
47,"YE","Yemen",47,"Yemen","YEM",0.000393960549743268,0.0671505451858693,0.0225109782583009,0.027858534905512,0.00810920514833065,0.00909781993451188,0.000564731854006277,1.02796178101952,0.313784750531304,0,0.0458943667247524,0.0136334429499876,0.00211548590708654,3.60875004910012e-05,0.00757320177229979,0.214639035332428,0.0515833610054053,1.59746322674201,0.494438854380638,3.90480937370406
48,"OM","Oman",48,"Oman","OMN",0.00049806740800545,0.0356786366930364,0.0169126705023107,0.0191157608638867,0.00336098125461029,0.0032077586745813,0.00125694267679608,1.01598931702032,0.316315455321158,5.58054079411755e-05,0.0179484654516699,0.00696506044362329,0.0014450658907801,9.52954680942485e-05,0.00581653332957877,0.203802444361903,0.0480353205489336,1.77214152600414,0.596194556779163,4.06483567271936
49,"SD","Sudan",49,"Sudan","SDN",0.00110218019979991,0.0647224241267298,0.0208601717405784,0.00886915076335979,0.00968563567246247,0.0164726847196936,0.000682750023248013,1.07454935530107,0.242429204581417,0,0.000481774355028774,0.000244338149438103,0.000633404625690102,3.04771208436395e-05,0.0201870849465565,0.195166381598325,0.222926164146796,1.52723263309344,0.281812240524268,3.68808805487361
50,"SA","Saudi Arabia",50,"Saudi Arabia","SAU",0.00199167954414387,0.0551862319561838,0.0434587026973525,0.0262474484399829,0.0183353509910945,0.0569303960547489,0.00783506534078204,0.897928193288341,0.261645826289489,0.00331292938155626,0.0138160636754918,0.00149433537364437,0.0084431726430917,0.000438611299103858,0.0263689770472494,0.198940370711275,0.382516138231818,1.2907597527001,0.248923588194986,3.54457283190957
51,"KW","Kuwait",51,"Kuwait","KWT",0.00276898877038197,0.114852051466552,0.0751343012072784,0.0345553524477293,0.0652639861785651,0.290256428709893,0.0243317538763357,0.336715008364098,0.372575466629848,0.000515767757147067,0.0219841432916546,0.00196026550243438,0.0332797051269393,0.00431798434548211,0.0543903155066238,0.1592365969472,0.539594781731022,0.604256710994439,0.198149909874418,2.93413950973227
52,"BH","Bahrain",52,"Bahrain","BHR",0.0031597614882343,0.131540990899026,0.101600322991035,0.0495065865566642,0.0348605005459917,0.277179034519505,0.0397644761933071,0.218359142150689,0.347147483796606,0.000152189632812437,0.0378991173304538,0.00174205470147204,0.0203580835588075,0.000513991700397742,0.0796604970045496,0.0864647179357253,1.0430544792701,0.346858203596495,0.0717747875162625,2.89159640210253
53,"PK","Pakistan",53,"Pakistan","PAK",0.000168749982341039,0.140612570263535,0.0631715988702997,0.0434114793283311,0.0141270608747049,0.0122768339966876,0.000753874357619223,0.96878070714909,0.410578774499732,0,0,0.0024860577671368,0.0110483542423616,0.0028004435678334,0.00871354513497299,0.300192427159756,0.103851360674902,1.72694388310946,0.555178138143641,4.36509585366192
54,"AE","United Arab Emirates",54,"United Arab Emirates","ARE",0.00168872347763724,0.193023613617721,0.181104023267265,0.107423150740069,0.0289855668441654,0.216743298303623,0.0158154370398941,0.299855729744138,0.404915019104461,0.00198319690129043,0.0960320854171998,0.00350669041288172,0.0243624588441892,0.00303368208808719,0.039346493419796,0.174839252113373,0.91424524308041,0.492995365634699,0.17647605839884,3.37637507620292
55,"PT-20","Azores",183,"Portugal","PRT",1.95488456038712e-05,0.00819520907617077,0.000986656318601712,0.00266853928913074,0.000284543011697191,0.000428034883884248,0.000271961827862289,1.17835877212929,0.365319410542324,0,0,0.00196950216730335,0.000532485015036307,0.000122637160020533,0.00092707007325224,0.241390815448419,0.00122966200548,1.8083108418632,0.745830235407211,4.35684596851346
56,"CV","Cape Verde",56,"Cape Verde","CPV",9.33349972704842e-05,0.00199457117560188,0.0007876948891309,0.0044638023296523,0.000470681800066362,0.000611412212097892,0.000124773113773905,1.15033359123553,0.249977140738034,0,1.33783730254182e-07,0.00494995342026026,0.000111539797282653,1.61688317754489e-05,0.00161905121867248,0.143529895951106,0.00437165192579735,2.10519294338941,0.718696671263729,4.38734506148694
57,"PT-30","Madeira",183,"Portugal","PRT",1.84408077102164e-05,0.00108429811838539,0.00198337673789873,0.011484273615369,0.00044100370038988,0.000161302473510033,0.000285511299041421,1.1543548238365,0.384987968542646,0,0,0.00332386070755679,0.000229980951725937,5.0709065930808e-05,0.000711093412807125,0.236397014116062,0.00117719456383583,1.68095220498493,0.830737939699585,4.30838102076389
58,"ES-CN","Canary Islands",182,"Spain","ESP",0.000126819365923394,0.0207860030164467,0.0297381201171596,0.0331798641529754,0.00270814358540601,0.00109413548092143,0.00127875013706144,1.12826578506106,0.369102449841926,0,0.000545010325273296,0.00975915126844029,0.00114124934718573,6.22319108937136e-05,0.00422321569918594,0.233914812564191,0.00805828590159351,1.81254592373499,0.78876892843848,4.44529890854998
59,"BE","Belgium",59,"Belgium","BEL",0.000469392683360759,0.122993106483909,0.100807381531658,0.0371467804403303,0.0961239744750228,0.701209228981087,0.0193203957572835,0.175701221265087,0.727400565221079,0,0,0.00287198055242813,0.0496181822192916,0.00549238841973084,0.0526264585238833,0.274686056177022,0.953399427806513,0.580406106963348,0.215415347596832,4.11568799527695
60,"GI","Gibraltar",180,"United Kingdom","GIB",0.00179681849637718,0.156458599639661,0.131097890843045,0.140593824949529,0.207436954914771,0.153775978088379,0.0287819125435569,0.9756264063445,0.895111308314584,0,0,0.024936742237722,0.0784797179966527,0.00697699183670332,0.0605651249789228,0.657973384134697,0.0872672809494866,1.49792691890639,0,5.10480586157905
61,"TN","Tunisia",61,"Tunisia","TUN",0.00253891733223164,0.135643979482909,0.135272043917256,0.0713718978977593,0.0304603101555107,0.0853086527322759,0.00559365016894181,0.868831853797216,0.424226038797246,0.00103190725189379,0,0.0127159906263156,0.0171298735334231,0.00255890888160094,0.02890715788096,0.404995633845403,0.285279207045812,1.44307321463212,0.433502341921655,4.38844157618024
62,"MA","Morocco",62,"Morocco","MAR",0.000659088741520997,0.125148805917122,0.153157401546199,0.268794824005785,0.0212714366394278,0.0122373008549226,0.00190288702479743,1.06501868139926,0.417047745522686,0,1.24504965909028e-05,0.0119714526482288,0.0146087501645773,0.00318653098366005,0.0124989594717655,0.330582286893943,0.0426530593180875,1.70834414257707,0.693216912128137,4.8823127210578
63,"EH","Western Sahara",62,"Morocco","ESH",0.000114232748353925,0.0628634494618332,0.126410782272864,0.096617351661609,0.000493344172443204,0.00738869271741822,0.000208915699861598,1.01372161254551,0.404430368696846,0,0.00114270558013704,0.00675802368798448,5.65299901427572e-07,4.10086636941693e-08,0.00311809808206117,0.295332138504615,0.099360968089384,1.83126196768365,0.641177456602902,4.5904007228344
64,"MR","Mauritania",64,"Mauritania","MRT",0.000343686767881366,0.0793483536322596,0.120835350602637,0.0685327835767956,0.00470827705440657,0.00622045408358231,0.000248373422063264,1.02322701163509,0.364449549808924,0.000357407169132849,0.00732656670190787,0.00402780661144513,0.00100023721062288,0.00011096927462126,0.00868174509765803,0.242917073496308,0.102424095947465,1.91516697914253,0.558795787248322,4.50872253208373
65,"GM","Gambia",65,"Gambia","GMB",0.000674910543586963,0.0549825028823658,0.058089335478581,0.06555458793946,0.0175025661217508,0.038353114974109,0.00122286079454094,1.03603963880473,0.305933822220172,0,0.0398934166722726,0.00446344431174957,0.00746277701146753,0.00311745540737582,0.00919498637598226,0.209101773930555,0.0960875173697162,1.8882198753466,0.679488003470639,4.515382616272
66,"SN","Senegal",66,"Senegal","SEN",0.000335709627817147,0.0465948654815597,0.0444893023732628,0.0540653793876623,0.0104072888882097,0.00803315040246647,0.000770948406112614,1.06552678364364,0.292023272821141,0,0.0210300590146116,0.00513720002964557,0.00371647284825428,0.000411364472990687,0.0076551405514437,0.193192608574536,0.0878396890174079,1.95249023556351,0.694280236761273,4.48799973568022
67,"LY","Libya",67,"Libya","LBY",0.000891520750831327,0.0194237441994715,0.0442830338672996,0.0123395429835439,0.00785448092918357,0.016119911309391,0.00183016590410874,1.108030806463,0.31946176598457,0.00159962875890366,0.000224482356193591,0.00250958190051942,0.00599206440041227,0.00091208176529003,0.00818839511953334,0.22838033329611,0.0488848072512282,1.87523615303545,0.590342275809499,4.29250478916836
68,"MT","Malta",68,"Malta","MLT",0.000269840566438645,0.0649554867296624,0.0663622529403546,0.0392745001207722,0.00563897682166665,0.00555820711249087,0.00145882336952756,1.11840869930554,0.408604959310926,0,0,0.0163970975607272,0.000716516641355948,0.000369583329516025,0.00532211038720235,0.351189240205026,0.00739042459798126,1.70512981646324,0.580072829677426,4.37711937144085
69,"LV","Latvia",69,"Latvia","LVA",0.000571538835453995,0.0134058054743351,0.16690404121514,0.167218630879901,0.0451265342488071,0.133722858983421,0.00349093403656545,0.0175988060056963,0.434353517675024,0,0,0.107286964249373,0.0489733455095937,0.00969412937014242,0.0286012452337161,0.478394448395558,0.405230181632792,1.45516949368307,0.537571158300474,4.05331362558844
70,"EE","Estonia",70,"Estonia","EST",0.00220428031484485,0.00830178315349299,0.103868011481625,0.125638637396135,0.040961850490971,0.132854096054793,0.00756094786190384,0.00949021199304271,0.451966829683428,0,0,0.0500716430588087,0.0381170886718687,0.00185261398144913,0.0691929179037604,0.365737158132592,0.782083215698603,0.965200645815177,0.415925272167574,3.57102719364588
71,"BG","Bulgaria",71,"Bulgaria","BGR",0.00156116654761727,0.0104788455242988,0.00584033144763821,0.0325159034284905,0.0238506885647116,0.0405741422694693,0.00401560427027391,0.983991049952151,0.487155600601809,0,0,0.00158900821604327,0.0266001377297547,0.0049988641367524,0.0160878098410546,0.450427455432689,0.0603415534263234,2.03746566963535,0.466798669215336,4.65429250388001
72,"RO","Romania",72,"Romania","ROU",0.00122059517624413,0.000852492068033936,0.00171371353539909,0.00968898582374454,0.0303752648741523,0.0435042862613059,0.00208512534131825,0.828936418374308,0.446179441920153,0.000962261314088107,0,3.00856927821737e-05,0.0261410726143756,0.00692239759239249,0.010130315288339,0.534512222105803,0.161160536177838,1.90129211029062,0.45606737836754,4.46177470622753
73,"RU","Russia",73,"Russia","RUS",0.000282767796791826,0.134633328583028,0.0461001973555499,0.0436627727450609,0.00217393982955992,0.00372162928825535,0.000333129660651468,0.575555898431664,0.0918180397895595,4.59643936727061e-06,6.5069900101481e-07,0.000577166466867464,0.00108186043527844,0.00025360144255049,0.0039701576229817,0.0663476647763619,0.0827552440823208,0.865656028056311,0.447344485858883,2.36627316905854
74,"GE","Georgia",74,"Georgia","GEO",0.00128532227267065,0.0123627809564958,0.0113562866253483,0.0454889698451689,0.0433493628303558,0.0260746985843699,0.00546256045872687,1.11604801933095,0.360159593097379,0,0.000627486858387346,0.00265902026520479,0.0140832743588047,0.00376750364776883,0.0267053926209937,0.269079063545681,0.0623105347840802,1.9664864923726,0.435520075640551,4.40282644079383
75,"UA","Ukraine",75,"Ukraine","UKR",0.0015368397120325,0.00346391004857806,0.0033579644815498,0.0364320431553838,0.0459700574046594,0.0878333842088182,0.00356201653994857,0.771392366649315,0.395736041990156,0,0.000227706600048367,0.000207450776373222,0.0447518817135245,0.0144493937160005,0.0320372237593147,0.2934666321804,0.406149314080465,1.52996624631281,0.437472603193327,4.10801307631955
76,"TR","Turkey",76,"Turkey","TUR",0.00176365075865556,0.0904106538650781,0.0642964489409967,0.1212329080389,0.0473499625543855,0.0541607996911839,0.00916850644802525,1.07027054318904,0.496342843457737,0,0.000164320983863035,0.0159386903160674,0.0485140159993153,0.0117583690882224,0.0414925042716114,0.366841818146682,0.0995523405329192,1.9358502336878,0.542541004625089,5.01764960207099
77,"SY","Syria",77,"Syria","SYR",0.00280384570722391,0.0880949607705728,0.104105674404869,0.0530099232862769,0.0648454472259746,0.0796362844846009,0.013168233552039,1.10684686885098,0.436247965912897,0,0.00490932538260331,0.0219528639349167,0.0818492800887597,0.0212742995577517,0.0447933622301405,0.293163702452878,0.0814749435944991,1.88865500463658,0.383007720134183,4.76983966987989
78,"LB","Lebanon",78,"Lebanon","LBN",0.0011175596394631,0.054748756539799,0.0936326299314367,0.0650453511546007,0.0552637829837621,0.0313407167462455,0.0102910487921641,1.1449398599321,0.457446446403548,0,0.0125843180708086,0.0224599779867938,0.0303522247822751,0.00793981926787841,0.0274042311874905,0.328954824725991,0.0307944468795405,1.99200727101613,0.523955037918591,4.8902783353899
79,"IL","Israel",79,"Israel","ISR",0.000621681779160728,0.0489777559524181,0.0844496072383435,0.0281493793169671,0.0573849463617776,0.0861504021882516,0.00879702698984826,1.08921224994929,0.422867811146315,0,0.0148468505193705,0.00322116965869047,0.0577424154779667,0.0148861966967287,0.0239936106966126,0.321831268632802,0.0973928409906034,1.93584675747055,0.390849487668797,4.68722146506922
80,"GR","Greece",80,"Greece","GRC",0.00202902510851986,0.102950632142748,0.0664943811488027,0.0771717660701568,0.0228041889103223,0.0321254601735424,0.00639019803146602,1.08609080850228,0.544457641996913,0,0,0.0213800932533707,0.013356512810728,0.00202588869085811,0.0314747343821849,0.422471234897082,0.0776468728923772,1.80984938140763,0.606527837548495,4.92524665549786
81,"CY","Cyprus",81,"Cyprus","CYP",0.000462262547962987,0.0268672361901038,0.0222201013848826,0.0146160494991083,0.00799773870390087,0.0105016940019205,0.00289188295691634,1.17245801758494,0.500800722488691,0,0.000769942924013568,0.00429877470017564,0.00569707835586948,0.00163833390370522,0.0103966876322158,0.34972638011735,0.0231395788326998,1.98120719727913,0.664705120594486,4.80039479250044
82,"AL","Albania",82,"Albania","ALB",0.00930712959688967,0.0923986264787423,0.0676903254540545,0.0347543724437997,0.0982259658909859,0.221269747375017,0.00717304242224622,0.773076004321844,0.413606480866734,0,0,0.00325059969607027,0.0855644750706793,0.012895476473673,0.0666201807162273,0.312460626005279,0.253572016949739,1.18689844344958,0.2879603472216,3.92672385915825
84,"DZ","Algeria",84,"Algeria","DZA",0.00131638419209986,0.042806916278014,0.125461245222863,0.0996244619008986,0.0337202948264422,0.0213868657378957,0.00432367159937411,1.11700506857221,0.588193703663071,0,0,0.0100971993350453,0.0115820895201136,0.00230110519441576,0.0183900311781597,0.43469969528269,0.0243867959487975,1.56042079746119,0.713753999154017,4.8094703407108
85,"SH-AC","Ascension",180,"United Kingdom","ASC",1.29947018738585e-06,7.20213741584491e-05,4.14672460254778e-05,0.00100499136074023,1.11608450219203e-05,0.000274267878046596,1.65116261335229e-05,1.1089583722428,0.048121002018873,0,0,0.00137597091501644,0,0,0.00011832546476229,0.0264911739854237,0.000298482227545391,1.9311482754106,0.717923179606569,3.83585653483891
86,"SH-HL","Saint Helena",180,"United Kingdom","SHN",4.75488405678411e-06,0.000251314195441667,6.37328282296579e-05,0.000853231052117291,2.37376527064271e-05,4.04561646396965e-05,1.33153618299407e-06,1.06472894758457,0.0482272467406833,0,5.55226176815724e-05,0.000468293012419894,0,0,0.000121924190344218,0.0254797652237867,0.000779474443221016,1.48401580938663,0.799903520454608,3.4250190936145
87,"BR-XTR","Trindade",171,"Brazil","BRA",0,0.0103597605094947,0.0112175886525396,0.00847532715783409,0,0,0,1.15325552176543,0.0518411702829309,0,0.0158619655654832,0.0125612693571451,0,0,0,0.0276673865885109,7.34857840706488e-05,1.03779381402803,0.823271214593009,3.15237855130605
88,"SH-TA","Tristan da Cunha",180,"United Kingdom","TAA",3.36668641930522e-08,1.8066051754722e-05,0.000715527777978105,0.000214501455450717,2.68839071842661e-06,1.12186639290416e-05,0,1.01059353584255,0.0359151260933389,0,0,0.000301192334598439,0,0,4.09087047231323e-05,0.0210610029170532,0.00124813129824093,1.77986699965407,0.702854550874955,3.55284348906359
89,"GS","South Georgia and the South Sandwich Islands",180,"United Kingdom","SGS",0,0.00205780741828964,5.09017414583208e-07,0.00376916086255027,0,0.000246229321395493,7.73511057146044e-07,0.764851384641984,0.0222115109763016,0,0,9.58191984621956e-05,0,0,0,0.0122965463685528,0.00430053377934981,1.21998347221179,0.796365938479355,2.82617969901909
90,"ZA-XPE","Prince Edward Islands",102,"South Africa","ZAF",0,0.0015368153555319,4.25249052183141e-05,1.50663493354523e-05,0,0,0,0.880621075290153,0.0201100397138156,0,0,4.77312821097687e-05,0.000280425398757135,4.01034911583386e-05,0,0.014243357915504,0.000496652535900643,0.500341035186822,0.585657118000694,2.00343195248451
91,"TF-XCR","Crozet Islands",179,"France","ATF",0,0.00243061721999651,0.000172959703711096,7.74536354290654e-05,0,0,0,0.874875928927533,0.0149080244804215,0,0,0.000116121960435246,0,0,0,0.00988064614050078,0.00261153980555624,0.391727931100042,0.627947586937212,1.92474881617977
92,"TF-XAM","Amsterdam Island and Saint Paul Island",179,"France","ATF",0,0.000378244193468148,0.000462728681885478,0.000262759738987308,0,0,0,1.1346415066587,0.0281235093520604,0,0,0.000409746088547102,0,0,0,0.0172014123038075,0.000124251458059393,0.916350407386428,0.688881974806285,2.78683656167549
93,"TF-XKE","Kerguelen Islands",179,"France","ATF",0,0.0288449079250029,0.000157579103934388,3.92311083855272e-05,0,0,5.63473562092107e-07,0.763183884265176,0.0179416578504297,0,0,0.000160157406240523,0,0,0,0.0126160581078389,0.0193531521395665,0.561417082345507,0.643881727742897,2.04759600514562
94,"HM","Heard and McDonald Islands",16,"Australia","HMD",0,0.0223424405130518,0,4.76691611085476e-06,0,0,0,0.71467669876266,0.00881082936199624,0,0,0.00217751928530045,0,0,0,0.00531512427716931,0.00365834214289062,1.35971262959479,0.6695942832136,2.786292634095
95,"FK","Falkland Islands",180,"United Kingdom","FLK",7.43214953869781e-05,0.0923368376340162,0.0100381579590848,0.00344707792341074,0,0.000992175256425816,2.27668075164491e-05,0.870638420592845,0.0360034824472139,0,5.43695894323996e-07,3.20147192737398e-05,0,0,0.00145016424413949,0.0296101678199224,0.0456866753833065,1.32191729489529,0.637360302444944,3.04961042733222
96,"SL","Sierra Leone",96,"Sierra Leone","SLE",0.000229077097359639,0.0701037294684688,0.0918435889703352,0.0399056402235651,0.00703540886683177,0.00862813807045755,0.000162502551094218,1.0361226572914,0.273230488423304,0,0.01928388849123,0.00745144563787225,0.00443008008123412,0.000515832795011445,0.00888363529607865,0.164661806118391,0.135768055807099,1.80899129489122,0.689683695450769,4.36693100284652
97,"LR","Liberia",97,"Liberia","LBR",0.000156431235334447,0.0179606513462194,0.0233761177765631,0.0114276236904443,0.00700441266573411,0.0135475223192655,0.000152785150896066,1.09840655625331,0.244592002438743,0,0.0418448671082773,0.00443918957244787,0.00235703337118735,0.000212972268636463,0.00400304058212188,0.146868406337227,0.0387284499305319,1.86529366945814,0.642962854848539,4.16333463622072
98,"TG","Togo",98,"Togo","TGO",0.000818542770673094,0.152018021034918,0.0763019964374777,0.100658156972818,0.01365294080606,0.0778399770325653,0.00168911418073523,1.24311009977556,0.286342900917236,0,0.179702563612546,0.0330505619746461,0.00301144470328795,0.000457365842129361,0.00789282875631353,0.220801955520296,0.0619056392712318,1.59267884664398,0.310935941472877,4.36286890254818
99,"BJ","Benin",99,"Benin","BEN",0.00191907543291556,0.0719253844475445,0.0679854113120947,0.0469893296039149,0.0228087569685658,0.0389148252944484,0.00124168035692992,1.24000347964257,0.27576139110331,0,0.0892454323282392,0.0301450971501811,0.00725656279569907,0.0010444253775095,0.00840280508045647,0.2401711372865,0.0850213821454591,1.57988883576765,0.268502571521551,4.07722759309026
100,"CG","RŽpublique du Congo",100,"RŽpublique du Congo","COG",0.000288355845234633,0.0699432440573277,0.126310834270737,0.028901475731686,0.0149421636603594,0.0327796839440034,0.00130505745439556,0.946599305438781,0.179382121563674,0.031229794539847,0.165106965397154,0.00222908997815172,0.000527708006012521,6.54169566149235e-05,0.00822820785309967,0.111096587470424,0.0794742383417781,1.59403009023474,0.539560320592034,3.93200067977217
101,"NM","Namibia",101,"Namibia","NAM",0.000126996626055814,0.0177527985321679,0.00696617251560895,0.0838358320049455,0.00236091137419164,0.00166807737987061,0.000136293917665859,1.01713133080905,0.163682747252126,0,0,0.00026046525555957,0.000517902476140935,0.000337782595255183,0.00127002146880634,0.126122993230381,0.0195282460481675,1.47256167292847,0.622097258661421,3.53635753120155
102,"ZA","South Africa",102,"South Africa","ZAF",0.000189801670743558,0.017190308522419,0.00448952537009729,0.0596761955014029,0.00555503052535759,0.00407723954824197,0.000631236951152911,1.11599812232231,0.215484643781926,2.05223186680809e-05,0.000880111484697809,0.0016350016058206,0.00382393633721006,0.000633034797238095,0.00432410217138057,0.159245117923696,0.0260362816567705,1.5712901898631,0.712116205793641,3.90329663164241
103,"ST","Sao Tome and Principe",103,"Sao Tome and Principe","STP",0.000165051730240877,0.00862901557580383,0.0058681025571978,0.00998666257877512,0.000893065219948534,0.00145086670447785,0.000155932481211941,1.01565347839319,0.157877978854537,0,0.103188604816208,0.00672793485993258,0,0,0.00266754312921006,0.095201930128061,0.00903991393875338,1.66612788464494,0.613744301099666,3.69737829506421
104,"GQ","Equatorial Guinea",104,"Equatorial Guinea","GNQ",0.000157467392510492,0.00541811256094672,0.0121890039447008,0.00785375645012309,0.00126555577904615,0.00392679053463881,0.000208441466440192,1.00253884082686,0.167354309887478,0.00621571713668203,0.014221273777784,0.00574974417056237,0.000811499570365845,0.000117681755256036,0.00207918059319606,0.0998754740092686,0.0163437692290201,1.57689642364983,0.677318472267741,3.60054153424624
105,"BV","Bouvet Island",223,"Norway","BVT",0,0,0,0,0,0,0,0.752018385165378,0.0195538611326414,0,0,0,0,0,0,0.012888987286271,0.000164825382766521,0.577746680180072,0.627582482035485,1.98995521708887
106,"GH","Ghana",106,"Ghana","GHA",8.03235798720178e-05,0.0822126453580802,0.0422466945995735,0.083518191848842,0.00896885617089476,0.0124708641779441,0.00075057911832239,1.10361734999513,0.266780208043827,0,0.175007098216307,0.00935517657327001,0.0044460070249394,0.00201895160956978,0.00502899917314227,0.173505698416234,0.067302819896354,1.77876509649051,0.593225551220047,4.40930114236677
107,"CP","Clipperton Island",179,"France","CPT",0,0.000240228194995776,0.00226642666007013,0.0013457904829705,0,0,0,1.0729422779773,0.142178542498077,0,0.00676013458000926,0.00199874016822469,0,0,0,0.0783765022776321,1.617188230905e-05,1.47948011268991,0.773298412871631,3.55890337153539
108,"BM","Bermuda",180,"United Kingdom","BMU",0.000172404127536703,0.000365249985921742,0.000487084787648768,0.00203600684376184,9.0539044086833e-05,0.00214268414159133,0.000213574535533089,1.20531205525671,0.34152284160161,0,0.000447990934836471,0.000705506156984665,0,0,0.000422149354999108,0.199960453508649,0.00159115405974762,1.13242695755322,0.824197466456549,3.71209412973034
109,"EC-XGL","Galapagos Islands",137,"Ecuador","ECU",2.76033064679366e-05,0.0129249964371131,0.0093091000408249,0.0195341200330525,0.00010726474720447,0,2.027760953681e-05,0.907708038188494,0.116365345074287,0,0.00222054175504308,0.0124239259852429,0.000456175260463934,8.88801623289012e-05,0.000631487332647994,0.0712333470459834,0.00293149173651417,1.08828218927077,0.626754722143887,2.8710195242471
110,"BS","Bahamas",110,"Bahamas","BHS",0.00131505401325657,0.00664620791405493,0.019250300228004,0.00371417440475104,0.000832071948164284,0.00200661118110361,0.000919055691788718,1.07266385291969,0.359845233360937,0,0.00137732511474391,0.00044006335991976,0.000295077246361722,2.64048016731933e-05,0.00804250793135843,0.232378567624468,0.0836747330794272,1.26853320952957,0.608664103933395,3.67062455515431
111,"TC","Turks and Caicos Islands",180,"United Kingdom","TCA",0.000804555413293006,0.0209403979515265,0.012443417371444,0.0106674387111789,0.000397778361965148,0.00253193707249075,0.000680005128129414,1.2093890893519,0.371357381049292,0,0.00311949794754697,0.00138406168964119,0,0,0.00381279277017878,0.229746147491972,0.0356314617937534,1.75891734918331,0.66042632320543,4.32224964798339
112,"CU","Cuba",112,"Cuba","CUB",0.00145560896298269,0.0377268219615457,0.0281357807251179,0.0123903731690133,0.0157589195713842,0.0241656860294277,0.00135388463693021,1.08008251054838,0.311679099196033,0,0.00780765792034356,0.000284820607164968,0.0118549165646701,0.00108043802732916,0.0206600730742964,0.198194159867034,0.0882174975264042,1.58978620193889,0.498263782598767,3.92889824365631
113,"KY","Cayman Islands",180,"United Kingdom","CYM",0.000222021665034677,0.00103467511309832,0.000332033297711348,0.000705075349608835,0.000533675979231904,0.00105351970242681,0.000923372980815194,1.25582485828208,0.338015221927522,0,0.00113395752099407,0.00013514546529707,0,0,0.00236853758808691,0.224174389552307,0.00170890908445343,1.82143881971319,0.594635083615758,4.24423930687444
114,"HT","Haiti",114,"Haiti","HTI",0.00324738944257799,0.0449552367829168,0.0261687210086672,0.0125644856448597,0.0220807956028733,0.0104352359340778,0.000699336207544067,1.18696221028449,0.317972961593904,0,0.00350081348547721,0.000553557725257458,0.00111910982747432,0.000639438785086531,0.0244871205820135,0.197027307515272,0.0184461317171176,1.97991841317741,0.558999145961648,4.4097774372149
115,"DO","Dominican Republic",115,"Dominican Republic","DOM",0.000716745634795652,0.0228773190868605,0.016211772415216,0.0109390845507457,0.0108348868641508,0.0127895332557189,0.0013616211919042,1.20752212528797,0.379159884062304,0,0.00685720579505301,0.00300117254342056,0.00596037777743033,0.00232794490135091,0.00893025481201376,0.230786813448856,0.0188315353095191,2.03490828614419,0.636980815835364,4.61099738803344
116,"PR","Puerto Rico and Virgin Islands of the United States",163,"United States","PRI",0.0043978442730324,0.019420513501356,0.0121102780243062,0.0108422561311175,0.0104177860568487,0.0204598983402257,0.00364381127199039,1.2039439070662,0.40330210664891,0,0.0101534718722577,0.00160308778335544,5.22230011347564e-09,0,0.00846656509375992,0.245259538478193,0.0287394989367518,2.05740373149807,0.599506465721423,4.63967079441884
117,"VG","British Virgin Islands",180,"United Kingdom","VGB",0.00023843795629337,0.00581553022344333,0.00535463540409797,0.00468523281440875,0.000319722944747429,0.0086670855173239,0.00113076258328594,1.22106820692107,0.404016843693639,0,0.00686373851691435,0.00159132366793265,0,0,0.00586912169040103,0.250849680122921,0.0279773519508053,2.02130030704002,0.668120888419503,4.63386889839364
118,"AI","Anguilla",180,"United Kingdom","AIA",3.68146257013083e-05,0.00935093889854334,0.00734943931797717,0.00396516001026643,0.000202080163767998,0.000927748662386938,0.000435715027880763,1.22000921313305,0.354743952030975,0,0.000755332804852729,0.00180672498075382,0,0,0.00147645049762729,0.216448260297412,0.0102575613705938,2.10562447832843,0.734887261081599,4.66827718889666
119,"KN","Saint Kitts and Nevis",119,"Saint Kitts and Nevis","KNA",0.00327563359217321,0.0175090030814622,0.0198361805739889,0.011564463696584,0.00505501839944438,0.0273300409887457,0.00596239113505682,1.13844819398496,0.408156740266128,0,0.000404445484171351,0.00265856920284701,0.000252449580916233,0.000180382452593522,0.0213631068618183,0.317353622401739,0.031231659873908,1.9725101784309,0.37921673969759,4.36230882808332
120,"AG","Antigua and Barbuda",120,"Antigua and Barbuda","ATG",0.000548703638261965,0.0177430050585037,0.0271818178744969,0.0141324545923725,0.000896298549172277,0.0124160354679367,0.000786814553219808,1.20129463874859,0.30040216872204,0,0.000293816760299401,0.00505553004054013,1.65061685755506e-05,1.08207598001081e-05,0.00312641614083664,0.183762103492535,0.02489504707127,2.10609423563243,0.693481855083219,4.59213827143434
121,"MS","Montserrat",180,"United Kingdom","MSR",0.000414868849884479,0.0858466494034461,0.10017404554611,0.0810675736653369,0.00123899614312403,0,0.00107848352914491,1.11046784411473,0.366309291626109,0,0.000958762523069067,0.0118779902243348,0,0,0.00826387116603431,0.317055960129011,0.0137723352415987,1.93863472122479,0.37763381932309,4.41479522955149
122,"LC","Saint Lucia",122,"Saint Lucia","LCA",0.000498738237127815,0.0313532584254973,0.0491762707947116,0.0179045582844508,0.0134572726411022,0.0126135519480313,0.00398918325981596,1.17271669082292,0.385065308952998,0,0,0.00797499616242438,0.00166760679283719,0.000280938042009566,0.0115956904534034,0.231938609810744,0.0161862473208485,2.12654162869588,0.562765297034695,4.64572588609872
123,"DM","Dominica",123,"Dominica","DMA",0.000329263748131386,0.0210670601472783,0.0381804013786098,0.0207325651508579,0.00329729891553724,0.00296860433030922,0.00152621615151061,1.17937915832109,0.334357267271169,0,0.000344637681456599,0.00824603972612629,0.00156909315262926,0.000249206115510679,0.0083732782450904,0.201694172924419,0.0138821152691751,2.14733511819857,0.625009209781748,4.60854071224622
124,"BB","Barbados",124,"Barbados","BRB",5.28897834593406e-05,0.000840574480483849,0.00133858396071916,0.00264668918929738,0.000984859108958388,0.000233553042949216,0.000299094411767118,1.19495588798787,0.236578141377427,0,0.00442278130382033,0.00122984537674543,0.000382189577977348,7.94720434386498e-05,0.000844997495097707,0.140316346303887,0.00085128134278071,2.16346747660242,0.670772948007364,4.42029760993959
125,"GD","Grenada",125,"Grenada","GRD",0.00241213356624156,0.0027723509228138,0.0032997786189546,0.00814754293567899,0.00298254789716162,0.00608210086308861,0.002428251045269,1.13685352383697,0.365672831213054,0,6.32037337230073e-05,0.00141847448055907,0.000628093807402883,0.000107400617059512,0.0114038110143291,0.262712759994918,0.0263676519371375,2.07591751497775,0.607812922609296,4.51708292844027
126,"TT","Trinidad and Tobago",126,"Trinidad and Tobago","TTO",0.000505354858090444,0.0178267713950832,0.00635940653397057,0.0154438297282848,0.00750344430926313,0.0543559239855284,0.00388660542480924,1.03527245200977,0.282419018611291,0.00156801663147471,0.00363523885776005,0.00106805357436407,0.0109678636115033,0.00128393408680647,0.0133404204126033,0.232850944417148,0.113312054736822,1.97030069641684,0.442245431026437,4.21414545574598
127,"VC","Saint Vincent and the Grenadines",127,"Saint Vincent and the Grenadines","VCT",0.00070120444737221,0.0085814625358515,0.00759535829772787,0.00494651817834939,0.002569744895926,0.00182446675630638,0.00175903688681758,1.15774971630767,0.343551601729779,0,0.000105943388129358,0.00245512377227131,0.000668882166644001,0.000123282352698605,0.0084237720355587,0.217137331264243,0.0285579594508134,2.12212593444011,0.640497370780488,4.54937475762873
129,"PA","Panama",129,"Panama","PAN",0.00623929103044804,0.0601246614135917,0.00634845366901258,0.0792469369440752,0.00897351034324853,0.0128443737479666,0.00064519244701084,0.99201372595601,0.280161236779261,0,0.00195298913277993,0.0044391939530733,0.00413764640263006,0.00247450162628932,0.0154394015153469,0.196291210463471,0.0470704159164032,1.39294646851087,0.629655736979249,3.74100495180167
130,"CR","Costa Rica",130,"Costa Rica","CRI",0.00108534416861849,0.0320102362673058,0.0139271414368314,0.0081284905593229,0.00384554335681836,0.00505806878132003,0.000516230895859144,0.942676516902903,0.185060293228405,0,0.0392277801347529,0.00429211580480444,0.0031769355359393,0.00198405885756988,0.00402539189839839,0.119296498276305,0.00675835289592271,0.632961985985229,0.652356959030963,2.65638795225311
131,"NI","Nicaragua",131,"Nicaragua","NIC",0.00239401690537899,0.0892048504079597,0.0677980981663668,0.0196019988230607,0.0142087936977132,0.025759205145251,0.000398116081960026,0.977141097808548,0.233796082733533,0,0.0057703929676729,0.0078205318252983,0.0111945190812303,0.00550354943298229,0.0114322473166789,0.186905726822404,0.311710882847977,1.50942635434586,0.377603320071559,3.85766979487228
132,"CO","Colombia",132,"Colombia","COL",0.00125366172601731,0.0141880318087959,0.004884251178945,0.00781544550815456,0.00563206624217587,0.00781875912592913,0.000519329868362109,1.02790964482421,0.275044977896621,0,0.000168344725674163,0.000781160269403406,0.00630037151951491,0.00307095465132781,0.00554703165104283,0.181635016986428,0.0267940232931529,1.64316356480311,0.632502383960493,3.84502903413135
133,"HN","Honduras",133,"Honduras","HND",0.00293033331915255,0.0317960907512614,0.0189618120389184,0.00483495308834784,0.00942995233536351,0.00885392278169391,0.000846998536137522,1.08600493849787,0.305850611842484,0,0.0022140609310821,0.000387477561443228,0.00770382337845204,0.00317633355809828,0.00995796529470868,0.222778123402518,0.147208876261704,1.74177499275851,0.479833594856875,4.08454487303802
134,"SV","El Salvador",134,"El Salvador","SLV",0.00154241293145409,0.0428384628997715,0.0482137078112078,0.0296848950761057,0.0140124912069563,0.0149288568283484,0.000935777964016061,0.951355110497785,0.228377615264596,0,0.0249990962429188,0.0315118360005196,0.0128816415682996,0.00493883716286254,0.00690774369991592,0.141515432893519,0.0415306430056277,1.46497758715364,0.679106261615439,3.74025839367536
135,"MX","Mexico",135,"Mexico","MEX",0.00063550706306763,0.0514248960910471,0.0278289438084928,0.0378285359355041,0.00654842951278078,0.0052703207210397,0.000539680667653426,1.022763893654,0.258628586536353,0.000424634426093389,0.0170799857295245,0.00512345055144195,0.00593168806956656,0.00237537406452916,0.00524066788525095,0.166573926772844,0.0553906565689695,1.11058476304355,0.599037227936939,3.37923118079465
136,"GT","Guatemala",136,"Guatemala","GTM",0.000522945506837181,0.0405351825418553,0.0187119241558893,0.0122658458942048,0.0172996252601323,0.0151521724137753,0.000696390864279123,0.95052684593432,0.275020344219332,0,0.0281168564778995,0.0104708075081315,0.0135591901661189,0.00580711375212159,0.00595718284186431,0.159020519226766,0.0461362315159653,1.14551400303286,0.730727547119028,3.47604074233575
137,"EC","Ecuador",137,"Ecuador","ECU",0.000631098753025174,0.0883891428660913,0.0211705317789177,0.0919544730554596,0.00655583322488185,0.00980151590643321,0.00117964506812005,0.780557777793985,0.151788421009605,0,0.0023162996401386,0.00792089514759648,0.00733238184255421,0.00355032462124143,0.00957897729982137,0.0987580562615803,0.0268996907025217,1.11131074054052,0.599662005913576,3.01935784901663
138,"PE","Peru",138,"Peru","PER",0.000213338195180522,0.0537856409078428,0.019847366073371,0.113543657246324,0.00701952174650043,0.00482677508637703,0.000570431696105604,0.954778120250347,0.173560837647992,0,0.00335515110151892,0.00387429589206181,0.00385534411195213,0.00108239998310753,0.00410155220323517,0.106690685716733,0.0126400957721867,0.49525486469787,0.679821575746607,2.63882167470794
139,"VE","Venezuela",139,"Venezuela","VEN",0.00118852046579965,0.0440731379345813,0.0152648402941421,0.0404296215727289,0.0142434024311604,0.0245357711367801,0.00277581769978205,1.07854286155518,0.314220990642969,1.24928536971404e-05,0.000233219921513361,0.00171500549039228,0.0133905106545855,0.00237761080491097,0.0144936246518326,0.218363226613838,0.117886352960983,1.91883511370498,0.528217932406843,4.35080008313064
140,"GP_MQ","Guadeloupe and Martinique",179,"France","GP-MQ",0.00124586409973571,0.0197423963125053,0.0290440177192456,0.0142940137776735,0.00484476752064416,0.00495801872543135,0.00293038037616398,1.19684852856992,0.301136766749163,0,0.00194453915090179,0.00648040558515058,2.77435804759995e-07,4.22512657073938e-08,0.00878123746146028,0.19273186584733,0.0141927044165193,2.10772951637033,0.605255144877703,4.51216046624267
141,"FO","Faeroe Islands",175,"Denmark","FRO",0.000201222443135247,0.257559376756816,0.0801591892974053,0.0398326876089393,0.000439017493558742,0.00718452568122472,0.000375204840280508,1.10030075195154,0.25834467260617,0,0,0.0536569417026456,0,0,0.00327129414882752,0.197861115768176,0.0104844846092378,2.01283112753645,0.597145257876654,4.61964685748286
143,"IS","Iceland",143,"Iceland","ISL",0.000459428522656052,0.2399281497025,0.142877038677764,0.119590090089573,0.00095729035143298,0.00758962452328385,0.000506701210272285,0.965998570124637,0.21677828097187,0,0,0.0348760893089499,0.00108922385994234,1.25327353961534e-06,0.00388045286270965,0.187463444627164,0.0259464791273074,1.97084756179923,0.507668249056137,4.42645792832823
144,"SJ","Jan Mayen",223,"Norway","SJM",0,0.0243057153989076,0.00164292809791531,0.010100541628961,0,0,0,1.09620627403358,0.0802688535754696,0,0,0.00223032521675513,0,0,0,0.0521396567030549,0.000802076183993189,1.75678444786343,0.52129725310678,3.54577811630081
145,"GL","Greenland",175,"Denmark","GRL",0.000481179561267008,0.0892138445739261,0.0192693096936485,0.0202720221765651,0,0.00467029061425384,5.17991524813274e-05,0.821344067569987,0.0797867371120061,0,0,0.000699099446911706,3.46420751566601e-06,2.19523994611963e-07,0.00162837364876658,0.0539355433872934,0.0440436920310107,1.20342854509778,0.429206057272185,2.76803427477159
146,"PN","Pitcairn",180,"United Kingdom","PCN",0,0.000123863213262888,0.000298176449995001,0.000794186724955018,0,0,0,1.2364911458202,0.0675553943584409,0,0,0.00117698539188213,0,0,7.87680829044275e-06,0.0406795687124848,0.000148140699297151,0.652106437135038,0.659342322222076,2.65872413063271
147,"PF","French Polynesia",179,"France","PYF",0.00019042138222493,0.000575733352859646,0.000176770630574679,0.000460377899357045,2.5140836011111e-05,0.000143671615434389,6.09669969357184e-05,1.21826851257756,0.0620128189649238,0,0,0.000670232430899536,8.82018031179792e-06,1.41471282730149e-06,0.00119087529572083,0.0360988861069255,0.00410118354437009,1.15163107241504,0.655686888895704,3.13130381907253
148,"KI-L","Line Group",212,"Kiribati","KIR",4.54248492165995e-05,0.00016699298467394,0.000168590500820388,0.00138130886955778,0,8.4106186493518e-05,5.23284001342874e-06,1.03219506912836,0.065479264139918,0,8.37567524674507e-05,0.00199744291285691,5.93251375055835e-06,1.03845667914841e-06,0.000271810722485627,0.0355427235917778,0.000258650934649029,0.29357282990214,0.69787091199941,2.12913109373617
149,"UM-86","Jarvis Island",163,"United States","UMI",0,0.000294667225731021,0.000402340447806126,0.00220240344048719,0,0,0,0.959211192979525,0.0600510127794655,0,0,0.00232555440967868,0,0,2.12276576063172e-06,0.0319601808327029,6.11728444570992e-07,0.024441807887908,0.765985304247043,1.84687719635787
150,"UM-95","Palmyra Atoll",163,"United States","UMI",0,0.00101740510504122,0.000690302749515656,0.00210210028479619,0,0,0,1.0716796561821,0.12888533736407,0,0,0.00217458189281033,0,0,0,0.07050304455078,0.000798002114044599,0.505093392094609,0.717648599542479,2.50059244515165
151,"AS","American Samoa",163,"United States","ASM",4.64409121155569e-05,0.00720679848888119,0.00355458455224403,0.0100402414264831,0,0.000347273141562055,9.67895715446052e-05,1.20900951213052,0.0750836661132429,0,0,0.0139921429399071,0,0,0.000635365773779784,0.0429559320814506,0.00146580511468926,1.90406597289929,0.678713579566767,3.94721416714613
152,"WS","Samoa",152,"Samoa","WSM",0.00121580612758914,0.0577896191347597,0.0341285661968791,0.00504885218793167,0,0.00238347514041895,0.000302063522283323,1.21761623243079,0.0645810622190676,0,0,0.0023369564466021,1.83730437799593e-05,3.97512116164832e-06,0.00553343308600449,0.037937767020634,0.0125712759193627,1.90147992861429,0.663978130911754,4.00692558059472
153,"CK","Cook Islands",162,"New Zealand","COK",1.73955097215585e-05,0.000273509141529787,0.000227950171752942,0.000974483397085278,0,1.39296307408296e-05,1.01117442772385e-05,1.17710106565153,0.0669679563082441,0,0,0.00146453506544087,4.53456701759496e-07,2.47898222028098e-07,0.000184082305893105,0.0377598259919495,0.000633710153905754,1.73353175053398,0.674300297024814,3.69346135010689
154,"NU","Niue",162,"New Zealand","NIU",1.11324503417721e-05,0.000638042919349784,0.000248912519742693,0.00108585163438482,0,4.68577319174851e-05,4.81531004953114e-06,1.24213026156407,0.0838120103469866,0,0,0.00160624959181554,0,0,0.000177498624297294,0.047384016737687,0.000438967305534883,1.91206008899554,0.675652562310621,3.96529732346024
155,"TO","Tonga",155,"Tonga","TON",0.000322572851034404,0.00435289636120899,0.00474510254312656,0.00246635137730209,3.91958624488377e-05,0.00120094797473076,6.24789902749445e-05,1.21503824817587,0.0816581556969624,0,0,0.00163189095845889,0.000163401665827757,2.44717941849023e-05,0.00186669296114163,0.0541893528143126,0.00914232287095519,1.85407042326952,0.593633122211322,3.82460767543403
156,"TK","Tokelau",162,"New Zealand","TKL",0,0.000917932583229924,0.00216635832948464,0.0039357893213319,0,0,0,1.18394195873496,0.0571144881622138,0,0,0.00459472371807948,0,0,0.000499991399692603,0.0310389798534114,0.000794997176222394,1.82550623200799,0.630204781991404,3.74071627212424
157,"KI-P","Phoenix Group",212,"Kiribati","KIR",6.38475143205571e-07,0.00029701209821162,0.00105877713901696,0.00449940625375059,0,0.000109734107908317,0,1.07692421598177,0.0344906890019939,0,8.24677544163793e-05,0.00624558381956992,0,0,6.16225244479172e-05,0.0188015021047981,0.000356564396914087,1.06464077014733,0.682699557170531,2.89026856043756
158,"UM-84","Howland Island and Baker Island",163,"United States","UMI",0,0.000830309659739633,0.00433227937866267,0.0143162732234857,0,0,0,1.03989526843377,0.0372432951928152,0,0,0.0178176124842908,0,0,0,0.0199671509144889,0.000141776921985261,1.08632542818483,0.752205100464333,2.97307452148488
159,"UM-67","Johnston Atoll",163,"United States","UMI",0,0.000755211348878799,0.000681545254875025,0.00318882007469773,0,0.000445080190593774,0,1.17563327172259,0.0892475086263264,0,0,0.0046277369161112,0,0,5.07910104434692e-05,0.0495892931931789,0.000556256840994083,1.33580111030889,0.628163992532404,3.28874066555627
160,"US-HI","Hawaii",163,"United States","USA",0.0001668145706217,0.00167113255995592,0.00260133780072314,0.00591939784095496,0.00052277986107852,0.000616551039194198,0.000159170193813099,1.17489363527456,0.204150932045999,0,0.00246241795014127,0.00297788706396553,0.00059724897764142,7.56929471416314e-05,0.000688908540959528,0.119541994137629,0.00240622420474713,1.33764348248444,0.734646761307503,3.59174239617141
161,"WF","Wallis and Futuna",179,"France","WLF",0.000174750272658881,0.00024149068912926,0.000205850733628668,0.000257144886580145,0,0.000547821140445831,6.50936781689955e-05,1.19682467346252,0.0461497991163064,0,0,0.000238350645857831,0,0,0.00105538539811343,0.0266808500839382,0.00288671299669923,1.92285167739812,0.59530949375945,3.79348913249368
162,"NZ","New Zealand",162,"New Zealand","NZL",0.000143058728717574,0.0536699022164584,0.00901205435322232,0.0035411189337162,0.00292572427201751,0.00235501208636924,0.000196989988814798,1.02412461570419,0.0818497297077695,0,0.0001155900480688,0.000324137396461526,0.00229582542247993,0.00017006207388065,0.00275522779446072,0.0553535594599342,0.0186912223241037,0.760108068935029,0.646797763260136,2.6644296817974
163,"US","United States",163,"United States","USA",0.00119900678422553,0.081578307030032,0.031907399670865,0.0424608243332132,0.0150549072918148,0.0309061655855711,0.00444157970690638,0.883564986585761,0.382988357414131,0.000100379792598259,0.00212044705165152,0.00233462215828696,0.0129477549161907,0.00254836172721334,0.0166458989189359,0.276281767759345,0.164741589946875,1.00241344482622,0.577354846401419,3.53159064293814
164,"BZ","Belize",164,"Belize","BLZ",0.0153264085326052,0.0493782818623909,0.0331746371072022,0.0125582204538676,0.0157447957648465,0.0405787458271773,0.00310886562428159,1.11051389696835,0.21207769318178,0,0.00625246375635034,0.000247890472976702,0.0145693227459146,0.00625290566984925,0.0356364982537039,0.175354284651952,0.258220749261917,1.50485491938701,0.274044910554229,3.76789550167871
165,"XD-CO-JM","Colombia - Jamaica",0,"Joint Regime","-",0,0.0213752489034688,0.0275206013629714,0.00615888777159724,0,0,0,1.16241530427425,0.283230284667842,0,0,0.000116890239237966,0,0,0,0.195194222142909,0.0173886207646601,1.9545727658552,0.569544448492229,4.23751727093797
166,"JM","Jamaica",166,"Jamaica","JAM",0.00065442662222871,0.0228534311953067,0.0146163079210864,0.00716721826460907,0.00585223313031899,0.0103240789956758,0.00154579600061418,1.18425358899545,0.332576894477082,0,0.000656055210320929,0.000263447592977795,0.00148438496486618,0.000163678875629137,0.00565499547164933,0.217377733701853,0.0092858018503425,1.97236809671241,0.524097912287571,4.31119609656426
167,"GY","Guyana",167,"Guyana","GUY",0.000224993449003071,0.0740207776819261,0.0206010637993181,0.0165032076379748,0.006581568597666,0.0072556625170704,0.000769930789104293,0.920545774213923,0.180219211655301,0,0.0155911398148964,0.000741973408288405,0.00652602841365176,0.00048872935487705,0.00870773721821459,0.105857324066949,0.278782119821127,1.77029616808295,0.570859565502628,3.98457299635708
168,"SR","Suriname",168,"Suriname","SUR",7.85261670819338e-05,0.0448213132979587,0.00655990271339134,0.00717258055329121,0.00335420611091909,0,0.000202145060898154,1.01724107016926,0.178570812215478,0,0.00747556652941772,0.000490237409362574,0.00442692322762234,0.000748573324100797,0.00408316710504194,0.135404156516761,0.15971819842933,1.90974653693263,0.596581024271513,4.07667494929381
169,"GF","French Guiana",179,"France","GUF",0.000296008634510536,0.0219891389112211,0.00378109625841064,0.00284095045960431,0.00216326502570924,0,0.000344623492789113,1.01866420826029,0.221512796464454,0,0.00473400876363637,0.000679442852247609,0.000898732978712396,5.52159090168072e-05,0.00466160684894819,0.154047172285921,0.17490999433321,1.82572533169582,0.644767411231286,4.08207100194912
170,"US-AK","Alaska",163,"United States","USA",3.66211464669553e-05,0.129039557945862,0.0201011103378963,0.0170614348748569,0.0013000379659083,0.00815325525723253,0.000302751544352135,0.631754535756654,0.201138592066173,1.20031658472072e-05,0,0.000701460821757586,0.00144156849948731,0.0001209631931533,0.00187381603163572,0.137349303691801,0.0792966305373444,1.05485357408662,0.650536985657195,2.93507421773176
171,"BR","Brazil",171,"Brazil","BRA",0.000732860668228854,0.0740976297105008,0.0395576158697991,0.0204568874691589,0.00830013493253285,0.0113799073762119,0.00127344723801654,1.00381375451121,0.247409055388973,0.000550377779070845,0.0443214443125151,0.009709481679096,0.0101427103920057,0.00124614308043506,0.00801276058592608,0.166602069405678,0.130543182227122,1.6078549258058,0.617433404762803,4.00343781460764
172,"AR","Argentina",172,"Argentina","ARG",7.88656474595302e-05,0.207912980517053,0.0411970921573842,0.0218339821217953,0.00272401759445263,0.00945994354965347,0.000539308018097932,0.749603049998999,0.0600744395720776,5.10959147371751e-06,1.26584052208863e-05,0.000224742039059704,0.00370393129963141,0.00108341670308564,0.0047164139924334,0.0555771280857619,0.157759466922874,0.964862949924454,0.706127781676391,2.98749727322571
173,"UY","Uruguay",173,"Uruguay","URY",6.021993964609e-05,0.156994688649948,0.0377256452116023,0.0154050516661053,0.00705574183733256,0.0221030714601091,0.00104887160536424,0.6669630696428,0.115160258227798,0,0.000366254325865432,0.00134784759225375,0.0125197307781455,0.00581451476058868,0.00810682007345639,0.0653191564270344,0.301796256473917,1.26480907189666,0.526387395529891,3.20898367608551
174,"FI","Finland",174,"Finland","FIN",0.00428131681700648,0.0136849872791438,0.107671277950428,0.0847184029956604,0.0624729979088603,0.306587820631099,0.0234345120171173,0.00453403547750384,0.435761546023802,0,0,0.0265076780587919,0.0612998383185692,0.00277327369716256,0.116782813510026,0.20782904711473,1.08388412744324,0.625142955853508,0.218390886413585,3.38575752232001
175,"DK","Denmark",175,"Denmark","DNK",0.00219721441867011,0.32395969362414,0.190087522285695,0.097772017604266,0.039210422764831,0.229633482372782,0.0100619693775061,0.214138824322325,0.547016462495009,0,0,0.0281650538387705,0.0727327471927237,0.00478815868941435,0.0676080361792488,0.33786687970689,0.79974129781969,0.842839684295018,0.327129564671295,4.13494903632353
176,"DE","Germany",176,"Germany","DEU",0.00241704425146656,0.300944093808959,0.142222346411927,0.0653822691773961,0.0591106375919496,0.233269918991223,0.0155172338141718,0.186597299849662,0.542024870129588,0,0,0.0133682715988644,0.100881358360892,0.0215976226888619,0.0822831620304133,0.25604810784204,0.939266622584255,0.66513271727081,0.232486394156434,3.85854997785626
177,"NL","Netherlands",177,"Netherlands","NLD",0.000875608265718809,0.399467669059681,0.167713064357212,0.0851233553801809,0.0528073875755629,0.123310535982854,0.0128323771888704,0.236727160418531,0.561542403187629,4.0842999509884e-05,0,0.0120077419591293,0.0554152808776329,0.0170912896972221,0.0479675244229789,0.248325151802391,0.869810691796645,0.683529010730985,0.24726219186221,3.8218492862349
178,"PL","Poland",178,"Poland","POL",0.0018943951567348,0.0325400787221143,0.201447559662361,0.167504609272388,0.0869457344419015,0.10334974228067,0.0110114604200485,0.024905329832933,0.483011855856096,0,0,0.0582468933432598,0.0845422328190069,0.0230195096130194,0.0470053893242158,0.578352061421416,0.3715780043479,1.48205984761744,0.613997979390824,4.3714127219639
179,"FR","France",179,"France","FRA",0.0043795543729751,0.119976810437268,0.0828999752084056,0.0634806140690729,0.0329991316311856,0.0579889580891278,0.00714499567810021,0.996306799938047,0.421290684269505,0,0,0.0245209898058002,0.0252001734294148,0.0103807319525613,0.0257199285324315,0.459247138911652,0.103615727633092,1.37052426945479,0.513289794214971,4.31896627559732
180,"GB","United Kingdom",180,"United Kingdom","GBR",0.00120531535154478,0.306609696904961,0.174035347494682,0.0857038488980883,0.0165518103049235,0.0634812666304426,0.00454198087553641,0.846117934029467,0.362353027534704,2.31772269838547e-05,0,0.0875239561216245,0.0165457516511081,0.00228492993127376,0.022383068798494,0.419138638108971,0.166883730948684,1.79350699438419,0.671139604389713,5.04003006728977
181,"IE","Ireland",181,"Ireland","IRL",0.00103365376423979,0.220415736798924,0.0822768343676552,0.0335537397281775,0.00606636863200363,0.0183222538437298,0.00216308938864907,1.01525688859864,0.285709989326417,0,0,0.0293349930751774,0.00918344000895373,0.000827117636567379,0.0129536852019663,0.269479603802444,0.0467669337187358,1.9564669700025,0.691845957492593,4.68165725476661
182,"ES","Spain",182,"Spain","ESP",0.000784931084425174,0.0725712153043338,0.0650289977610579,0.0600336467053325,0.0253557185088677,0.0271538161694539,0.00474357907834822,1.08109933065136,0.480485821225216,0,4.36370993557103e-07,0.0175720786416317,0.0144901950744183,0.00267921618653934,0.0141973625430266,0.389328752498392,0.0335306473115368,1.45086390427688,0.601161027545501,4.34108068461184
183,"PT","Portugal",183,"Portugal","PRT",0.000629804169856936,0.0734099082675453,0.0428016655337298,0.0699363141597158,0.0113730851439603,0.0114793757541217,0.00213061599731948,1.12872273730903,0.484722007414684,0,0,0.00967067553315595,0.00588610803394465,0.00309567448211866,0.00659493536566246,0.371284599393247,0.0254252946878509,1.55070444433261,0.648436818807269,4.44630408117045
184,"IT","Italy",184,"Italy","ITA",0.00185605293188452,0.0756263197391602,0.0484847778986612,0.0473133684153322,0.0422731438695405,0.0446334871000936,0.00723481986984341,1.05641893370942,0.497168361850748,0,0,0.00934332449596586,0.0265979041570235,0.0106867781957199,0.0236295045596674,0.415525840461438,0.0746965861031996,1.49919748063217,0.531295577161768,4.41198226378689
185,"MC","Monaco",185,"Monaco","MCO",0.000248741929882143,0.0873767086704679,0.0828777619243308,0.0924030942056739,0.0531068633148819,0.0129191074634622,0.00720454834721571,1.19195629574039,0.581635840831359,0,0,0.0240987817802541,0.00991010633757703,0.00163212464066659,0.0181728791605476,0.512767227149449,0.00998092758143606,1.49572964058332,0,4.18202064300607
186,"ME","Montenegro",186,"Montenegro","MNE",0.00114094726833956,0.0716997347947868,0.0499827300469626,0.0405020173623119,0.0484769197279695,0.125571852749254,0.0123023641964659,0.923907480789528,0.375167188963882,0,0,0.00547035554622802,0.0248397643262964,0.00445258922877542,0.0437245767984284,0.324879501550744,0.159224614429502,1.52469997200581,0.626399494270751,4.36244209806008
187,"HR","Croatia",187,"Croatia","HRV",0.00509693190003524,0.148896270103444,0.0632108586774565,0.118996667412859,0.0366688330601019,0.100218284494541,0.0163706804962199,0.654444618295433,0.443574884025729,0,0,0.00492168753080494,0.0370606169767248,0.00442313385163875,0.0902823784010201,0.425726580404658,0.468411483929051,1.16777574934341,0.42788954478268,4.21396920927838
188,"SI","Slovenia",188,"Slovenia","SVN",0.00917648660373027,0.125520812718375,0.0703109170128992,0.159551345688455,0.429179264139805,1.1138637796786,0.164676891193131,0.516272173343201,0.761770594983079,0,0,0.00427342288415222,0.240122301613583,0.0498680496478782,0.424947896154758,0.505041272661805,0.712399782098796,0.922549574218724,0,6.20952455166778
189,"LT","Lithuania",189,"Lithuania","LTU",0.00124190679587762,0.0210746593017685,0.170505506617339,0.125950619838543,0.069511701612555,0.347880906067368,0.0101193640513443,0.0168724751836462,0.469990218550743,0,0,0.0350127596350178,0.0876188422048718,0.0252332892081208,0.0497569377017839,0.444248756169148,0.51466283346027,1.31113962115139,0.592052654707074,4.29287303992864
190,"QA","Qatar",190,"Qatar","QAT",0.00149000423586498,0.0951048056606753,0.0891783841276895,0.0515844019245125,0.0152942426271568,0.175457004552068,0.0122941293720909,0.326298319715081,0.400929720351666,0.0519406539080194,0.122001966715381,0.00150877605120828,0.0283823155874524,0.00379210621040524,0.0312596161654152,0.173325785118651,0.760726971745051,0.612326888237783,0.150545875616989,3.10344195301953
191,"IR","Iran",191,"Iran","IRN",0.00198342357742668,0.114968102677607,0.0856899462853627,0.0414380260864784,0.019688302675208,0.0538670264412709,0.00701363026529224,0.811083767711221,0.418068410178503,0.00995144648222958,0.19637442399423,0.00640497641385462,0.00883195474301492,0.00123181184595801,0.0266494159093826,0.395742839639524,0.294960421447564,1.36123315660514,0.384968526862929,4.24014958829585
192,"IQ","Iraq",192,"Iraq","IRQ",0.00530848882012328,0.246330664141311,0.147295010389967,0.0482627005781978,0.562093735132986,0.767254107010861,0.0342275487446588,0.388470728364256,0.447001174795959,0.00507936519053247,0.000204867613744379,0.000367345959320018,0.489748209512598,0.24208245091065,0.121616280130628,0.199172436466648,0.377219757272138,0.597006594389677,0.0275077799956004,4.7062491953373
193,"GW","Guinea Bissau",193,"Guinea Bissau","GNB",0.000562511821384821,0.0329133654222518,0.0378177405125742,0.0338970758923912,0.00448806216327042,0,7.50583916888364e-05,0.9064550909514,0.237032759359565,0,0.00733837779488072,0.00556051778421451,0.000386610421672667,4.77840086117116e-05,0.0243288291713401,0.160198223411208,0.378062047230059,1.57430404099922,0.537222913512628,3.94069104535534
194,"GN","Guinea",194,"Guinea","GIN",0.000348158551991476,0.0730247504735947,0.125788744923599,0.0422206378373269,0.00549645789616255,0.0142351281138993,0.000360058858799602,0.848307239304907,0.269631358610534,0,0.0121898834467204,0.00425356442208649,0.00130236120519969,0.000208585941632547,0.0109809502539362,0.179145729291076,0.401379265459543,1.52366682473142,0.516855588750448,4.02939529018806
195,"CI","Ivory Coast",195,"Ivory Coast","CIV",0.000150587816968624,0.0472605512030508,0.0218026496660402,0.0334447293691874,0.0131796643638187,0.00939443960680814,0.000465796626155231,1.1099842904469,0.254126510602765,0.000523931803520097,0.0332769339423539,0.00574704379472166,0.00612896340029284,0.00127256506989573,0.0048649325855746,0.146232449887235,0.0435248406645777,1.81010085513645,0.627671782627338,4.16915356342647
196,"NG","Nigeria",196,"Nigeria","NGA",0.00587033246442009,0.20189622792978,0.231482914678323,0.0815696810992171,0.0187884197437983,0.0315594847956395,0.00202319362020231,1.06031214120642,0.259638215317995,0.0967022729479458,0.440138355186822,0.013591794030037,0.00736466993744842,0.0020130110890844,0.0109736163451003,0.236044832701927,0.130493561143411,1.51344349392695,0.368090670685688,4.7119969051651
197,"CM","Cameroon",197,"Cameroon","CMR",0.00325610560691879,0.147992042147201,0.420381979240516,0.0938922672300503,0.10514854061503,0.163442745231396,0.0041850388795674,0.48697360478978,0.227689994377888,0.0875379726281066,0.0199990498369613,0.00169458979856552,0.0264604680931055,0.0101941323381237,0.0711218245216649,0.10295250619761,0.476645789636184,0.883527359527965,0.232207696561818,3.56530369491522
198,"GA","Gabon",198,"Gabon","GAB",0.00356505225725417,0.0286894100808776,0.0357038264802593,0.0166978137485497,0.00611544775992245,0.0160740363188088,0.000847713417046885,1.00030714310203,0.158818503504631,0.0102544615230966,0.0378482226595834,0.00259665708472503,0.000986960479945418,0.000166727254688873,0.00696515903297932,0.123094915179455,0.0642264958886878,1.36786243795685,0.49243914232414,3.37326013136232
199,"CD","Democratic Republic of the Congo",199,"Democratic Republic of the Congo","COD",0.00507808749098331,0.210542372144603,0.157173787583209,0.0419604461009537,0.54787781701325,0.504473573480694,0.0333009936623663,0.422936732508242,0.353487796584765,0.199409721388171,0.0507772114931868,0.000604399938310962,0.210386748020473,0.0593179723373585,0.136669447273016,0.146788735548034,0.712456926020483,0.584626070751498,0.362850793761512,4.74071960647901
200,"AO","Angola",200,"Angola","AGO",0.000393745407744419,0.0956470183714354,0.0643512832984381,0.0220997694684931,0.00989312195414293,0.0105108655494263,0.000694527995486802,1.04577025066337,0.160873866616202,0.0049775014580605,0.00144586377179145,0.00135622049778784,0.00132552278758916,0.000200449277059394,0.00524239068586957,0.107494105081476,0.0466915321992217,1.66204166831683,0.585466325655514,3.82647605442316
201,"XD-NE-ST","Nigeria - Sao Tome and Principe",0,"Joint Regime","-",0,0.0116905876604165,0.013389247647367,0.0166166354683046,0,0,0,1.043442960334,0.179136127585283,0,0.60829856723294,0.00275857709610924,0,0,0,0.121263076247523,0,1.68072906927639,0.531602512408317,4.20892739938441
202,"TZ","Tanzania",202,"Tanzania","TZA",0.00210351559292639,0.0386317516316634,0.0744374996081299,0.0183419331097108,0.0152906481364135,0.0122975544256913,0.000650914494607193,1.0274563860626,0.0712896847251539,0,0.0133807263481092,0.00243621192461275,0.00481282550483999,0.000453590735253632,0.0171271722816261,0.0378905700153534,0.0761662919440511,1.68637793693432,0.520669744705708,3.61981500668465
203,"IN","India",203,"India","IND",0.000803193669863614,0.197116980730914,0.134277880514546,0.0749865796937711,0.0226572302695831,0.01839072986053,0.00159599416642272,0.970336619292961,0.242151195587852,0.000435792160034994,0.0194104012491879,0.0157956849496945,0.025856291388539,0.0012858646754525,0.0102329468422698,0.168200339903387,0.106670183365986,1.59121078672061,0.602922554285078,4.20433726910552
204,"BD","Bangladesh",204,"Bangladesh","BGD",0.00228442096995298,0.215078958640726,0.295353329302056,0.0536218579662586,0.0483095413119524,0,0.000695647835395702,0.696136114550089,0.024914313459739,0,0.0014221692788603,0.00060357203099026,0.0605619296729371,0.011085390479715,0.0451624001948006,0.0234224713273943,0.387967338499954,1.34254135938198,0.507992235511124,3.7171530867412
205,"MM","Myanmar",205,"Myanmar","MMR",0.00286612950520944,0.33270770012859,0.229556662291837,0.102097579160843,0.0122296948614959,0.00292106094158525,0.00019211799460457,0.857751873017033,0.0385736239294471,2.39000839917237e-05,0.0022109681008026,0.00443725286587246,0.00558783115311162,0.00134408631891902,0.0194519308121673,0.024108291000815,0.245829933644337,1.48855500898277,0.555360245539392,3.92580591556876
206,"MY","Malaysia",206,"Malaysia","MYS",0.00224896766766904,0.449064529850134,0.339312479571168,0.181113369655649,0.0243456968391118,0.0389123375524298,0.0038449445310516,0.737804913702476,0.252113950993992,0.00489104007628008,0.0121765973562598,0.0200074686239194,0.0481477138633061,0.0100813937090335,0.0248667522185907,0.230756176106363,0.419084762040957,1.17831383300552,0.487726636194073,4.46481358542925
207,"VN","Vietnam",207,"Vietnam","VNM",0.000887946919630545,0.411788286343635,0.368542159932057,0.133330723179095,0.0163092726113975,0.0153724251242243,0.00207252294255123,0.751030442236768,0.289505334184144,0.000999974852849176,0.00638290190590227,0.0144477786194135,0.0246524805854962,0.00407672612711642,0.0167363950589968,0.222935928972259,0.380223329858136,1.15942385368767,0.428177371989493,4.24689586817686
208,"SG","Singapore",208,"Singapore","SGP",0.0291304709871524,0.489140678872948,0.393044440799031,0.244902158214681,0.546618620293966,1.86991481337769,0.224423264098847,0.341340899065338,0.861017997520438,0,0.000454487554474861,0.00425304203242555,0.364145525235465,0.0992691320600337,0.564240156554211,0.486084999530569,1.22642563500147,0.526094774591333,0,8.27050104026852
209,"CN","China",209,"China","CHN",0.00209136302471604,0.600342232430978,0.684816332421541,0.190705238363037,0.0437006094774554,0.0536329996446922,0.00962548913688396,0.534664000604545,0.443181558538106,0.00036685067682252,0.0103109176011568,0.00313687682663857,0.0658896869273533,0.0107749352709365,0.0458955420730096,0.389089142058553,0.556430539328943,1.09266551679781,0.438133315341728,5.1754531429537
210,"JP","Japan",210,"Japan","JPN",0.000796154195017064,0.104046774011347,0.0865516578443984,0.0695667778647995,0.00579869481556947,0.0143041907418682,0.00219653437231701,1.10765261345252,0.308374294002634,0,0.00814351352815535,0.0234784690250773,0.00418074240412359,0.00144354046245053,0.00881747597147281,0.206901144705386,0.0253537087616615,1.64274482941405,0.669626762595685,4.28997789618992
211,"XD-JP-KP","Japan - Korea",0,"Joint Regime","-",0,0.415768703745035,0.237821707121853,0.109875810410337,0,0,0,0.99512941786455,0.330124239512358,0,0,0.0120777733010022,0,0,0,0.435142846944799,0.000637788627485178,1.79350856836891,0.742399748581694,5.07248659743434
212,"KI-G","Kiribati",212,"Kiribati","KIR",0.000661567208814402,0.0113766724733369,0.00747086386996997,0.0143170625451576,0,0.000166377629997211,2.67135602542702e-05,1.09312058510101,0.0296630528607133,0,2.6449047742177e-05,0.0161953833772751,0,0,0.00152164821177157,0.0163932259035022,0.00457112101038168,1.34553141951478,0.688654835129047,3.22969699578339
213,"AQ","Antarctica",213,"Antarctica","ATA",0,0.00246704304495452,9.58168898035073e-06,0.011406746285331,0,0.000137409325119551,0,0.564125844660867,0.0166363979175052,0,0,0.00270805620133719,0,0,0,0.00958838902563662,0.0271826463454745,0.516023855847832,0.427831217498624,1.57811719936761
214,"EG","Egypt",214,"Egypt","EGY",0.000815497551210543,0.0735716070160545,0.0875732446039095,0.0201187158653632,0.0137793018475038,0.0431561102509892,0.00597401007699045,1.07519028388568,0.448309186977271,0.000790574562769612,0.01658006748308,0.00124551034594182,0.0165248527780157,0.00384198258494595,0.0174487481008462,0.332587333210395,0.140310254844838,1.82853283226413,0.509051242122811,4.63540135433306
215,"JO","Jordan",215,"Jordan","JOR",0.0695936574024104,0.575373265395562,0.461137712489636,0.239749277400829,0.322978622714678,0.841098252932231,0.253190596898397,1.00138224363327,0.563769639673687,0,0.0101523583965553,0.0039279234351679,0.107525204884864,0.0109318372350009,0.454433247021266,0.153843921210085,0.548667905160359,1.03072978825796,0,6.64848559016273
216,"ID","Indonesia",216,"Indonesia","IDN",0.00367354746110173,0.215221490783389,0.160825315092731,0.115163854999538,0.0120451026717503,0.00889599474970926,0.000580500098011891,0.938771611535989,0.12909094535445,0.000181358007217942,0.00297619705136492,0.0347753967692297,0.0114302656311594,0.00124087053359913,0.0185837706249903,0.0888085527024852,0.242084373328993,1.26872602182551,0.533989121835146,3.78706432420168
217,"XD-CN-JP","Conflict Zone",0,"Disputed","-",4.88626128245916e-08,0.770994713824472,0.507970931229334,0.195490180771629,0,0,0,1.01032214421577,0.362686516929393,0,0.0834327607861238,0.0216025522791438,0,0,0.000293243679351005,0.478389328921761,0.011883869516888,1.73595824908322,0.792019301444365,5.97104382293568
218,"CA","Canada",218,"Canada","CAN",0.000772322650425595,0.0609434725346361,0.0293422565050002,0.0131009541563408,0.00200681091098407,0.00898029607064214,0.000946889278743561,0.562933789063425,0.11114406750623,1.86661758009308e-05,0,0.00730806990430592,0.00138921713285835,0.00023570278235699,0.00513088131406395,0.0980763279269413,0.107705011048893,0.931011161341448,0.452614994150816,2.39366089567916
219,"PM","Saint Pierre and Miquelon",179,"France","SPM",0.000405753705547912,0.221188100564212,0.159145106769215,0.0269327496427386,0.00124279944425348,0.0312165755089451,0.00173424522557888,0.627484398123776,0.30854332804606,0,0,0.0117881505303655,4.89585104857531e-06,7.59674289648705e-08,0.0138937026496927,0.318832983309634,0.170927873580741,1.66379706331246,0.423347096504764,3.98048489223704
220,"SX","Sint-Maarten",177,"Netherlands","SXM",0.0265700810348815,0.103598358025807,0.0887670658341896,0.0277479816708314,0.059613213538269,0.282046232153388,0.0469334253905966,1.03098682651883,0.668690974169949,0,0,0.0123095615278723,0,0,0.0787543130580942,0.608761815824723,0.243974730114623,1.54223373810725,0.345746881460649,5.1667351846464
221,"MF","Northern Saint-Martin",179,"France","MAF",0.010017514742667,0.145184549371711,0.128066531575165,0.0410148812475468,0.00841018511291365,0.112378920491088,0.0098351372720261,1.02344508665173,0.425439925054651,0,0.00046781203059387,0.0134703609003892,0,0,0.0331599489386938,0.34264863032637,0.200535497610603,1.81554137483055,0.444786758010189,4.75440313139854
222,"SE","Sweden",222,"Sweden","SWE",0.0047338184510496,0.0292690055285445,0.132087269368881,0.101683542031584,0.0520923748737257,0.239954530037625,0.0170519476646578,0.0331768692068624,0.478025009557456,0,0,0.053491263346826,0.031314066897511,0.00172999668649142,0.0733221913964306,0.41711057970192,0.615463551633452,1.16033406686016,0.446920595223468,3.88776068645904
223,"NO","Norway",223,"Norway","NOR",0.000865970238915635,0.192283634871783,0.188956906810024,0.0606988143472984,0.00391741479854832,0.0195906403101619,0.00351129676107452,0.941850408642968,0.205133418620082,0.000187030346330345,0,0.0773146614769791,0.00167407047482138,5.60341077108015e-05,0.0144518426324372,0.186169201576642,0.0595103327687506,1.52302218961864,0.488192211788634,3.96738608328878
224,"CL","Chile",224,"Chile","CHL",0.000595102007018905,0.0310247218546716,0.0313423110306961,0.0746746375655275,0.00271092666672255,0.00234546326311098,0.000201178148788486,0.960578259256126,0.0995130921184752,1.41873946190583e-06,4.02259806228737e-05,0.000757120222756358,0.00218979106895251,0.000668114234912538,0.00490567306055042,0.0594645493328108,0.0330435717748626,1.18456772883458,0.766949677937435,3.25557358239597
225,"CL-XEA","Easter Island",224,"Chile","CHL",5.80888439214195e-06,0.0267991642998561,0.0158255406378901,0.0168374662576388,0,0,5.32821232651411e-06,1.07024828948823,0.0214172495485171,0,0,0.0197762341788486,0.000100376254894479,1.27605460289942e-05,7.64037227843571e-05,0.0123721495016931,0.000160386312706932,1.54277478460744,0.713370219817046,3.43978217755502
226,"XD-JP-KR","Japan - South Korea Conflict Zone",0,"Disputed","-",0,0.137198192748006,0.0628706196090723,0.0412090877549892,0,0,4.22370519783516e-05,0.929076274749969,0.285474164995978,0,0,0.00379434113387668,0,0,0,0.205564231485709,0.000146993159890743,1.46434038987972,0.60890885325991,3.73862539316363
227,"JE","Jersey",180,"United Kingdom","JEY",0.00289901262001037,0.189705469662573,0.141586977339794,0.0620972724531546,0.0222705197074037,0.263707301530572,0.0113503227057567,0.212531254880907,0.355409633326545,0,0,0.00186527635612397,0.00791979723309114,0.000909154321653982,0.0397113438741769,0.20231199508635,0.904374115823224,0.992714713409359,0,3.41136416092155
228,"GG","Guernsey",180,"United Kingdom","GGY",0.00216175600554849,0.275922101411105,0.239207749690582,0.10890461762354,0.00524284116714284,0.114902381389991,0.00323141201875205,0.717034568826746,0.416910520371357,0,0,0.0301406499343015,0.000229982881871424,2.02257473392141e-05,0.0204905877247412,0.577640858737978,0.282927786545276,1.63231479461474,0.496967049125797,4.92424987773555
231,"TL","East Timor",231,"East Timor","TLS",0.00201465321216181,0.0912933241966374,0.073405297184031,0.049588208482978,0.0217901760305161,0.00140886642322461,0.000756750697802109,1.10430708796533,0.0873247494754247,0,0.000982850323883672,0.00357003258967217,0.00111617871279586,6.09774519855963e-05,0.0258463227033546,0.05518318117819,0.0670820238232607,1.4654957949887,0.545966288145353,3.59719279739302
232,"BA","Bosnia and Herzegovina",232,"Bosnia and Herzegovina","BIH",0,0.0230460623279214,0.0244913740704457,0.0562971914187074,0.471472437183062,1.27222406864166,0.459798098231355,0.299032710492611,0.0199539183328549,0,0,0,0.336860197285811,0.0750383924071987,1.28376493851344,0.233212968955437,1.43162484963735,0.0666821499665578,0.0942174767454465,6.14771680037181
237,"TL-OE","Oecussi Ambeno",231,"East Timor","TLS",0.000879307009043659,0.267190365849129,0.250516995718527,0.151455245071438,0.0346823154492132,0,0.000869570756287903,1.12450351281641,0.265709314098038,0,0.00282875071824895,0.00768817949178593,0.0145057034291052,0.000706883151955568,0.036538918976207,0.162416112858232,0.0386705780646532,1.73688150940022,0.118208684130835,4.21425197012089
238,"XD-AU-TL","Australia - East Timor",0,"Joint Development","-",0,0.1685486101947,0.0794049774532406,0.0438206956668787,0,0,0,0.952458177356011,0.0819474486589574,0.00093450956937799,0.0043954428687505,0.00334090194460194,0,0,0,0.0821535893682683,0.157821346671459,1.33730407152176,0.641827136461595,3.55395694998534
239,"XD-AU-PG","Australia - Papua New Guinea",0,"Australia - Papua New Guinea","-",0.000915409937809815,0.0348372945997915,0.0242316454958164,0.017728125001381,0.0060144580823554,0,0.000349029379430056,0.058230383512932,0.0985793495172581,0,1.88096041924167e-05,0.000579029598136261,0.00175086733097431,6.47929871781864e-05,0.0291604105580618,0.00908837188431932,1.60835768080017,0.0523561499889462,0.0390238080313011,1.98128559944249
240,"XD-CL-PE","Chile/Peru",0,"Disputed","-",2.63384464524647e-05,0.013749535267108,0.0316727232663961,0.102299979904354,0.000787388663877753,0.000381281639844401,0,1.04517790254013,0.122243385994404,0,0.00076635058060138,0.00251434737067808,0.000122009834868475,1.38871108870953e-05,3.12220340659714e-05,0.0662331300509986,3.16630116843619e-05,1.12425080751639,0.767039330102351,3.27734131106165
244,"CW","Curaao",177,"Netherlands","CW",0.00146341193580254,0.0338143230229119,0.00868186841972695,0.0230864931511223,0.00344304980932178,0.00181897888971932,0.00198043463368435,1.18851881523183,0.412220978779715,0,0,0.00213143552727864,0,0,0.00740523594408425,0.304468143938092,0.00931403137206513,1.97275896711663,0.547644682261353,4.51875089087908
245,"BQ-BO","Bonaire",177,"Netherlands","BQ",0.00115490927551867,0.0862203726018507,0.0122148454523517,0.0362197746528729,0.00197044848485667,0.0073503521257588,0.00130840582632116,1.18506849279307,0.427332839791745,0,0,0.00181724189481545,0,0,0.0124789165085703,0.298756056181039,0.0214472714121332,1.98516998710441,0.549057481295959,4.62756741393098
247,"BN","Brunei",237,"Brunei","BRN",0.00762976366355857,0.105456721954692,0.0670648409969347,0.0432510825420668,0.0230749135733599,0.0659605893385446,0.00589720331326541,1.04202263223922,0.292675907481376,0.00711206912374523,0.00530276993581042,0.0120783468608565,0.00493727024479565,0.000753328318803477,0.0194744821194382,0.242756308213419,0.179402670599255,1.13716439245147,0.48845116905236,3.75046647937492
248,"BQ-SA","Saba",177,"Netherlands","BES",3.96478977713916e-06,0.0328611673532771,0.0260179991759647,0.0141362683579216,0.000168416878271097,0,0.000671002157121347,1.03147913890295,0.375450377020117,0,0.00971869228864988,0.00318406886164189,0,0,0.00155864660504513,0.32784224764628,0.131988855276619,1.80118209096139,0.38173787439775,4.1380008129859
249,"BQ-SE","Sint-Eustasius",177,"Netherlands","ANT",0.00034930109298444,0.0292290951367852,0.0269595449568313,0.0147484661375037,0.00191365759364142,0.0259212068009813,0.00418515258741758,1.14991347058453,0.47465112580312,0,0.000808444789854781,0.00744700978481805,4.27607657004351e-05,3.14743149702768e-05,0.0151643698876263,0.354481412527764,0.0193704816560979,1.96372057070014,0.385897419398376,4.47483495656225
250,"AW","Aruba",177,"Netherlands","AW",0.00252404602089602,0.0341136265886703,0.0118606675946586,0.0307792801851085,0.00318598234872246,0.019489425070062,0.00200512959552295,1.17337315697227,0.389518713727827,0,0,0.00240538168846142,3.58511793891785e-06,1.54658765687299e-07,0.00759957565464125,0.302197471567603,0.0132775260042133,1.92572376962393,0.567980584216388,4.48603810959041
251,"XD-AU-ID","Australia/Indonesia",0,"Australia/Indonesia","-",0,0.376740587342857,0.153284495944269,0.0978829758567264,0,0,0,0.981822302373926,0.0922047901202698,0.000622325924067717,0.00675441681899757,0.0344447320998373,0,0,0,0.0930154068435389,0.041016192814617,1.25219834274781,0.634992663102873,3.76497928761124
252,"XD-EG-SD","Egypt",0,"Egypt","",0.000860683620612889,0.230304577835759,0.181761254890814,0.0560814635470242,0.0118092606665231,0,0.000493003021404611,1.17022511504291,0.335700989269037,0,0.00299807557014507,6.10507908730353e-05,0.00128368061065363,3.64542992848665e-05,0.016596439905042,0.276839580952725,0.164640735007761,1.73313102557631,0.316764234761119,4.4995876097956
