"eez_id","eez_key","eez_nam","sov_id","sov_nam","eez_iso3","artisanal_fishing_combo","demersal_destructive_fishing_combo","demersal_nondest_high_bycatch_combo","demersal_nondest_low_bycatch_combo","inorganic_combo","night_lights_combo","ocean_acidification_combo","oil_rigs_combo","pelagic_high_bycatch_combo","pelagic_low_bycatch_combo","plumes_fert_combo","plumes_pest_combo","population_combo","sst_combo","uv_combo","global_cumul_impact_2008_all_layers_except_shipping_oceanpollution_invasives"
0,"AU","Australia",16,"Australia","AUS",0.000417716763246495,0.0249871091339681,0.0148067066548588,0.0126688682150415,0.00147112819556382,0.000385678989371713,0.953801541734693,2.83229899215804e-05,0.00700024166691514,0.0112424554503897,0.00396781430552868,0.000358270211617815,0.00393978277607206,0.715805824766651,0.619807494473767,2.37068895568036
1,"CC","Cocos Islands",16,"Australia","CCK",0,0.00159792257884065,0.00346543935415172,0.00365230710771352,1.07200818862326e-06,4.96303231013318e-06,1.12288290960084,0,0,0.00400034687077884,0,0,0.000138908332376469,1.25957590167042,0.742710267144328,3.13803004784713
2,"CX","Christmas Island",16,"Australia","CXR",9.7192591632895e-05,0.00194414280494311,0.00492732860098995,0.00487951684557367,3.84968371693875e-06,2.16712482247232e-05,1.12474006071047,0,6.62319745850592e-06,0.00428460714641292,0,0,0.000110298708055537,0.705282844312658,0.69257602575742,2.53887416352194
3,"NF","Norfolk Island",16,"Australia","NFK",4.47485828674447e-06,0.0135738876976712,0.00721149928264773,0.00205544173410468,0,1.1799835888729e-05,1.26019548454734,0,0,0.000732162457178428,0,0,0.000133180518375959,0.728983651417672,0.776407055596652,2.78930863177221
4,"AU-XMQ","Macquarie Island",16,"Australia","AUS",3.93020820288355e-07,0.00039469115015909,4.4737929679022e-06,2.41695707308173e-05,6.3974418218361e-06,0,0.810617024332474,0,0,2.30369444623513e-05,1.660046501032e-05,9.55044936967622e-07,0.000114987611326026,0.552410612381616,0.810162129100369,2.17377546301246
5,"NC","New Caledonia",179,"France","NCL",0.0011939572028242,0.00375182368904778,0.0022031712679207,0.00394216911802681,0.000106985317770333,0.000108978872199256,1.2310533786854,0,0,0.00452756357461543,0.000132206193729525,1.41515009083906e-05,0.00249958451167646,0.480850811388673,0.596748654604403,2.32713343514838
6,"VU","Vanuatu",6,"Vanuatu","VUT",0.00164373416508954,0.00555473330008838,0.00452704130871688,0.00874537104527943,0.000201752014090873,3.1184086856142e-05,1.21670332420504,0,0,0.0128997653243927,8.07034254499758e-05,1.58394972950813e-05,0.00624239552407488,1.23255958192858,0.585242455504584,3.07444787922089
7,"SB","Solomon Islands",7,"Solomon Islands","SLB",0.00184504712107411,0.0121187052477388,0.00953486749081015,0.0582663190143274,0.000576090116455075,1.1633214769996e-05,1.14326498181122,0,0.00135084254536424,0.0880655088561803,7.56527390475669e-05,1.36438376949766e-05,0.00591883258254874,1.40726286844289,0.6228257328455,3.35113072700914
8,"PW","Palau",8,"Palau","PLW",0.000647426408634871,0.00381520317666404,0.0140726269242637,0.0165786642281796,4.91524399414318e-05,7.30281368848996e-05,1.16407786945419,0,0.000448826775941083,0.0178799428852024,2.84647425492884e-06,8.64067288119369e-07,0.000970242092998924,0.714656943355947,0.727439228773228,2.66071286600476
9,"FM","Micronesia",9,"Micronesia","FSM",0.000177491908290553,0.00240925377665097,0.00839598750088191,0.0148043284589878,2.24150200840181e-05,2.40691111169933e-05,1.13910900466032,0,0,0.0194240853814482,0,0,0.000536753099253501,0.972658901831876,0.67156179173969,2.82912408542118
10,"NR","Nauru",10,"Nauru","NRU",8.74696376225407e-06,0.00331784362657389,0.0219694821090027,0.0384843746699921,0,3.26039634786659e-05,1.07446504837647,0,5.60007440981334e-05,0.0366762869933174,0,0,8.84378100314458e-05,1.79810916402013,0.708453172166901,3.68166115247563
11,"MH","Marshall Islands",11,"Marshall Islands","MHL",0.000538286510620964,0.00231758638263211,0.00721202108183701,0.0141870227643493,0,3.46684741314998e-05,1.16456411097543,0,0,0.0210292355698887,0,0,0.00146351374848464,1.46600941852191,0.586340576060934,3.26369644672951
12,"UM-79","Wake Island",163,"United States","UMI",0,0.00485793587226247,0.0168445665806959,0.0215790118743,0,1.97017153956069e-05,1.26097916041967,0,0,0.033045048392773,0,0,0,1.65492422064116,0.518753702322546,3.51100335199594
13,"MP","Northern Mariana Islands and Guam",163,"United States","MNP",0.000286821629419289,0.00349477563038001,0.0135354530956456,0.0268166058580343,0.000271067493700554,0.000171156158363633,1.17487857284612,0,0,0.0359648434196058,0,0,0.000546071577074405,1.41399672826019,0.684569373150209,3.35453147432625
14,"TW","Taiwan",14,"Taiwan","TWN",0.000649429238018845,0.278701326642284,0.218818191709806,0.0962493069003787,0.0133314216869982,0.00288215208473994,1.06100222737595,6.17952008870842e-05,0.00294224470732579,0.0174835810944863,0.0106802505900137,0.00104017482022921,0.00911337135025223,1.19253278054439,0.561181103136611,3.46666935812235
15,"PH","Philippines",15,"Philippines","PHL",0.00947775930769963,0.141012258481611,0.236245525105305,0.129556025230328,0.0139749575537206,0.00114349757851804,1.12450368677669,1.59560802085928e-05,0.0020795797332261,0.0498367293448333,0.0084333848039011,0.00104227873166573,0.0279350022302516,0.626941984538912,0.593020144320908,2.96521876874046
17,"PG","Papua New Guinea",17,"Papua New Guinea","PNG",0.00183972937286877,0.0113909847324815,0.0100356783028912,0.0556482754463686,0.00300320679463241,6.8687024040845e-05,1.0707110332731,0,9.37033870640606e-05,0.0783921196169851,0.000701119352837097,6.24521526673989e-05,0.00900819778311325,0.598570937457831,0.568727223599839,2.40825334929172
18,"FJ","Fiji",18,"Fiji","FJI",0.00157766083204644,0.0133916772576383,0.0136600993060676,0.0122821461788486,0.000738270082764468,0.000158540624868015,1.22225853332252,0,0.0002880909210183,0.0101576871576968,0.000310361364117689,3.11271777842202e-05,0.00496459400394228,1.55464138571776,0.624076502175089,3.45853667420218
19,"TV","Tuvalu",19,"Tuvalu","TUV",7.38065267843314e-06,0.00182793370063961,0.00612428277539015,0.0112521201981443,0,1.098892827434e-05,1.14823453137502,0,0,0.0142527250346221,0,0,0.00046036002545454,1.66406815264138,0.65273629837132,3.49897477325408
20,"KR","South Korea",20,"South Korea","KOR",0.000951414144527252,0.426118438627296,0.421079751884427,0.174872860234223,0.0186163423656527,0.0125733562362989,0.657282490337889,0,0,0.00447950904496895,0.0249720913893557,0.00467932897113315,0.0382392160021649,1.27379033683302,0.526583086395384,3.58423822265741
21,"KP","North Korea",21,"North Korea","PRK",0.00111156747696542,0.186928235414165,0.123968903875966,0.0601140051119726,0.0348083974021647,0.00105626510687401,0.711832137203435,0,0,0.0176798815573339,0.00661117667031118,0.00194754101163559,0.0444828740182864,1.26533718231289,0.491409604249477,2.94728775812204
22,"XD-PF","Paracel Islands",22,"Disputed","-",0,0.155383819066936,0.1830043853826,0.0750284260931906,0,1.97871410084221e-05,1.11736646365858,0,0.001110213223743,0.0171586232031331,0,0,0,0.852646158069431,0.576776926085626,2.97849480527555
23,"XD-PG","Spratly Islands",23,"Disputed","-",0,0.206540443149188,0.289317114425232,0.139482500827773,0,4.89701086783791e-06,1.08867966695604,0,0.0246474178913985,0.0619468760655421,0,0,0,0.563647402929973,0.566523623132039,2.94078994411648
24,"KH","Cambodia",24,"Cambodia","KHM",0.00100066171128344,0.599852928554375,0.485967580738273,0.204734974706185,0.0121130811413288,0.000525723270185558,0.472755285344723,0,2.13567238387793e-05,0.00593067579787604,0.00208918033553448,0.000111383169181982,0.0248363059676522,0.581868683194703,0.423876284365343,2.81568411782278
25,"TH","Thailand",25,"Thailand","THA",0.00342174845503385,0.393009820294846,0.279820725435407,0.146324433922299,0.0236898671314439,0.00574293526269165,0.688142158969825,0.000649378391079592,0.00231693166137417,0.00683660050071353,0.0286515247869931,0.00611908678323108,0.0271323799104047,0.544072241550465,0.431723801781928,2.58765363979441
26,"IN-XAN","Andaman and Nicobar",203,"India","IND",0.000354010563099025,0.0947660899685167,0.0839111154833019,0.0423020688946712,0.000869293741107041,0.000143987106395045,1.0563293293827,0,0.0120497758722495,0.0100614172027184,0.00134958600504774,7.70973031544716e-06,0.00596968138455581,1.15949114279303,0.643463065747035,3.11106826920378
27,"XD-KU","Southern Kuriles",0,"Disputed","-",0.000349334811825033,0.0810203526474672,0.0451756536227545,0.0601794188261526,0.000395446401830742,0.000121288282214365,0.841821731614904,0,0,0.0112896804655745,0.000507438623390476,7.71731591763918e-05,0.0049162088849007,0.713769604352916,0.742693239251773,2.50231657715047
28,"KM","Comoro Islands",28,"Comoro Islands","COM",0.000477872156484908,0.0189508662434634,0.0155305814473926,0.0178039690069271,0.00163812844827219,0.000165891524816581,1.12083023278682,0,0.00502571401846553,0.0151440391968694,0.000880744352939542,0.000151304256044004,0.00431984964327569,0.0425533117686685,0.665479912092352,1.90895241592298
29,"YT","Mayotte",179,"France","MYT",0.000385570904969804,0.0186484280966311,0.00648475742051995,0.0312934394079927,0.000961202098165243,0.00118675447458655,1.10435999068261,0,0.00388495070050895,0.041685209262446,0,0,0.00642562325453933,0.00128104666405349,0.69433946537948,1.9109364373679
30,"TF-XGO","Glorioso Islands",179,"France","ATF",0,0.00462699650745553,0.000709964982249324,0.0139987608103969,0,0,1.13561985631401,0,0,0.0197249531059027,0,0,0,0.00263865554960401,0.587234003927779,1.76455319289698
31,"SC","Seychelles",31,"Seychelles","SYC",6.5536811435593e-05,0.00451299448567034,0.00207191881017341,0.0164682908064906,4.41752441798362e-05,7.88933026870528e-05,1.09632764597899,0,0.0121091452428791,0.0231671657688922,7.76364407600425e-07,1.19077258469212e-07,0.0004007432804484,0.343544184372717,0.612235343208118,2.11102693266184
32,"RE","RŽunion",179,"France","REU",9.30021506857484e-05,0.00181265834005446,0.00210307696172056,0.00900483217189166,0.0012320366616796,0.000461705528045234,1.18142600735975,0,0,0.012620921217574,0,0,0.00104553827639819,0.423286666162546,0.778672151622173,2.41175859687713
33,"TF-XJU","Juan de Nova Island",179,"France","ATF",0,0.00213136593239276,0.00114369340949712,0.00615371568531255,0,0,1.12165166605321,0,0,0.00849407886568336,0,0,0,0.0979594480530306,0.616222472230471,1.85375644140241
34,"TF-XBS","Bassas da India",179,"France","ATF",0,1.28575886510921e-06,0.000190048156567019,0.00404344552033479,0,0,1.15862102201488,0,0,0.00570554171176526,0,0,0,0.972277022841162,0.725409999327999,2.86624836492473
35,"TF-XEU","Ile Europa",179,"France","ATF",0,0.000532194804382231,0.000856192225727665,0.00483000592371815,0,0,1.17151569058026,0,0.00671152236148432,0.00677592883769986,0,0,0,1.20483770901682,0.750518602626758,3.14657784453874
36,"TF-XTE","Ile Tromelin",179,"France","ATF",0,0.000301005805295227,0.000931630393491871,0.0105645198558601,0,0,1.1316370051697,0,0,0.015066459925814,0,0,0,0.156700042993698,0.732479378910203,2.04768004265177
37,"MU","Mauritius",37,"Mauritius","MUS",8.16124892080571e-05,0.010837344859232,0.00704145886065331,0.0169067916292426,0.000420759388624168,0.000148046201271647,1.1676185226822,0,0.000570046144475989,0.0225033808494234,0.000460736828987357,0.000249181702481186,0.000460345518466398,0.514779667781411,0.62984601520827,2.37192391082293
38,"IO","British Indian Ocean Territory",180,"United Kingdom","IOT",0,0.00194611670483979,0.00171226236117527,0.00876074785915213,0,8.49976295642704e-05,1.10788650651133,0,1.58692915504772e-05,0.0133148808654652,0,0,0,0.865956564185042,0.66991152224258,2.6695894736164
39,"MV","Maldives",39,"Maldives","MDV",0.00165055217232178,0.0260026508638862,0.00535998162777555,0.0369342580474332,2.85860042923875e-05,0.000497470546438172,1.11750078569279,0,0.000230328399510015,0.0560864128600774,0,0,0.00573285808126617,0.876136476175878,0.645317804800541,2.77147816984855
40,"LK","Sri Lanka",40,"Sri Lanka","LKA",0.000476000100525468,0.0618245484204218,0.0574231622843322,0.0491696973108283,0.0095191839128954,0.00106387286570193,1.06736908199615,0,0.85153704025825,0.033701879843278,0.00989910698076693,0.00052532818893328,0.00807020733005016,0.823712534608271,0.655722557060089,3.63001421220892
41,"MZ","Mozambique",41,"Mozambique","MOZ",0.000977683363095995,0.0691192536826669,0.00836109583311654,0.00763988258732269,0.0133598473922877,0.000240144486493068,1.03446565714149,0,0.00249644057969164,0.00321923656394778,0.00427332343587983,0.00111136910998467,0.0123462381765701,0.654064593455823,0.501286429503589,2.31296119405836
42,"MG","Madagascar",42,"Madagascar","MDG",0.00097677443221255,0.0732616465286045,0.0181326591909193,0.0206055306920384,0.00788882058906386,6.88267923318796e-05,1.10864915955536,0,0.00107911549941866,0.0137618305082011,0.000688061856162264,1.553508824215e-05,0.00859840599673044,0.613357192760298,0.657347501904448,2.52443106480195
43,"KE","Kenya",43,"Kenya","KEN",0.0021347828582255,0.0358725867361079,0.0167546583945331,0.0106627523387568,0.017626930212145,0.00115962444176848,1.03609290385417,0,0.0227547456832217,0.00492023130464938,0.0121293146468389,0.0018610080320434,0.0137552385866989,0.672047479736277,0.482065250426354,2.32983750411777
44,"SO","Somalia",44,"Somalia","SOM",0.000239877240644371,0.0246837136913177,0.00902652157395233,0.00721069828535894,0.00579961707310618,2.87359426881754e-05,1.05188439707504,0,0.00660838097103051,0.00545119550028765,0.000498884379628035,9.60820170070446e-05,0.00525418926528999,1.07236426751907,0.568552726105847,2.75769928430277
45,"ER","Eritrea",45,"Eritrea","ERI",0.00407617310303648,0.0470767055260823,0.02639854997618,0.0126804032249912,0.0124405438200068,0.000354432452240911,0.683530615277799,0,1.405298478824e-05,0.00143263352622973,7.63699430750405e-05,6.11288483876822e-06,0.0379924686750292,1.06725232857009,0.312254948488977,2.20558633718572
46,"DJ","Djibouti",46,"Djibouti","DJI",0.00794015133022765,0.168585597914875,0.0625937740463553,0.0412005655112054,0.0306270758129656,0.00474194159490427,1.0259522220399,0,0.191177430247623,0.0046825960616404,0.00156475149560084,0.000336600072898037,0.075244277405588,1.3453379227562,0.238733052001139,3.1987179750112
47,"YE","Yemen",47,"Yemen","YEM",0.000393960549743268,0.0691170729411391,0.0226764173386705,0.0288677502926757,0.00810920514833065,0.000512434749617043,1.02796178101952,0,0.0475580864746763,0.0141871952193915,0.00129579506487353,0.000196284389285698,0.00729197179505336,1.03814852542322,0.540590451171048,2.80690692923584
48,"OM","Oman",48,"Oman","OMN",0.00049806740800545,0.0377933252930121,0.0175399940986792,0.0203734483240435,0.00336098125461029,0.00113703468601639,1.01598931702032,6.80533072200207e-05,0.0191810446931549,0.00748903276766178,0.00184800375249815,0.000194659753627126,0.00548137816754105,1.48901222518914,0.608494365820212,3.22846092960593
49,"SD","Sudan",49,"Sudan","SDN",0.00110218019979991,0.101743088425034,0.0322894746149631,0.0146412746385471,0.00968563567246247,0.000628119052549839,1.07454935530107,0,0.000891932356197678,0.000455303180442302,0.000254822374371641,9.62983495570861e-06,0.0189308118212566,1.45750662101836,0.194327699988517,2.90701594706603
50,"SA","Saudi Arabia",50,"Saudi Arabia","SAU",0.00199167954414387,0.0732722392398702,0.0585743639791444,0.0362768274856827,0.0183353509910945,0.00739804535314556,0.897928193288341,0.00358797950750201,0.0167093839210014,0.00196575730835152,0.0120533138338617,0.000959717299663249,0.0265087860779727,1.20370723337664,0.245012431515915,2.60428130203567
51,"KW","Kuwait",51,"Kuwait","KWT",0.00276898877038197,0.152818836283977,0.100814799227035,0.0479099711541282,0.0652639861785651,0.0264886200906708,0.336715008364098,0.000257883878573534,0.0319500277169556,0.00285622645526926,0.051600312750398,0.00906035583464107,0.0525396268439034,0.536713498883057,0.196732795775604,1.61449093644686
52,"BH","Bahrain",52,"Bahrain","BHR",0.0031597614882343,0.134479389041526,0.100982291591421,0.050679310756998,0.0348605005459917,0.0395118536293993,0.218359142150689,0.000608758524446343,0.038731640794345,0.00178917630759183,0.0302609636469127,0.000425659283945751,0.0743983200360155,0.331297057283318,0.0695425388530269,1.12908634960128
53,"PK","Pakistan",53,"Pakistan","PAK",0.000168749982341039,0.170870183622739,0.0797031122936109,0.0548392464535414,0.0141270608747049,0.000734111973517875,0.96878070714909,0,0,0.0035655303140032,0.00943209636969494,0.0024471224604432,0.00848101309201548,1.29142735524881,0.54120668557887,3.14578297629757
54,"AE","United Arab Emirates",54,"United Arab Emirates","ARE",0.00168872347763724,0.261252024129321,0.244390274894649,0.145615812970355,0.0289855668441654,0.0159399398454134,0.299855729744138,0.00203977170149896,0.144083325317845,0.00524806877115532,0.0206451424709801,0.00242788909408348,0.0362703288849397,0.500395299676722,0.178093913250508,1.88693179791528
55,"PT-20","Azores",183,"Portugal","PRT",1.95488456038712e-05,0.00971603122859441,0.00115997885928619,0.00321337825841254,0.000284543011697191,0.000268678147339475,1.17835877212929,0,0,0.00238833451190407,0.000549267195201606,0.000131152085981697,0.000951514896832834,1.72028772432835,0.742815945691883,3.66014487649623
56,"CV","Cape Verde",56,"Cape Verde","CPV",9.33349972704842e-05,0.00321443093105718,0.00125621236545602,0.00729504308873212,0.000470681800066362,0.000131540068270013,1.15033359123553,0,2.20958123646689e-07,0.00816575538652553,0.000103288160341153,1.73853819317176e-05,0.00161305774918029,1.88308314528061,0.703937514534189,3.75971521378253
57,"PT-30","Madeira",183,"Portugal","PRT",1.84408077102164e-05,0.00123612395416544,0.00219061348401946,0.0126500998719255,0.00044100370038988,0.000286761631808841,1.1543548238365,0,0,0.00379180812228562,0.000329869447837042,8.36368547018939e-05,0.000709366455277183,1.53978214542245,0.809659092640245,3.52553379349931
58,"ES-CN","Canary Islands",182,"Spain","ESP",0.000126819365923394,0.0214364058903979,0.0297403805179891,0.0340391499158361,0.00270814358540601,0.0013076277569111,1.12826578506106,0,0.000564508490401588,0.0101488321905682,0.00179593512576284,0.000102290148811085,0.00412688591748202,1.68325464735686,0.764682717520385,3.6823001470537
59,"BE","Belgium",59,"Belgium","BEL",0.000469392683360759,0.170705652940928,0.141733372154975,0.0529218511842414,0.0961239744750228,0.0190932246979503,0.175701221265087,0,0,0.00450440858462337,0.0531969940172404,0.00482888787728894,0.0523299364303544,0.482696466651622,0.226322476501181,1.48062785814481
60,"GI","Gibraltar",180,"United Kingdom","GIB",0.00179681849637718,0.177766333655878,0.145245864340151,0.155724157678961,0.207436954914771,0.028345071787786,0.9756264063445,0,0,0.0291311251733339,0.0889142670952902,0.00831881505715005,0.0599107647785033,1.25879305342231,0.469878475051938,3.60688813262516
61,"TN","Tunisia",61,"Tunisia","TUN",0.00253891733223164,0.22938262454982,0.228059816587155,0.120924359308653,0.0304603101555107,0.00563547485844535,0.868831853797216,0.00128291171857065,0,0.0255385097286783,0.0173728967127078,0.00312799104537418,0.0286795275797057,1.21164500789777,0.450182960972564,3.22366315593237
62,"MA","Morocco",62,"Morocco","MAR",0.000659088741520997,0.129614570042636,0.154138701295921,0.275037435992342,0.0212714366394278,0.00191611352439684,1.06501868139926,0,1.30762832753579e-05,0.0126038991639939,0.0158103166222923,0.00490049267906152,0.0125615413900274,1.31618571616279,0.699361665950061,3.70909274089036
63,"EH","Western Sahara",62,"Morocco","ESH",0.000114232748353925,0.0577548982375538,0.114676102595979,0.0903604174883404,0.000493344172443204,0.000200602309390343,1.01372161254551,0,0.00101352036172113,0.0060456313815955,4.44727804507732e-07,2.97442511550656e-08,0.00312230820591598,1.4996411442082,0.601311238824495,3.38845554265304
64,"MR","Mauritania",64,"Mauritania","MRT",0.000343686767881366,0.0845635362260985,0.123493569734079,0.07186013496239,0.00470827705440657,0.000247891914784415,1.02322701163509,0,0.00801930197511362,0.00442793418430951,0.00113938267194747,0.000114419265557823,0.00850731300975596,1.73051671568431,0.542779737500438,3.60394892510251
65,"GM","Gambia",65,"Gambia","GMB",0.000674910543586963,0.0718496032822793,0.0715424526727239,0.0794981808271667,0.0175025661217508,0.000982712059386622,1.03603963880473,0,0.0551475016473854,0.00619007692852715,0.00927096966793446,0.00432285120405595,0.00911775671231085,1.74409374736943,0.723938320663359,3.83017129827119
66,"SN","Senegal",66,"Senegal","SEN",0.000335709627817147,0.0621520257447123,0.0573607180094178,0.066831793639228,0.0104072888882097,0.000751315758815366,1.06552678364364,0,0.0305542145586007,0.00744333839219904,0.00462253038392277,0.000525649927221175,0.0075767386874494,1.78001202825378,0.713896705585588,3.80799684274112
67,"LY","Libya",67,"Libya","LBY",0.000891520750831327,0.0369338922972516,0.0787586013693024,0.0233879399478624,0.00785448092918357,0.00185876908281442,1.108030806463,0.00156808724359763,0.000471902052355711,0.00523776286989259,0.0059547912827278,0.000914688535831757,0.00771429747943617,1.86266302361004,0.611097926639048,3.75333848924474
68,"MT","Malta",68,"Malta","MLT",0.000269840566438645,0.0512858495455157,0.0502985777722165,0.0310923034649954,0.00563897682166665,0.00145366906755653,1.11840869930554,0,0,0.0121975960929226,0.000984895134992498,0.000155308277744679,0.0052762550281063,1.32180535201903,0.589087123160486,3.18795444223082
69,"LV","Latvia",69,"Latvia","LVA",0.000571538835453995,0.0156045770050903,0.182617795915521,0.18293550577307,0.0451265342488071,0.00362850584786195,0.0175988060056963,0,0,0.121742332829575,0.047713869493345,0.00703273156373387,0.0288960088301605,1.22602684288537,0.620949397573164,2.50044445347462
70,"EE","Estonia",70,"Estonia","EST",0.00220428031484485,0.0117095552810171,0.135097187576868,0.157436442719511,0.040961850490971,0.00721411362701977,0.00949021199304271,0,0,0.0676764882676173,0.0389480761944783,0.0015457307843604,0.0725943837999739,0.895943144343057,0.453306117316502,1.89412757439543
71,"BG","Bulgaria",71,"Bulgaria","BGR",0.00156116654761727,0.0268825893149453,0.0146317639086572,0.0666616537361171,0.0238506885647116,0.00387043963205856,0.983991049952151,0,0,0.00446787094483571,0.0243579810704023,0.0040387312239738,0.0161403102470229,1.73844619658248,0.373428639708824,3.28232908176233
72,"RO","Romania",72,"Romania","ROU",0.00122059517624413,0.00197615820041178,0.00397311747886199,0.0202504412770775,0.0303752648741523,0.00217314650149325,0.828936418374308,0.00264621861374229,0,6.96288445948973e-05,0.0261228081393032,0.00678331575167891,0.0102683387757235,1.64088186120166,0.594702545384181,3.17037988072573
73,"RU","Russia",73,"Russia","RUS",0.000282767796791826,0.134115684874881,0.0531910906033966,0.0414697264757165,0.00217393982955992,0.000305872962044489,0.575555898431664,6.9884596895856e-06,2.3348487115075e-06,0.000802380587150655,0.000934389409609513,0.000221825552821618,0.00406544363598913,0.773617621058443,0.43218801003054,2.01893397418923
74,"GE","Georgia",74,"Georgia","GEO",0.00128532227267065,0.0272638522972908,0.0241353199880457,0.0798051566329804,0.0433493628303558,0.00442269840782576,1.11604801933095,0,0.00150085995098443,0.00632147697376326,0.0148248797721336,0.003703103007157,0.0265895736849209,1.76544773299042,0.377167628036745,3.49186499034301
75,"UA","Ukraine",75,"Ukraine","UKR",0.0015368397120325,0.00902088562382264,0.00870477852743769,0.0780305651814209,0.0459700574046594,0.00372131397604709,0.771392366649315,0,0.000617744207355301,0.000559650287035277,0.0362106176018137,0.010165054320404,0.0330387842086905,1.31846308340822,0.449109694235066,2.76654143750026
76,"TR","Turkey",76,"Turkey","TUR",0.00176365075865556,0.10839021443688,0.079892527729358,0.169642604706749,0.0473499625543855,0.00887031294208857,1.07027054318904,0,0.000125647766555557,0.022471482995431,0.0489902515170237,0.0104112266751014,0.0409787223934214,1.69545283074939,0.594414192182582,3.899024165833
77,"SY","Syria",77,"Syria","SYR",0.00280384570722391,0.0898643679797525,0.10313856932265,0.0540184946119127,0.0648454472259746,0.0136293456067795,1.10684686885098,0,0.00500798414517051,0.0224782438859761,0.0802189905338706,0.0195599721464853,0.0444494665506732,1.82347188690116,0.385634933177998,3.81596840562987
78,"LB","Lebanon",78,"Lebanon","LBN",0.0011175596394631,0.0491184835740581,0.0815345794913576,0.0588311603216247,0.0552637829837621,0.0105657352344538,1.1449398599321,0,0.0109624869008604,0.0197609930374957,0.0298255921540537,0.00708648429990787,0.0272418821840193,1.89774928000594,0.422533743872124,3.81653160818926
79,"IL","Israel",79,"Israel","ISR",0.000621681779160728,0.0723317726550511,0.115067948414554,0.0409404253155397,0.0573849463617776,0.00883023861699652,1.08921224994929,0,0.0259755652854217,0.00489586531561775,0.057540168642924,0.0136648312280502,0.0237787330648462,1.72680928808302,0.447819213433767,3.68487293133281
80,"GR","Greece",80,"Greece","GRC",0.00202902510851986,0.0703546909138979,0.0432046812711916,0.0544143679414347,0.0228041889103223,0.00675354391348963,1.08609080850228,0,0,0.0135892670581273,0.0158217902343371,0.00238170950233013,0.0316596513652804,1.81550056313502,0.628839027634761,3.7934433161743
81,"CY","Cyprus",81,"Cyprus","CYP",0.000462262547962987,0.0279073808756066,0.0223903314203147,0.0152770710214347,0.00799773870390087,0.00280540096700938,1.17245801758494,0,0.000809785581161068,0.00456054709527,0.0057126012691158,0.00209508467205753,0.00973740194487981,1.85600597358702,0.692245764329297,3.82046535548038
82,"AL","Albania",82,"Albania","ALB",0.00930712959688967,0.0982145630338292,0.0700563102728945,0.0368906415693872,0.0982259658909859,0.00629071102289646,0.773076004321844,0,0,0.00349844993332301,0.0935176604015982,0.0139264855246834,0.0680026966402106,1.42535043609368,0.398635362897948,3.09499241259151
84,"DZ","Algeria",84,"Algeria","DZA",0.00131638419209986,0.056897350315773,0.156587228460285,0.124627337136485,0.0337202948264422,0.00412625341762299,1.11700506857221,0,0,0.0142162944231761,0.0135677103777891,0.00252388699717482,0.0180509776213124,1.25180758500827,0.709014221201082,3.50346060492095
85,"SH-AC","Ascension",180,"United Kingdom","ASC",1.29947018738585e-06,8.41663235865199e-05,4.71074155842465e-05,0.00117022175115688,1.11608450219203e-05,2.13056113541618e-05,1.1089583722428,0,0,0.0016060932233941,0,0,0.000112993762589676,0.55835557546368,0.7353616252276,2.40572992161854
86,"SH-HL","Saint Helena",180,"United Kingdom","SHN",4.75488405678411e-06,0.000377076662567712,9.38684195141748e-05,0.0012532793433099,2.37376527064271e-05,3.44908774745475e-06,1.06472894758457,0,8.3941303156388e-05,0.000709942255294007,0,0,0.000120848199284567,0.384034046950427,0.808823867212453,2.26025775883211
87,"BR-XTR","Trindade",171,"Brazil","BRA",0,0.0105300220583188,0.0111432236147343,0.00867224449716196,0,0,1.15325552176543,0,0.0161711259379434,0.0128614568339929,0,0,0,0.243529652549402,0.82705900190066,2.28322225047572
88,"SH-TA","Tristan da Cunha",180,"United Kingdom","TAA",3.36668641930522e-08,1.87439045046133e-05,0.000716268900096697,0.000222421188430174,2.68839071842661e-06,5.58321919183994e-07,1.01059353584255,0,0,0.000312465605592546,0,0,6.26503379635803e-05,1.14998846958419,0.711737776234355,2.87365560048313
89,"GS","South Georgia and the South Sandwich Islands",180,"United Kingdom","SGS",0,0.00395379857004606,1.00973374999813e-06,0.00630589875483837,0,1.43619604450444e-06,0.764851384641984,0,0,0.000194683671832832,0,0,0,0.75458675470039,0.779284040832988,2.30917900593634
90,"ZA-XPE","Prince Edward Islands",102,"South Africa","ZAF",0,0.00462271337007736,0.00012755788769001,4.66918912057889e-05,0,0,0.880621075290153,0,0,0.000148063231593285,0.000307693698827516,4.43979973993394e-05,0,0.54887626130001,0.609086952616826,2.04388141008797
91,"TF-XCR","Crozet Islands",179,"France","ATF",0,0.00336124091566196,0.000234175540621577,0.000108067489128607,0,6.28391480832891e-08,0.874875928927533,0,0,0.00016216260903544,0,0,0,0.888827341437998,0.641604070144354,2.4091730522849
92,"TF-XAM","Amsterdam Island and Saint Paul Island",179,"France","ATF",0,0.000678285146515896,0.000804143516850683,0.000470274223043922,0,1.09641619915538e-07,1.1346415066587,0,0,0.000735684756067589,0,0,0,0.480651147829719,0.683199405726524,2.30118055891188
93,"TF-XKE","Kerguelen Islands",179,"France","ATF",0,0.0277255003947773,0.00014662307663385,3.75980347871046e-05,0,3.05942080147398e-06,0.763183884265176,0,0,0.000153525117314827,0,0,0,0.597088962124758,0.636294105499955,2.02463325169211
94,"HM","Heard and McDonald Islands",16,"Australia","HMD",0,0.0318727291125666,0,6.98896081825188e-06,0,7.66020861305531e-07,0.71467669876266,0,0,0.00316534667494626,0,0,0,1.20041886806679,0.649991457896926,2.6001328470934
95,"FK","Falkland Islands",180,"United Kingdom","FLK",7.43214953869781e-05,0.156833679143491,0.0154358968339895,0.00677929303483498,0,1.65693167316367e-05,0.870638420592845,0,1.105570187468e-06,6.53438417633161e-05,0,0,0.001397770851901,1.40447660631001,0.606344029166136,3.06206303892324
96,"SL","Sierra Leone",96,"Sierra Leone","SLE",0.000229077097359639,0.0462195134086327,0.0635509623097446,0.0262649249746125,0.00703540886683177,0.000165401274209401,1.0361226572914,0,0.0104360154822015,0.00412217142045524,0.00398318857612442,0.000432462763362819,0.00893381526238351,1.20973206743537,0.643877002158973,3.06110468063545
97,"LR","Liberia",97,"Liberia","LBR",0.000156431235334447,0.0214059490498266,0.0268835703393867,0.0137342213246564,0.00700441266573411,0.000125460962693996,1.09840655625331,0,0.052218344444335,0.00554534366111214,0.00186693396088921,0.000158280807183654,0.00383673007573021,1.17146796859153,0.667231033523459,3.07004124386744
98,"TG","Togo",98,"Togo","TGO",0.000818542770673094,0.15323324939637,0.074834973564254,0.101242909433063,0.01365294080606,0.00134414943655795,1.24311009977556,0,0.181719033952341,0.0335422163676386,0.00470392288325811,0.000534328153030986,0.00771783488608307,1.00988752182854,0.361845100695509,3.18818682349093
99,"BJ","Benin",99,"Benin","BEN",0.00191907543291556,0.069140220779358,0.0636683553796467,0.0456178198150608,0.0228087569685658,0.000931495803978557,1.24000347964257,0,0.0843815869943205,0.0287263233314261,0.00698953069573269,0.000772547913725181,0.00827560564652861,0.854784373586042,0.33239105531274,2.76041022675057
100,"CG","RŽpublique du Congo",100,"RŽpublique du Congo","COG",0.000288355845234633,0.0643535834367936,0.114445607840322,0.0264271875079985,0.0149421636603594,0.0012313208083768,0.946599305438781,0.0318365025331872,0.146256240077684,0.00198197469578742,0.000358660434089617,3.43711033517156e-05,0.00806455740980092,0.756468674739159,0.549820983674735,2.66310948118825
101,"NM","Namibia",101,"Namibia","NAM",0.000126996626055814,0.0272097752988414,0.0107421062045764,0.117916259017065,0.00236091137419164,0.00013301827051373,1.01713133080905,0,0,0.000432347087036268,0.000532006350717831,0.000348017351764007,0.00126619812568989,1.41159065793773,0.642865334403446,3.23265496349496
102,"ZA","South Africa",102,"South Africa","ZAF",0.000189801670743558,0.0226528355061564,0.00580316736909867,0.0712788079599429,0.00555503052535759,0.000646126401196804,1.11599812232231,4.80554578348557e-05,0.00118379270453808,0.0022027759919896,0.00376901531484409,0.000585829728668163,0.004250939939049,1.4626339424211,0.664059358261158,3.36085760164188
103,"ST","Sao Tome and Principe",103,"Sao Tome and Principe","STP",0.000165051730240877,0.00811444734876045,0.00532813942173883,0.0093425426495274,0.000893065219948534,0.000164254434590583,1.01565347839319,0,0.0957999631229806,0.00626757992412638,0.000115193930671084,2.34775432856812e-05,0.00276150209329368,0.406493268910677,0.628543003290846,2.17966496572395
104,"GQ","Equatorial Guinea",104,"Equatorial Guinea","GNQ",0.000157467392510492,0.0056334813552331,0.0121974257774513,0.00818449391041282,0.00126555577904615,0.000141633581646846,1.00253884082686,0.00522957045906915,0.0148039624017241,0.00601264012386426,0.000680222278949703,0.000104119952845612,0.0019949053071855,0.597827072505016,0.683126664223473,2.33989805367713
105,"BV","Bouvet Island",223,"Norway","BVT",0,0,0,0,0,0,0.752018385165378,0,0,0,0,0,0,0.0539691924817087,0.639252189203765,1.44523976674314
106,"GH","Ghana",106,"Ghana","GHA",8.03235798720178e-05,0.0889278567373064,0.0453044773390131,0.0890585470086548,0.00896885617089476,0.000738684475815052,1.10361734999513,0,0.199752608405769,0.0107013900024979,0.00342494342434112,0.00186560290434725,0.00493026437853394,0.711976937597383,0.593314642316262,2.86266248822061
107,"CP","Clipperton Island",179,"France","CPT",0,0.000431485885495634,0.00388562841788167,0.00237598588158358,0,0,1.0729422779773,0,0.01209188185506,0.00355832062215675,0,0,0,0.293758465518094,0.765173772614345,2.15421781895779
108,"BM","Bermuda",180,"United Kingdom","BMU",0.000172404127536703,0.000595046517963812,0.000768763430866402,0.00321264389892049,9.0539044086833e-05,0.000214644566291767,1.20531205525671,0,0.000728340548953033,0.00114902646175462,0,0,0.000420001580960237,1.47895178421104,0.835178743613077,3.52679399821273
109,"EC-XGL","Galapagos Islands",137,"Ecuador","ECU",2.76033064679366e-05,0.0114157874223457,0.00761946031792832,0.0169639972455006,0.00010726474720447,1.51577111006589e-05,0.907708038188494,0,0.00183616798680461,0.0103582434086506,0.000184463701032522,4.44568017727305e-05,0.00118733342676451,0.0561063391654915,0.636469116699643,1.65004342989151
110,"BS","Bahamas",110,"Bahamas","BHS",0.00131505401325657,0.00948509022027223,0.027387383044318,0.00549823831775174,0.000832071948164284,0.00100338651855291,1.07266385291969,0,0.00212807089703784,0.000681311833309397,0.00257762762498456,0.000209406201404498,0.00790961195869433,1.21481547078668,0.55387213398705,2.90037870926365
111,"TC","Turks and Caicos Islands",180,"United Kingdom","TCA",0.000804555413293006,0.0303888998391009,0.018217035811568,0.0157699171352498,0.000397778361965148,0.00062866266134039,1.2093890893519,0,0.0049465294953486,0.00219473966905147,0,0,0.00371559006508587,1.71719474542913,0.618101841511638,3.62174938091393
112,"CU","Cuba",112,"Cuba","CUB",0.00145560896298269,0.057421534425289,0.0428586402923687,0.0197416701418859,0.0157589195713842,0.00141207085673127,1.08008251054838,0,0.0131769657777801,0.00048259879494475,0.0101512323155674,0.000809231841391877,0.0210465608168013,1.18369243798256,0.469729976213257,2.91781995993394
113,"KY","Cayman Islands",180,"United Kingdom","CYM",0.000222021665034677,0.00288638548530634,0.000910300895491838,0.0020063519474726,0.000533675979231904,0.000920853639467234,1.25582485828208,0,0.00325105017172104,0.000388894302232171,0,0,0.00234247285438163,1.38420854270702,0.507733224366339,3.16122862997031
114,"HT","Haiti",114,"Haiti","HTI",0.00324738944257799,0.0439883515371901,0.0248839083027133,0.0123145044135541,0.0220807956028733,0.000604178970905517,1.18696221028449,0,0.00358068579559371,0.000539320221775809,0.0010028592428794,0.00040036805938169,0.0244555335455826,1.46686654889642,0.509674964418441,3.30060162177838
115,"DO","Dominican Republic",115,"Dominican Republic","DOM",0.000716745634795652,0.0404770151957441,0.0286408674450005,0.0197660396213668,0.0108348868641508,0.00144676730067411,1.20752212528797,0,0.0135168707301141,0.0059162294426359,0.00504708384822521,0.00139778287350931,0.00885769578421652,1.63017229973444,0.503211749258615,3.47752415528288
116,"PR","Puerto Rico and Virgin Islands of the United States",163,"United States","PRI",0.0043978442730324,0.0236464996905483,0.0145662056619421,0.0133850215535494,0.0104177860568487,0.00389827903181663,1.2039439070662,0,0.0128965783789215,0.00203564532793626,3.79143601215431e-09,0,0.00863668220208794,1.70681084810523,0.551204462062347,3.55583976376096
117,"VG","British Virgin Islands",180,"United Kingdom","VGB",0.00023843795629337,0.00656929502875161,0.00588237500465942,0.00530096631780299,0.000319722944747429,0.00123408694094629,1.22106820692107,0,0.00780867422460892,0.00181644967951445,0,0,0.00565627861791035,1.82586917083869,0.600030155871465,3.68179382520683
118,"AI","Anguilla",180,"United Kingdom","AIA",3.68146257013083e-05,0.0136398315802772,0.0111172993589565,0.00636788839513611,0.000202080163767998,0.000417863483115359,1.22000921313305,0,0.00128381638504677,0.0030576243764122,0,0,0.00145722173266917,1.91154944491668,0.616151603676663,3.78529070449886
119,"KN","Saint Kitts and Nevis",119,"Saint Kitts and Nevis","KNA",0.00327563359217321,0.0377670537691925,0.0406276335605424,0.0254156789117303,0.00505501839944438,0.00610400141473909,1.13844819398496,0,0.000947507259704138,0.00617921846994127,0.000962729472000816,0.000169109739004812,0.0204992272939037,1.62479304620835,0.35263259648795,3.26287665566147
120,"AG","Antigua and Barbuda",120,"Antigua and Barbuda","ATG",0.000548703638261965,0.010133999219103,0.0149889351963835,0.00808593907803399,0.000896298549172277,0.000812176714207142,1.20129463874859,0,0.000152159612417674,0.00265687279136928,3.78803930521063e-05,5.2178603327025e-06,0.00305715991082335,1.86025942544168,0.599879407888231,3.70280881344259
121,"MS","Montserrat",180,"United Kingdom","MSR",0.000414868849884479,0.0514696313813864,0.0573959275700386,0.0479109406314984,0.00123899614312403,0.00130110123931372,1.11046784411473,0,0.000488639977618362,0.00615633340398406,0,0,0.00879056076170092,1.58744362363338,0.363311085346444,3.2363895483471
122,"LC","Saint Lucia",122,"Saint Lucia","LCA",0.000498738237127815,0.0508063429250699,0.0743062751772273,0.0292877367376467,0.0134572726411022,0.00397243440757042,1.17271669082292,0,0,0.0136419114443741,0.00194275591035334,0.000384060804739181,0.0116127255522164,1.82670028519641,0.567872980603864,3.7672002216858
123,"DM","Dominica",123,"Dominica","DMA",0.000329263748131386,0.0351371126661786,0.0598339970535192,0.0366611571508142,0.00329729891553724,0.00175786578835111,1.17937915832109,0,0.000667936838295325,0.0158447724854421,0.00212595899748679,0.000285737199832346,0.00827819602635554,1.86378059969257,0.628006423001135,3.83538546626455
124,"BB","Barbados",124,"Barbados","BRB",5.28897834593406e-05,0.00142707816765795,0.00221285302306174,0.00438764026024105,0.000984859108958388,0.000301220928441549,1.19495588798787,0,0.00754866195582265,0.00209622902722518,0.000432612971075266,7.69996931010163e-05,0.000840849728864888,1.87374347242895,0.665365712245382,3.75442696273169
125,"GD","Grenada",125,"Grenada","GRD",0.00241213356624156,0.00721114715783787,0.00830980787719359,0.0173155592661529,0.00298254789716162,0.00242031673066386,1.13685352383697,0,0.000166838529952527,0.0037069432903759,0.000782004225829272,0.000165160558463689,0.0111235246283442,1.76620177971322,0.593437990993167,3.55308928679048
126,"TT","Trinidad and Tobago",126,"Trinidad and Tobago","TTO",0.000505354858090444,0.0317529736051078,0.011363786267026,0.0256487149488636,0.00750344430926313,0.00350020891201289,1.03527245200977,0.00140359545010499,0.00690042706283587,0.00203011496481674,0.00604363213856957,0.000525255176157179,0.0130108875428341,1.67126076671354,0.477377494770778,3.29409910791572
127,"VC","Saint Vincent and the Grenadines",127,"Saint Vincent and the Grenadines","VCT",0.00070120444737221,0.0125768441386393,0.0109602724560416,0.007359087670209,0.002569744895926,0.00188928028138855,1.15774971630767,0,0.000159452075974928,0.00369165657497449,0.000623144324100133,0.000141677077195682,0.00860195112419059,1.83399984766918,0.643814054622434,3.68483794748134
129,"PA","Panama",129,"Panama","PAN",0.00623929103044804,0.0476960163971776,0.00443630094131823,0.0692492425695922,0.00897351034324853,0.000648601174550785,0.99201372595601,0,0.00136780354823001,0.0031616442214552,0.00386713944120411,0.0029385818865405,0.0153642491392007,0.725505070884788,0.530641639807288,2.41210282225795
130,"CR","Costa Rica",130,"Costa Rica","CRI",0.00108534416861849,0.0225360224858535,0.00881444096165168,0.00536208793838456,0.00384554335681836,0.000520700591525144,0.942676516902903,0,0.0243802926233309,0.00270504013978946,0.00381621338934568,0.00100377664012246,0.00397811380021345,0.0847970485492654,0.650000728684927,1.75552187049324
131,"NI","Nicaragua",131,"Nicaragua","NIC",0.00239401690537899,0.0803404549854065,0.0588021861368984,0.0174551642770926,0.0142087936977132,0.000414489214435221,0.977141097808548,0,0.00464880071483148,0.0063889109230123,0.0129833066277049,0.00416176703527417,0.0114388044926739,0.973946069362018,0.390527849117371,2.55485171220727
132,"CO","Colombia",132,"Colombia","COL",0.00125366172601731,0.0229318592214939,0.00822351499604206,0.0125167022779659,0.00563206624217587,0.000531313510280951,1.02790964482421,0,0.00030954097769616,0.00144090703794203,0.00550911084335094,0.00375767032569244,0.00538191467309273,1.02615404408811,0.620482716692448,2.74203466716116
133,"HN","Honduras",133,"Honduras","HND",0.00293033331915255,0.0416760250620185,0.0244701919991985,0.00651042827731009,0.00942995233536351,0.000853844616718332,1.08600493849787,0,0.00302858652311498,0.000524426097885417,0.00863715810191514,0.00283475961122705,0.00981411418219869,1.35873443336794,0.455295894046067,3.01074508814434
134,"SV","El Salvador",134,"El Salvador","SLV",0.00154241293145409,0.0444225624961495,0.0485468102807283,0.0309551873237747,0.0140124912069563,0.00103031157013789,0.951355110497785,0,0.026070944006855,0.0329505212200206,0.0124124615102025,0.00338988134284944,0.00704895904446474,0.879432422055709,0.677687895384112,2.73085795414168
135,"MX","Mexico",135,"Mexico","MEX",0.00063550706306763,0.0530130038770325,0.0280090746384756,0.0389319271924982,0.00654842951278078,0.000534302618621221,1.022763893654,0.000420636469479855,0.017760802154119,0.00534955478742018,0.00620420634736165,0.00176253959466968,0.00499995275402782,0.689646745594012,0.592951198358023,2.46953177575182
136,"GT","Guatemala",136,"Guatemala","GTM",0.000522945506837181,0.026535650643293,0.0113717227405404,0.00741548813760693,0.0172996252601323,0.000707533990377217,0.95052684593432,0,0.0158906697035833,0.00610651740473504,0.0150814819648693,0.00536865933840552,0.00588596818130644,0.42088753464469,0.732780740368533,2.21638138266683
137,"EC","Ecuador",137,"Ecuador","ECU",0.000631098753025174,0.0870341153393457,0.0200499961650624,0.0906197554943961,0.00655583322488185,0.00121541386695849,0.780557777793985,0,0.00224245923588433,0.00770774047496075,0.00757570387212881,0.00439795151282998,0.00932394828002744,0.203386372234754,0.619031593146245,1.84032976200042
138,"PE","Peru",138,"Peru","PER",0.000213338195180522,0.0678126149829489,0.0264796363993174,0.131175222714418,0.00701952174650043,0.000517670507291291,0.954778120250347,0,0.00472659089634646,0.00545038449174423,0.00340237423658379,0.000888401182288153,0.00403287149929399,0.0967373680524069,0.704308318205572,2.00754243239213
139,"VE","Venezuela",139,"Venezuela","VEN",0.00118852046579965,0.0783441608391121,0.0301591150749645,0.0692604125274805,0.0142434024311604,0.00286380572384428,1.07854286155518,1.06466191847402e-05,0.000513407722455904,0.0037719353874766,0.0117045772698517,0.00225520092000864,0.0142436607198458,1.58620793036817,0.522384844267078,3.41569448220182
140,"GP_MQ","Guadeloupe and Martinique",179,"France","GP-MQ",0.00124586409973571,0.031223462946188,0.0452993685577631,0.0243590638313584,0.00484476752064416,0.00304882368750044,1.19684852856992,0,0.00357015899282417,0.0118282960249773,1.16354908272501e-07,5.28116317415001e-09,0.00846356037400392,1.83476879418938,0.585465278505885,3.75096608010141
141,"FO","Faeroe Islands",175,"Denmark","FRO",0.000201222443135247,0.375896121821744,0.12135451643892,0.0623872345795302,0.000439017493558742,0.000281018553404918,1.10030075195154,0,0,0.0855847075118823,0,0,0.00325648568557951,2.0753423973606,0.622150126920534,4.44719360621554
143,"IS","Iceland",143,"Iceland","ISL",0.000459428522656052,0.312475704186826,0.181256488944789,0.149408095647065,0.00095729035143298,0.000479309994093712,0.965998570124637,0,0,0.0502336569997158,0.0010744467879543,1.12972967518088e-06,0.00402333856053467,1.94553843956404,0.548020329967671,4.15992623138193
144,"SJ","Jan Mayen",223,"Norway","SJM",0,0.0621769878769153,0.00481476530235733,0.0254139695773898,0,0,1.09620627403358,0,0,0.00683727543460586,0,0,0,1.82641205573111,0.52469748903536,3.54655882022507
145,"GL","Greenland",175,"Denmark","GRL",0.000481179561267008,0.10864713694401,0.0240581856586511,0.0241940585728612,0,4.41302217227528e-05,0.821344067569987,0,0,0.000923713149760623,9.04793256241097e-08,0,0.00144682196920891,1.23625993827173,0.417165827641695,2.63456515212915
146,"PN","Pitcairn",180,"United Kingdom","PCN",0,0.000195881235700757,0.000457807034199387,0.00123850991057585,0,0,1.2364911458202,0,0,0.00184786136473783,0,0,2.48302781807597e-05,1.25829991159499,0.665696799238618,3.16425274893337
147,"PF","French Polynesia",179,"France","PYF",0.00019042138222493,0.00149437317643162,0.000463355292817405,0.00122338676704298,2.5140836011111e-05,6.09938663302179e-05,1.21826851257756,0,0,0.00179772714436194,9.1801755022883e-06,1.62198535321651e-06,0.00116618968389214,0.70207858905391,0.666399380994496,2.59317887279685
148,"KI-L","Line Group",212,"Kiribati","KIR",4.54248492165995e-05,0.000358361308986953,0.000353516973880948,0.00295696711051343,0,4.87649798542567e-06,1.03219506912836,0,0.000178968736526551,0.00430069791132002,5.4510449326039e-06,1.17871881364355e-06,0.000264119886835023,0.28986827396251,0.703195818202628,2.03372872315361
149,"UM-86","Jarvis Island",163,"United States","UMI",0,0.000402537841130661,0.000533584029651915,0.00296343521954591,0,0,0.959211192979525,0,0,0.00316803275520314,0,0,6.83407865062408e-06,0.133777973813524,0.74299452746222,1.84305811733064
150,"UM-95","Palmyra Atoll",163,"United States","UMI",0,0.00145287547064458,0.000965554346594143,0.00299302424126507,0,0,1.0716796561821,0,0,0.00314025345017186,0,0,0,1.11434618554984,0.716085963799371,2.91066351135179
151,"AS","American Samoa",163,"United States","ASM",4.64409121155569e-05,0.00145609304189437,0.00069628134428124,0.001745787661767,0,0.000108915435215789,1.20900951213052,0,0,0.00237552018201338,0,0,0.000627703430192658,1.77042297104817,0.662249770535774,3.64873901205015
152,"WS","Samoa",152,"Samoa","WSM",0.00121580612758914,0.0398521451079016,0.0213868467083308,0.00287586235728249,0,0.000409231869435219,1.21761623243079,0,0,0.00127078640676558,1.701084663419e-05,2.93865954629297e-06,0.00550244662620165,1.71920140006267,0.629682839638331,3.63903356535405
153,"CK","Cook Islands",162,"New Zealand","COK",1.73955097215585e-05,0.000485813940794149,0.000394589046009822,0.00171238285390922,0,1.39219253743143e-05,1.17710106565153,0,0,0.00259073921860263,8.74870586228513e-07,2.12992607881889e-07,0.000232094661639496,1.40235432478521,0.677262590386333,3.26216600386812
154,"NU","Niue",162,"New Zealand","NIU",1.11324503417721e-05,0.00119006949867918,0.000462290954490529,0.00203858513650199,0,6.70259779250732e-06,1.24213026156407,0,0,0.00304178599497232,0,0,0.000194449317877086,1.70374984983934,0.680057423351618,3.63288254237112
155,"TO","Tonga",155,"Tonga","TON",0.000322572851034404,0.00666176954891869,0.00712276473017763,0.00380215124602093,3.91958624488377e-05,7.82819924874553e-05,1.21503824817587,0,0,0.00254760671452627,0.000153127500208882,1.96707430362054e-05,0.00193854835519751,1.54600618399671,0.614123099849723,3.39785322315753
156,"TK","Tokelau",162,"New Zealand","TKL",0,0.00161283433071371,0.00350404848444043,0.0059435114651326,0,0,1.18394195873496,0,0,0.00754204297145713,0,0,0.000473746110559774,1.62868443851639,0.708605175308537,3.54030775283974
157,"KI-P","Phoenix Group",212,"Kiribati","KIR",6.38475143205571e-07,0.000636836571606339,0.00212629487611305,0.00872276031823493,0,0,1.07692421598177,0,0.000177902870632896,0.0128205964577389,0,0,8.41051316303296e-05,1.04607390539445,0.707694544420692,2.85526179748814
158,"UM-84","Howland Island and Baker Island",163,"United States","UMI",0,0.00108360758833977,0.00540757951139297,0.0177908550979811,0,0,1.03989526843377,0,0,0.0227509828779755,0,0,0,1.28301351494815,0.716584191499618,3.08652598993467
159,"UM-67","Johnston Atoll",163,"United States","UMI",0,0.00119535543291183,0.00105261555291652,0.00497739718274204,0,8.37661330869594e-06,1.17563327172259,0,0,0.00730813119536702,0,0,0,1.6434407580147,0.487657475220921,3.32127338490785
160,"US-HI","Hawaii",163,"United States","USA",0.0001668145706217,0.00203532375325905,0.00322261199761697,0.0070335134541656,0.00052277986107852,0.000172416503344726,1.17489363527456,0,0.00260814062286468,0.00361770917403782,0.000494854085371001,5.15222098385524e-05,0.000704324696495741,1.51293902621361,0.68607206736295,3.39453474397861
161,"WF","Wallis and Futuna",179,"France","WLF",0.000174750272658881,0.0022593032597978,0.00198680620752782,0.00192337253619599,0,7.54922383987274e-05,1.19682467346252,0,0,0.00205787379309523,0,0,0.0010513969202252,1.75585916998086,0.622512637848013,3.58472547734992
162,"NZ","New Zealand",162,"New Zealand","NZL",0.000143058728717574,0.0795404141652148,0.0145636159346168,0.00588841510281651,0.00292572427201751,0.000210361392403229,1.02412461570419,0,0.000199390836248801,0.000551175537110388,0.00252097693993921,0.000472042698876209,0.00281595253344447,0.655365524763154,0.630523927361749,2.4198451945058
163,"US","United States",163,"United States","USA",0.00119900678422553,0.0921343299947284,0.0355998955073551,0.0471593394884582,0.0150549072918148,0.0046031321103924,0.883564986585761,9.61635556250872e-05,0.00264857809387158,0.00274859846766739,0.0133391070864367,0.00261802929605036,0.0169308539800987,1.10318999874997,0.570452970355023,2.7913398922329
164,"BZ","Belize",164,"Belize","BLZ",0.0153264085326052,0.0680615728427424,0.0467143789687778,0.0180754386913904,0.0157447957648465,0.00322714521238474,1.11051389696835,0,0.00982095255356213,0.000388979986402087,0.0194097545211884,0.00491747524059862,0.035973503792735,0.878176939440544,0.198930536604463,2.42528177870008
165,"XD-CO-JM","Colombia - Jamaica",0,"Joint Regime","-",0,0.0369471249573112,0.0453598942091585,0.0110904103867854,0,0,1.16241530427425,0,0,0.000215914395035856,0,0,0,1.57637926859726,0.577235532622791,3.409643435867
166,"JM","Jamaica",166,"Jamaica","JAM",0.00065442662222871,0.0288398152066248,0.018195467743966,0.00948417392579027,0.00585223313031899,0.00168037628187921,1.18425358899545,0,0.0008834515752439,0.00035635755509858,0.0025236570349418,0.000275702570967282,0.00558626883681576,1.53149570979117,0.487062218185756,3.27714344293678
167,"GY","Guyana",167,"Guyana","GUY",0.000224993449003071,0.109048658662955,0.0318797253237698,0.0264694533708982,0.006581568597666,0.000826304432253774,0.920545774213923,0,0.026819216468631,0.00128070602620837,0.00601465757466622,0.000498730727613733,0.00859243288061565,1.50981510714661,0.571990647507403,3.22058797802195
168,"SR","Suriname",168,"Suriname","SUR",7.85261670819338e-05,0.0581242016170606,0.00864131822898433,0.00968374277715002,0.00335420611091909,0.000209189995970449,1.01724107016926,0,0.0102522215276544,0.000674669336267639,0.00306428565764772,0.00066921732966023,0.00408804282550586,1.59500706310897,0.594236372754138,3.30532412335798
169,"GF","French Guiana",179,"France","GUF",0.000296008634510536,0.0211075829893125,0.00350324113772538,0.00271173010220448,0.00216326502570924,0.00039198609993242,1.01866420826029,0,0.00449166129355986,0.000647885614552644,0.000736634719203383,3.85299221827661e-05,0.00470846988235186,1.49097432107903,0.635158306579265,3.1855938341835
170,"US-AK","Alaska",163,"United States","USA",3.66211464669553e-05,0.157259672080418,0.0272798082346355,0.0233426463439393,0.0013000379659083,0.000274778778638817,0.631754535756654,1.31041295519404e-05,0,0.0010300320737282,0.00144455749753447,0.000111639949878173,0.00184176850045235,1.51747069280893,0.661371817612594,3.02453171764382
171,"BR","Brazil",171,"Brazil","BRA",0.000732860668228854,0.0719676195883803,0.0370548478714149,0.0197467544350351,0.00830013493253285,0.0012164333587919,1.00381375451121,0.000422338631484727,0.0423035754551157,0.00931868096790443,0.00959626494160085,0.00119415655967785,0.00805690400679625,0.919288578618686,0.601964632492565,2.73497753895359
172,"AR","Argentina",172,"Argentina","ARG",7.88656474595302e-05,0.279326280649461,0.0577020358577972,0.0323801749274599,0.00272401759445263,0.000526186388018356,0.749603049998999,5.37851734075527e-06,2.01000149923897e-05,0.000357981569343548,0.00370273540427044,0.001045773033864,0.00469896711127893,0.957356069627745,0.678710520433678,2.76823813141523
173,"UY","Uruguay",173,"Uruguay","URY",6.021993964609e-05,0.134470432956191,0.0306341022763095,0.0125947458893731,0.00705574183733256,0.000970517200123403,0.6669630696428,0,0.000291473432095299,0.00107943770170702,0.0120288115100328,0.00496582072110245,0.00812904551008013,0.995261708258564,0.519491138422216,2.39399626450648
174,"FI","Finland",174,"Finland","FIN",0.00428131681700648,0.0212009928831095,0.154344139706602,0.118462712417983,0.0624729979088603,0.0218867716564024,0.00453403547750384,0,0,0.0395846220356541,0.0608520727074206,0.00262717473745309,0.11619849907187,0.602161007308963,0.273311357372952,1.4819177007696
175,"DK","Denmark",175,"Denmark","DNK",0.00219721441867011,0.458135350912159,0.302769493866377,0.157310232828233,0.039210422764831,0.0105724870623752,0.214138824322325,0,0,0.0507703662085081,0.074809570242746,0.00423306821878102,0.0673613625695526,0.744999886915623,0.338584005332155,2.46509229314683
176,"DE","Germany",176,"Germany","DEU",0.00241704425146656,0.416603589136265,0.231513824491217,0.108601060132483,0.0591106375919496,0.0159324971179713,0.186597299849662,0,0,0.025107237305679,0.103598974713878,0.020186586133651,0.082679562347007,0.587831348428293,0.248205890494396,2.08838555506767
177,"NL","Netherlands",177,"Netherlands","NLD",0.000875608265718809,0.542942765153681,0.259402293138288,0.132427300059119,0.0528073875755629,0.0129553505545248,0.236727160418531,0.000115721831944671,0,0.0214711950587261,0.0579556851699688,0.0163597923152808,0.0464587606064038,0.631988740919656,0.251325940082667,2.26381369720192
178,"PL","Poland",178,"Poland","POL",0.0018943951567348,0.0518521183023292,0.276891222479784,0.21993111112079,0.0869457344419015,0.0116473517013869,0.024905329832933,0,0,0.0905150129736307,0.0832995676738274,0.0188388523422724,0.0471123766930591,1.14417010887012,0.61419650082834,2.67219970914218
179,"FR","France",179,"France","FRA",0.0043795543729751,0.140205416641015,0.0957647095946006,0.0739805044534285,0.0329991316311856,0.0072347648654119,0.996306799938047,0,0,0.0298999781337802,0.0267856953205703,0.0104642175058143,0.0256748070926098,1.01556545205351,0.555413607400887,3.01467464002001
180,"GB","United Kingdom",180,"United Kingdom","GBR",0.00120531535154478,0.361960113912863,0.206798946320276,0.103917180964083,0.0165518103049235,0.00473672063963442,0.846117934029467,3.07098257536075e-05,0,0.108749242560942,0.0158275013154586,0.00215019631021675,0.0226248233251177,1.753445955732,0.667332897829626,4.11144934762288
181,"IE","Ireland",181,"Ireland","IRL",0.00103365376423979,0.299347954447041,0.116537023524145,0.0485645172441058,0.00606636863200363,0.00219091095456168,1.01525688859864,0,0,0.0450444752188152,0.00769779160201853,0.000800008101645627,0.0125652561226042,1.85806049783059,0.727385264734435,4.14055062328062
182,"ES","Spain",182,"Spain","ESP",0.000784931084425174,0.0869903777157251,0.0761335646408584,0.0706652868667908,0.0253557185088677,0.0047627237905008,1.08109933065136,0,5.49981546127733e-07,0.0218599250313194,0.0157073001877194,0.00300966216563671,0.0140081468233475,0.907018185189269,0.574786136776858,2.88218184118002
183,"PT","Portugal",183,"Portugal","PRT",0.000629804169856936,0.0749926320435318,0.04257703992972,0.0713953159654414,0.0113730851439603,0.00210447612586204,1.12872273730903,0,0,0.00996100427815782,0.00624719110596355,0.00342645575680153,0.00664853617415958,0.887851365766151,0.686446241343521,2.93237589228744
184,"IT","Italy",184,"Italy","ITA",0.00185605293188452,0.0949075781561918,0.0606031963887744,0.059040650350151,0.0422731438695405,0.00730469003700117,1.05641893370942,0,0,0.0124706549100934,0.0294445970436881,0.0116446740327202,0.0237042435779132,1.36442157301225,0.550562849239361,3.31465283970426
185,"MC","Monaco",185,"Monaco","MCO",0.000248741929882143,0.0421834785171264,0.0405982862558056,0.0573198579000366,0.0531068633148819,0.0073911745124068,1.19195629574039,0,0,0.0104886208363792,0.0110274692307013,0.00157911953925142,0.0181300484695318,1.34831257063918,0.102587987674526,2.88493050534301
186,"ME","Montenegro",186,"Montenegro","MNE",0.00114094726833956,0.064480259031114,0.0434813385149502,0.0369081358206862,0.0484769197279695,0.0111226704209394,0.923907480789528,0,0,0.00485328884401053,0.0516285419739167,0.00602593865669804,0.0432581793431862,1.8041615710578,0.485075348490089,3.52452060624373
187,"HR","Croatia",187,"Croatia","HRV",0.00509693190003524,0.188274521972895,0.085818070228972,0.151457623354253,0.0366688330601019,0.016289874079857,0.654444618295433,0,0,0.00728513438476202,0.0365532430989463,0.0042907218625802,0.0911109379003639,1.35332795081989,0.422976867126879,3.0535953176535
188,"SI","Slovenia",188,"Slovenia","SVN",0.00917648660373027,0.24612987778946,0.147078164233679,0.261916440536534,0.429179264139805,0.165761936304256,0.516272173343201,0,0,0.0105361623259691,0.287063571594959,0.0641050791258321,0.42301063623903,0.946446986894262,0,3.50667678716496
189,"LT","Lithuania",189,"Lithuania","LTU",0.00124190679587762,0.022363533216425,0.173504097430956,0.131048332265401,0.069511701612555,0.0104292912162585,0.0168724751836462,0,0,0.0370683762233343,0.0890328230311358,0.0206088426943625,0.0493739085664746,1.00702647558223,0.594106196920094,2.22218799067413
190,"QA","Qatar",190,"Qatar","QAT",0.00149000423586498,0.11417732048095,0.104803637152547,0.0619158992435033,0.0152942426271568,0.01172021610029,0.326298319715081,0.0529488195941633,0.1518552602716,0.00188834110599255,0.0208559319773058,0.00220373431894107,0.0276752670341548,0.571081784882688,0.131153637664302,1.59536239995837
191,"IR","Iran",191,"Iran","IRN",0.00198342357742668,0.136580495650546,0.100014747979721,0.049615818990109,0.019688302675208,0.00686452142865443,0.811083767711221,0.0103274168093386,0.243723896901412,0.00798832092191248,0.00941730809531291,0.00170163040831117,0.0247776690189148,1.29706085585395,0.399211671813017,3.12003983184972
192,"IQ","Iraq",192,"Iraq","IRQ",0.00530848882012328,0.332436051840584,0.207241268399068,0.0712108156398042,0.562093735132986,0.0419633295555185,0.388470728364256,0.00293650800983111,0.000336888366695752,0.000606000322214742,0.495799053700888,0.262530808485154,0.120250964547611,0.485843270561761,0.221079163418876,3.1981071750323
193,"GW","Guinea Bissau",193,"Guinea Bissau","GNB",0.000562511821384821,0.0456011208255683,0.0517492930125604,0.0447636927439857,0.00448806216327042,7.43466018800124e-05,0.9064550909514,0,0.0110741352587285,0.00823235916086321,0.000370365154265397,1.75083239742857e-05,0.0240271520301166,1.31866132304198,0.532186504922648,2.94826348026828
194,"GN","Guinea",194,"Guinea","GIN",0.000348158551991476,0.0804924919333575,0.133137946121823,0.046554659628641,0.00549645789616255,0.000364336178858255,0.848307239304907,0,0.0137717137389452,0.00482197750777223,0.00121194893155289,5.93525547068445e-05,0.0110639258653911,1.17818202204641,0.513805019078414,2.83761725050391
195,"CI","Ivory Coast",195,"Ivory Coast","CIV",0.000150587816968624,0.0696063875347703,0.0338482904989539,0.0501208689666836,0.0131796643638187,0.000404283047947184,1.1099842904469,0.000237863708856762,0.0599945774275206,0.0103432787610138,0.00642920818205641,0.00125957497410985,0.0046480735610417,0.983944514607588,0.613918089084482,2.95806955947454
196,"NG","Nigeria",196,"Nigeria","NGA",0.00587033246442009,0.198791424158219,0.221450532418893,0.0801494848524766,0.0187884197437983,0.00233643531717922,1.06031214120642,0.0905746762018685,0.426147157442209,0.0132263982624638,0.00874621374656352,0.00219346482601406,0.0103136735819094,0.504097198034567,0.382641176300882,3.02563872925396
197,"CM","Cameroon",197,"Cameroon","CMR",0.00325610560691879,0.15733517426302,0.428468749134746,0.099638590277283,0.10514854061503,0.00440356792461452,0.48697360478978,0.0855233529038906,0.0215856733858026,0.00183547097739025,0.0287427983725368,0.00825242406248968,0.0711307850588538,0.00382705250004485,0.288188523632683,1.79431041019487
198,"GA","Gabon",198,"Gabon","GAB",0.00356505225725417,0.0345135627911322,0.0414508764843127,0.0201327862304295,0.00611544775992245,0.000855993599633073,1.00030714310203,0.0110221157122009,0.0470278276811793,0.00324174772897194,0.000792953737832364,0.000119673125232628,0.00655974588980728,0.565012046533651,0.458818359514924,2.19953532831175
199,"CD","Democratic Republic of the Congo",199,"Democratic Republic of the Congo","COD",0.00507808749098331,0.171718491175367,0.109236673424797,0.0302491037926908,0.54787781701325,0.036241489307334,0.422936732508242,0.201493054721504,0.0334785267852567,0.000402423439663835,0.193050784948208,0.0515379509030936,0.13419205211103,0,0.347215153587361,2.2847083135508
200,"AO","Angola",200,"Angola","AGO",0.000393745407744419,0.103391304853068,0.0684680067892079,0.0244409268114907,0.00989312195414293,0.000635924616112193,1.04577025066337,0.00381095991500343,0.00164186980587195,0.00154732550065204,0.00116661287836116,0.000164073983444375,0.00470154102852244,0.844042838561892,0.605330646055656,2.71539914667554
201,"XD-NE-ST","Nigeria - Sao Tome and Principe",0,"Joint Regime","-",0,0.0113694637567007,0.0126472575904849,0.0161930522587325,0,0,1.043442960334,0,0.588716292496251,0.00268136239868248,0,0,0,0.519293473497856,0.550846790433906,2.74519064974118
202,"TZ","Tanzania",202,"Tanzania","TZA",0.00210351559292639,0.0601143413322694,0.104605328392646,0.0288108255319936,0.0152906481364135,0.000719236693461475,1.0274563860626,0,0.024051900027724,0.00436797961346197,0.00411620606331716,0.00040349235662315,0.0167920870298711,0.0624414699520456,0.511524802340292,1.86279821780139
203,"IN","India",203,"India","IND",0.000803193669863614,0.208058139221473,0.139661125156684,0.0802065909917454,0.0226572302695831,0.00151450280016921,0.970336619292961,0.000420032492492006,0.021638566694221,0.0175162594273433,0.0237118382635926,0.00145801632503815,0.010246474408497,0.970661822045011,0.594119788671966,3.06301019924849
204,"BD","Bangladesh",204,"Bangladesh","BGD",0.00228442096995298,0.35627829433374,0.447259003604072,0.0991171173847461,0.0483095413119524,0.000794654902597677,0.696136114550089,0,0.00308901718942449,0.00126704351317608,0.0581411829517732,0.0103771000668337,0.0448792339901979,0.99037807424869,0.524554418996446,3.28286523069956
205,"MM","Myanmar",205,"Myanmar","MMR",0.00286612950520944,0.354754606458226,0.242025445523273,0.110648308571134,0.0122296948614959,0.000150347225844172,0.857751873017033,5.20680401248267e-05,0.0025379373942948,0.00505990816178476,0.00583219009458376,0.000923049935841073,0.0189718813037413,0.681082549626118,0.559230700705511,2.85411668804639
206,"MY","Malaysia",206,"Malaysia","MYS",0.00224896766766904,0.540316277806194,0.411537477902521,0.222382002683951,0.0243456968391118,0.00386690571098225,0.737804913702476,0.00415303292944372,0.0142489116635171,0.026095474624107,0.0437369545379699,0.00834296027162863,0.0240824685790068,0.439948033601519,0.49777560596862,3.0008856849942
207,"VN","Vietnam",207,"Vietnam","VNM",0.000887946919630545,0.443586447532098,0.391719204017073,0.146762981249794,0.0163092726113975,0.00210029590402644,0.751030442236768,0.00103398056660941,0.00741770108069583,0.0167220480178239,0.0248618743982263,0.00404202061369046,0.0160942379170971,0.576247002677434,0.433595117227929,2.83241057145616
208,"SG","Singapore",208,"Singapore","SGP",0.0291304709871524,0.557207478218708,0.447985221867797,0.279540914053592,0.546618620293966,0.219943527428285,0.341340899065338,0,0.000586539052770301,0.00549434068943674,0.379473267712336,0.0929868648092596,0.554112406573195,0.0791527127129385,0,3.53357327609942
209,"CN","China",209,"China","CHN",0.00209136302471604,0.6356066243808,0.702674601142951,0.204571062189274,0.0437006094774554,0.00923059305615815,0.534664000604545,0.000521425754487903,0.01169297300692,0.00356118923378549,0.0640965511156594,0.0106208064358283,0.0459269711964367,0.981118927408503,0.388927882530445,3.63900558576208
210,"JP","Japan",210,"Japan","JPN",0.000796154195017064,0.113498654443176,0.0935582826927308,0.0772011700493954,0.00579869481556947,0.0023243618666749,1.10765261345252,0,0.00910238543653052,0.0264840404553606,0.00447704721732907,0.00154071860789479,0.00903880838080614,1.45506699848606,0.667574211439654,3.57411414329772
211,"XD-JP-KP","Japan - Korea",0,"Joint Regime","-",0,0.441044514470248,0.248754887328833,0.118136764556157,0,0,0.99512941786455,0,0,0.0135422161574737,0,0,0,1.69052644641423,0.64197722366476,4.14911147255753
212,"KI-G","Kiribati",212,"Kiribati","KIR",0.000661567208814402,0.0202067056120131,0.0135806569871343,0.0277738756042229,0,2.6076188936252e-05,1.09312058510101,0,5.69743462073496e-05,0.0334980241761643,0,0,0.00155839317018459,1.65360367101546,0.667222970985915,3.51130949558857
213,"AQ","Antarctica",213,"Antarctica","ATA",0,0.00100739939534743,2.18973119570618e-05,0.00924725886082837,0,0,0.564125844660867,0,0,0.000977449855612163,0,0,0,0.485253087313725,0.443355092512937,1.50398803273344
214,"EG","Egypt",214,"Egypt","EGY",0.000815497551210543,0.150585884994825,0.17612059148448,0.0459754834825549,0.0137793018475038,0.00605495462880957,1.07519028388568,0.00128344981934014,0.0448157884696572,0.00336373769156706,0.0155334772739605,0.00373519357440748,0.0169323089825555,1.61778117252122,0.557090317461295,3.72905743807561
215,"JO","Jordan",215,"Jordan","JOR",0.0695936574024104,0.53310274563375,0.407869994800006,0.220153387547249,0.322978622714678,0.245531520389375,1.00138224363327,0,0.00867140029468352,0.00337426306602235,0.100528555558551,0.00813939413721008,0.452496847652254,0.984042316959018,0,4.35786496344067
216,"ID","Indonesia",216,"Indonesia","IDN",0.00367354746110173,0.227405611797506,0.16692826336797,0.121740882887112,0.0120451026717503,0.000615685781670433,0.938771611535989,0.000182629267506682,0.00325789970896805,0.037418518102048,0.0102776365895992,0.00107167824967045,0.0182578796783573,0.272545251055957,0.522972646982467,2.3371648464414
217,"XD-CN-JP","Conflict Zone",0,"Disputed","-",4.88626128245916e-08,0.807094007554821,0.52251283514765,0.208301182021485,0,0,1.01032214421577,0,0.0944425739352636,0.0244274139902327,0,0,0.000293243679351005,1.54365603510274,0.834383543755014,5.0454330410163
218,"CA","Canada",218,"Canada","CAN",0.000772322650425595,0.0715446149628998,0.0340293225437641,0.0155762185437436,0.00200681091098407,0.000946968177617927,0.562933789063425,1.95101543896544e-05,0,0.00894443155066688,0.00134479463524935,0.000210104259356029,0.00514880256734784,0.896023038526062,0.475301932631786,2.0748026589835
219,"PM","Saint Pierre and Miquelon",179,"France","SPM",0.000405753705547912,0.275988582061122,0.198287242530229,0.0362357592351676,0.00124279944425348,0.00183645631852365,0.627484398123776,0,0,0.0163951137230967,3.70521818447958e-06,0,0.0142194999317307,1.5401659034704,0.731039645630927,3.44330484651541
220,"SX","Sint-Maarten",177,"Netherlands","SXM",0.0265700810348815,0.197269870309887,0.168200082522672,0.0563705919155767,0.059613213538269,0.0477816612301813,1.03098682651883,0,0,0.0271103093142792,0,0,0.0788603794203497,1.28398229021927,0.319371541710667,3.2961168300528
221,"MF","Northern Saint-Martin",179,"France","MAF",0.010017514742667,0.224029009250405,0.198273103841072,0.0677199725133819,0.00841018511291365,0.00995422128015794,1.02344508665173,0,0.000852886025501564,0.0241813855446165,0,0,0.0326377960663867,1.51706389649066,0.422141167908287,3.53872623585063
222,"SE","Sweden",222,"Sweden","SWE",0.0047338184510496,0.0405254719701252,0.186995027233208,0.14075036571817,0.0520923748737257,0.0171316641805255,0.0331768692068624,0,0,0.081417985639244,0.0336643846972033,0.00169913751514224,0.0718594992406492,1.05760834996727,0.509348155254507,2.2310031066824
223,"NO","Norway",223,"Norway","NOR",0.000865970238915635,0.211001782786879,0.199000715039005,0.0683017005761762,0.00391741479854832,0.00284580002496831,0.941850408642968,0.000286386987664593,0,0.0880459309194628,0.00148058791812684,5.12500917795294e-05,0.0141969656246348,1.5714796825435,0.469060762670388,3.57238535898259
224,"CL","Chile",224,"Chile","CHL",0.000595102007018905,0.0375099202379634,0.0442638322290905,0.0948120632890957,0.00271092666672255,0.000198997204102062,0.960578259256126,1.57074725686556e-06,5.06985502739113e-05,0.00125666504648607,0.00213048517703862,0.000600655912383289,0.00579399537789748,0.612895228657068,0.756185026909108,2.51958342325012
225,"CL-XEA","Easter Island",224,"Chile","CHL",5.80888439214195e-06,0.012700585415147,0.00641069598371315,0.00732265922554411,0,4.94381244703441e-06,1.07024828948823,0,0,0.00788068504501778,9.25992974312639e-05,9.98583753554575e-06,7.54483476920169e-05,1.64610331631717,0.706816513152594,3.45767152938981
226,"XD-JP-KR","Japan - South Korea Conflict Zone",0,"Disputed","-",0,0.154280292498372,0.0719574322166123,0.0482013426558667,0,5.22147850253563e-05,0.929076274749969,0,0,0.00456009881395594,0,0,0,1.38813953799565,0.60707769286482,3.20334488496971
227,"JE","Jersey",180,"United Kingdom","JEY",0.00289901262001037,0.238540252311727,0.178519260917577,0.0805574319422526,0.0222705197074037,0.0114642411874334,0.212531254880907,0,0,0.0025158334232504,0.00906224561521095,0.000910282473309638,0.0396675720161105,0.793826787399417,0.0328397682100166,1.62560446224075
228,"GG","Guernsey",180,"United Kingdom","GGY",0.00216175600554849,0.336209496712776,0.2894321120671,0.134732043977846,0.00524284116714284,0.0035388896934762,0.717034568826746,0,0,0.0402393291678101,8.11776825401373e-05,4.89574176726607e-06,0.0204520929842409,1.4250862404192,0.596542423748506,3.57075785157374
231,"TL","East Timor",231,"East Timor","TLS",0.00201465321216181,0.107361561913396,0.0847947110100732,0.0573873289017155,0.0217901760305161,0.000691334900139119,1.10430708796533,0,0.00127711533588106,0.00464013496564732,0.000685079645041572,3.40559013699648e-05,0.025809866247361,0.0754987574947176,0.498131894968936,1.98442375923947
232,"BA","Bosnia and Herzegovina",232,"Bosnia and Herzegovina","BIH",0,0.0258857384324074,0.0271281371824443,0.0629177512601018,0.471472437183062,0.42243971551458,0.299032710492611,0,0,0,0.377782089014848,0.0877137454226613,1.30840904513995,0.048848494887352,0,3.13162968556086
237,"TL-OE","Oecussi Ambeno",231,"East Timor","TLS",0.000879307009043659,0.314784657094956,0.290448465259311,0.176658029974635,0.0346823154492132,0.000818728236841409,1.12450351281641,0,0.00367853235913721,0.01000936641455,0.00882218940795219,0.000395120053048206,0.0348274169901423,0.0634359204580279,0.512608943043573,2.57655250984697
238,"XD-AU-TL","Australia - East Timor",0,"Joint Development","-",0,0.172230703390701,0.0790573573706112,0.0449031029915541,0,0,0.952458177356011,0.00104665071770335,0.00452652895988762,0.00345881333369266,0,0,0,0.0380444587267745,0.600665947963057,1.89639173936
239,"XD-AU-PG","Australia - Papua New Guinea",0,"Australia - Papua New Guinea","-",0.000915409937809815,0.0357284477296591,0.0241386327332558,0.0181661336884384,0.0060144580823554,0.000400018370506738,0.058230383512932,0,1.92679675255096e-05,0.000595003991355609,0.00469214442592435,0.000169198806570425,0.029651269901119,0,0.0340326326792126,0.212753002152333
240,"XD-CL-PE","Chile/Peru",0,"Disputed","-",2.63384464524647e-05,0.0159349258633985,0.0380934388319569,0.118390419379678,0.000787388663877753,0,1.04517790254013,0,0.000967822335497139,0.00317443122726503,4.94952512348378e-05,4.39175371481099e-06,3.09158993513738e-05,0.499868429931252,0.784246436325339,2.50675233113742
244,"CW","Curaao",177,"Netherlands","CW",0.00146341193580254,0.0622246153260813,0.0190148327982489,0.0394274081115831,0.00344304980932178,0.00205369778580801,1.18851881523183,0,0,0.00535982504922126,0,0,0.00742832592633623,1.67946169391294,0.523026139034628,3.53142181041752
245,"BQ-BO","Bonaire",177,"Netherlands","BQ",0.00115490927551867,0.153851878584889,0.0267335351425611,0.0625154598099844,0.00197044848485667,0.00143941051889147,1.18506849279307,0,0,0.00454887912520568,0,0,0.012782903938859,1.70053739674615,0.555580041717136,3.70618334486983
247,"BN","Brunei",237,"Brunei","BRN",0.00762976366355857,0.165730314082641,0.108667763722995,0.0710672638471271,0.0230749135733599,0.00595817712569624,1.04202263223922,0.00494207275830531,0.00968859949260127,0.0219997739821534,0.00443154213381901,0.000633459588988133,0.0196602166429994,0.630989910297088,0.49512793663043,2.61162434471236
248,"BQ-SA","Saba",177,"Netherlands","BES",3.96478977713916e-06,0.069112643442401,0.0540321022329631,0.0301759202702669,0.000168416878271097,0.000748601540164874,1.03147913890295,0,0.0218194245708836,0.00713572992971902,0,0,0.0015985431701802,1.50140431512883,0.338109675701433,3.05578848317947
249,"BQ-SE","Sint-Eustasius",177,"Netherlands","ANT",0.00034930109298444,0.0575814591532188,0.0510637482183048,0.0307352008568482,0.00191365759364142,0.00454167387335506,1.14991347058453,0,0.00181549741915921,0.0165061367891001,7.55984290936699e-05,1.24976661406693e-05,0.0155787684658521,1.63172941696973,0.355602496581673,3.31741893379639
250,"AW","Aruba",177,"Netherlands","AW",0.00252404602089602,0.0657792916194962,0.0263070239629784,0.0536321741069115,0.00318598234872246,0.00210918102253066,1.17337315697227,0,0,0.00602432832535652,2.82371684917063e-06,1.04736165644099e-07,0.00730195755932593,1.63255880200017,0.554429573723658,3.52722843316058
251,"XD-AU-ID","Australia/Indonesia",0,"Australia/Indonesia","-",0,0.389303904447414,0.155044417567981,0.101659746145198,0,0,0.981822302373926,0.000525087498432136,0.00711727933775884,0.0362618021527325,0,0,0,0.0616267940338202,0.634153609774763,2.3675149447256
252,"XD-EG-SD","Egypt",0,"Egypt","",0.000860683620612889,0.336272714775456,0.272326663770314,0.0907609956644021,0.0118092606665231,0.000512600334461053,1.17022511504291,0,0.00588496947280346,0.000121008191703154,0.000184833856908361,5.86925287119446e-06,0.0149117311114435,1.48134188531545,0.224173010644678,3.60939134857988
