"ECO_CODE","ECOREGION","PROV_CODE","PROVINCE","RLM_CODE","REALM","ALT_CODE","ECO_CODE_X","Lat_Zone","artisanal_fishing_combo","demersal_destructive_fishing_combo","demersal_nondest_high_bycatch_combo","demersal_nondest_low_bycatch_combo","inorganic_combo","night_lights_combo","ocean_acidification_combo","oil_rigs_combo","pelagic_high_bycatch_combo","pelagic_low_bycatch_combo","plumes_fert_combo","plumes_pest_combo","population_combo","sst_combo","uv_combo","global_cumul_impact_2008_all_layers_except_shipping_oceanpollution_invasives"
20001,"North Greenland",1,"Arctic",1,"Arctic",8,1,"Polar",1.4941026671669e-05,0.0270322702048497,0.00214092081703271,0.000487998229539344,0,0,0.351976529611532,0,0,0,2.33000198492508e-07,0,6.20618026984074e-05,0.111927237257332,0.0744450681425429,0.56808726051536
20002,"North and East Iceland",1,"Arctic",1,"Arctic",10,2,"Polar",7.64245910924903e-05,0.203555846973738,0.115099596787199,0.120602420171867,0.000137483816092956,9.83604482953997e-05,0.954667417764567,0,0,0.0318491491707044,0.000357320862015632,3.72812008119961e-07,0.00135213222410504,1.72524922163134,0.431654587301797,3.58470033563498
20003,"East Greenland Shelf",1,"Arctic",1,"Arctic",7,3,"Polar",0.000106047947626385,0.0459223615766576,0.022419994091676,0.0351190674920749,0,1.27581407652688e-05,0.43130138132621,0,0,0.001407264328867,0,0,0.000292629153781638,0.798724117323937,0.208714992751883,1.54402061712482
20004,"West Greenland Shelf",1,"Arctic",1,"Arctic",9,4,"Polar",0.000954938802996092,0.125303957602014,0.0237869867933895,0.00274490506443025,0,8.11607101707388e-05,0.406886081890974,0,0,1.95541529994867e-05,0,0,0.00289688225276693,0.876990030000882,0.317220375127602,1.75688487365752
20005,"Northern Grand Banks - Southern Labrador",1,"Arctic",1,"Arctic",5,5,"Polar",0.00150152532275164,0.195710443654285,0.0944952286646563,0.0246917441895761,0.00233824075722405,0.00176585217463802,0.487520423562019,0,0,0.014623200456795,0.000708975003180343,2.92232559049227e-05,0.0109277616517942,1.10301021502346,0.422944443335034,2.36026728880366
20006,"Northern Labrador",1,"Arctic",1,"Arctic",6,6,"Polar",1.91441493684614e-05,0.118428228254144,0.00915562124123558,0.00958027343423847,1.62571979755598e-06,7.94364186185552e-05,0.410239347275129,0,0,0.00721432384549337,5.3160854482263e-05,1.52839406510287e-06,0.000573248129852086,0.710865358369277,0.288518170231028,1.55472946710331
20008,"Hudson Complex",1,"Arctic",1,"Arctic",3,8,"Polar",3.35590762008284e-05,0.000265462174755267,2.12625162074878e-05,5.66329895389657e-06,0.000545696244374076,6.8622272864375e-05,0.131366463135313,0,0,3.37223619126556e-07,0.00101167004530893,0.000227097313587401,0.00061847708164072,0.357867324225211,0.253408643058557,0.745440275344816
20011,"Beaufort-Amundsen-Viscount Melville-Queen Maud",1,"Arctic",1,"Arctic",19,11,"Polar",1.72149882652593e-05,3.88646920322634e-05,6.82753305405799e-06,0,1.22097556574968e-06,2.8140899448937e-05,0.119077743815798,0,0,0,4.71356991149632e-05,1.29546252105178e-06,0.000148945327541281,0.0708413712897654,0.0630098727846995,0.253218633324964
20012,"Beaufort Sea - continental coast and shelf",1,"Arctic",1,"Arctic",18,12,"Polar",2.10262123788647e-06,1.88937296948154e-05,3.14315917855272e-06,0,1.0328323511942e-05,0.000224257280925272,0.266918858303859,1.56072090955103e-05,0,0,0.000572403231240823,2.79544772160442e-05,0.000227934069334779,0.0783045654986948,0.135879089669641,0.482205136965948
20013,"Chukchi Sea",1,"Arctic",1,"Arctic",16,13,"Polar",1.85978265648596e-05,6.47585586484357e-05,1.35772634199442e-05,1.06139032396052e-07,0.000138173076087957,0.000164051788095886,0.308200381651656,0,0,0,0.000285578722400467,2.08538252336055e-05,0.00103498870313815,0.66144416602295,0.242103085372448,1.21348832269526
20015,"East Siberian Sea",1,"Arctic",1,"Arctic",15,15,"Polar",7.76561387704089e-06,9.2593591800472e-06,2.02488736259904e-06,0,0.00028022015021332,1.60015502151068e-05,0.177529757349095,0,0,0,1.62196543862004e-05,4.20437406215131e-07,0.00044149898890879,0.304806425528414,0.165908950124538,0.649018544973735
20016,"Laptev Sea",1,"Arctic",1,"Arctic",14,16,"Polar",5.77328388307365e-06,0,0,0,0.000513592357098366,9.84258850546189e-06,0.089840811583679,0,0,0,0.000248142972150624,3.11617586242202e-05,0.000997009332413817,0.100126456088197,0.0696634849290183,0.261436274371547
20017,"Kara Sea",1,"Arctic",1,"Arctic",13,17,"Polar",2.40669338262527e-05,0.000113730882276605,2.66300043691711e-07,3.78108243301619e-05,0.000677207656255492,5.59162441512929e-05,0.233889267574663,3.48304589080819e-07,0,0,0.00024462377171459,6.64086406367942e-05,0.00232240091972326,0.291860802635153,0.140283853750215,0.669576702934778
20018,"North and East Barents Sea",1,"Arctic",1,"Arctic",11,18,"Polar",7.80640151212045e-06,0.179203886631931,0.169192753676174,0.0464853459804257,0.000226718546062455,2.5606935592755e-05,0.686468680582858,0,0,0.0131288720071747,4.43959740516412e-05,1.92881960337308e-06,0.000573291852750655,0.905551233082593,0.36085214187189,2.36176266271294
20019,"White Sea",1,"Arctic",1,"Arctic",12,19,"Polar",0.000460377002385146,0.024212340774412,0.0487960457771357,0.0254841964474245,0.00528771742157141,0.000656008674755373,0.0922307019553424,0,0,0.000653384785410438,0.000586963715826399,3.71535163030918e-05,0.0082088236529701,0.251021196785837,0.0633030252657229,0.520937932197262
20020,"South and West Iceland",2,"Northern European Seas",2,"Temperate Northern Atlantic",27,20,"Temperate",0.000691814186850255,0.297244278051677,0.174061781555752,0.134125047158127,0.0014597528120502,0.000765293187648773,0.782754501086052,0,0,0.0406886309635415,0.00146349310451504,1.55697075665073e-06,0.00570746833108661,1.62346623517286,0.500427901124034,3.56285775221641
20021,"Faroe Plateau",2,"Northern European Seas",2,"Temperate Northern Atlantic",31,21,"Temperate",0.000267866270983248,0.376479203073745,0.140994190375687,0.0690526872787602,0.000581933129228573,0.00044926757897021,1.07387810010045,0,0,0.101900410926923,0,0,0.00446941911469131,2.04319265832886,0.609459178972079,4.42072492160107
20022,"Southern Norway",2,"Northern European Seas",2,"Temperate Northern Atlantic",33,22,"Temperate",0.00210390326604048,0.203937278408112,0.207216467682267,0.0878375771762383,0.00782470396884098,0.00619754251782264,0.511908281437245,0.000515165759301467,0,0.114207210398001,0.00250776548263656,2.87668949233022e-05,0.0337544173773247,1.05865302289747,0.247401932563843,2.48409403667609
20023,"Northern Norway and Finnmark",2,"Northern European Seas",2,"Temperate Northern Atlantic",28,23,"Temperate",0.000727381750322659,0.143647137072696,0.148417867492834,0.0631461200416437,0.00433290288118192,0.00306460231558323,0.50668124726489,0,0,0.0787181734234659,0.000528857741597156,5.38177646336905e-06,0.0161557536340094,0.958645925727147,0.266420078005652,2.19049143118928
20024,"Baltic Sea",2,"Northern European Seas",2,"Temperate Northern Atlantic",29,24,"Temperate",0.000972975428527265,0.00632761348388513,0.0501013361574635,0.0403587785304091,0.0153911925881849,0.00391571659062366,0.00335935135845873,0,0,0.0185061880063201,0.0134554279249292,0.00129373150947594,0.0203652505099594,0.248171716241832,0.124743610571499,0.546962890534204
20025,"North Sea",2,"Northern European Seas",2,"Temperate Northern Atlantic",32,25,"Temperate",0.00116632257872055,0.211094693258825,0.128166231088958,0.0650865591997465,0.0157714099412103,0.00428596490577026,0.287255112505355,0.000208329722422407,0,0.0587035046009103,0.0192272414528023,0.00330501196601843,0.0173194595677861,0.663795005335325,0.273122363150238,1.74850720598537
20026,"Celtic Seas",2,"Northern European Seas",2,"Temperate Northern Atlantic",30,26,"Temperate",0.00138126259506387,0.244846823623846,0.117516355492184,0.0546849834841667,0.00937870130756443,0.00336294719833046,0.728628914456606,0,0,0.0458086314565751,0.00820327366107275,0.0011396626661316,0.018164910373549,1.3955290850942,0.533840501791313,3.16248606079634
20027,"South European Atlantic Shelf",3,"Lusitanian",2,"Temperate Northern Atlantic",40,27,"Temperate",0.000577777853185245,0.0632234006756256,0.0398553459105299,0.0402397409983241,0.00972162977642769,0.00224297181279664,0.620696981182632,0,0,0.0129728401902984,0.00790914031670888,0.00302662811706332,0.00722743711283797,0.447006896871219,0.382354296990886,1.6370550896446
20028,"Saharan Upwelling",3,"Lusitanian",2,"Temperate Northern Atlantic",38,28,"Temperate",0.000169726909056738,0.0444946801585286,0.0646780895314295,0.0865646738802711,0.00423001875785776,0.000426478969758731,0.483511103556108,0,0.000297271799188437,0.00362691932974814,0.00329708632823091,0.00104017987107898,0.00339302391432255,0.650097998414813,0.30476406299035,1.65059131917503
20029,"Azores Canaries Madeira",3,"Lusitanian",2,"Temperate Northern Atlantic",36,29,"Temperate",5.10383128714994e-05,0.0105844579699444,0.00767601375163888,0.0112165991404843,0.00102582712251075,0.000592516813195027,1.15132071196774,0,0.000128633433005116,0.0038436426416404,0.000899917014607793,0.000127117682661247,0.00187590140498787,1.64832729477248,0.755275480497115,3.59294516193573
20030,"Adriatic Sea",4,"Mediterranean Sea",2,"Temperate Northern Atlantic",0,30,"Temperate",0.00156758865370728,0.0745891932679227,0.0352168762303411,0.0501980082217953,0.0298280807663169,0.00608422842904712,0.267757860350223,0,0,0.00267528729121651,0.0270781489235524,0.0080843139219453,0.0263971364645589,0.546449035337086,0.189882551605288,1.26580830714157
20037,"Gulf of St. Lawrence - Eastern Scotian Shelf",5,"Cold Temperate Northwest Atlantic",2,"Temperate Northern Atlantic",23,37,"Temperate",0.00148229057267057,0.0604806557150421,0.0537601362560283,0.0229100352182111,0.00437571580477657,0.00260175124662289,0.232259300215896,0,0,0.0148043063757429,0.00249228484924951,0.000302483603743574,0.0100465797255774,0.508968933487841,0.214924343327014,1.12940881551195
20038,"Southern Grand Banks - South Newfoundland",5,"Cold Temperate Northwest Atlantic",2,"Temperate Northern Atlantic",25,38,"Temperate",0.000741204986350885,0.222282752770544,0.109942692322103,0.0376265470078111,0.00103633501803137,0.000592007739124489,0.667507364822727,0.000297212984697042,0,0.0153433903383265,0.000284330578174128,1.07921900999583e-05,0.00414133091105927,1.01357292109533,0.744557946733687,2.81793681888474
20039,"Scotian Shelf",5,"Cold Temperate Northwest Atlantic",2,"Temperate Northern Atlantic",24,39,"Temperate",0.000867490551076643,0.120647393635048,0.076426071191724,0.0499756842282807,0.00275797322609696,0.00148170379529947,0.775642499442357,4.39841958063483e-07,0,0.0437376770945778,0.000727311520622048,2.74542645405287e-05,0.00698632087767074,1.2417984156419,0.720208978731646,3.04128540777627
20041,"Virginian",5,"Cold Temperate Northwest Atlantic",2,"Temperate Northern Atlantic",26,41,"Temperate",0.000690252583342014,0.0814133864844426,0.0270331666388583,0.0226544303948133,0.00950558343268063,0.00495622530442835,0.311981261679281,0,0,0.00321070650146723,0.00807174446563811,0.00181182352043089,0.0187184321423598,0.27200214574629,0.234577291582937,0.996626449637886
20043,"Northern Gulf of Mexico",6,"Warm Temperate Northwest Atlantic",2,"Temperate Northern Atlantic",20,43,"Temperate",0.000133933800910019,0.0319481693526582,0.0127054142174572,0.029105490491469,0.00815580664772266,0.00160161600986716,0.346121404061088,0.000163112195161394,0.0026854517663027,0.000217960529687921,0.0107804565291135,0.00227342852473062,0.00605590182047096,0.518222170574483,0.19712655686357,1.16729687340925
20044,"Black Sea",7,"Black Sea",2,"Temperate Northern Atlantic",41,44,"Temperate",0.0006532543923124,0.0117228261948781,0.0102769876438342,0.0372238701769064,0.0126123483179947,0.00126027549492515,0.323264331423929,5.57973086675412e-05,9.95309805565581e-05,0.00295172525211105,0.0101786619786206,0.00261459045794624,0.00770217354448477,0.529477887822823,0.181719026290804,1.13181328673036
20045,"Sea of Okhotsk",8,"Cold Temperate Northwest Pacific",3,"Temperate Northern Pacific",48,45,"Temperate",0.000137719626450723,0.180121969459545,0.03077914255414,0.0369161268017191,0.000658662266266235,0.000222375974035089,0.232696122589949,2.20943307685324e-05,0,0.000117240015351046,0.000519349056413779,0.000130377503480658,0.00235287959720512,0.31482467267798,0.205682239863463,1.00518097385677
20047,"Oyashio Current",8,"Cold Temperate Northwest Pacific",3,"Temperate Northern Pacific",46,47,"Temperate",0.000127487240444514,0.0978450637571465,0.0302558195357801,0.0473280427126554,0.000898961631243124,0.00029469354368517,0.750287068368138,0,0,0.00481162210394067,0.0012595319523868,0.000533553523213363,0.00290300752827157,0.387020859556614,0.675636554081202,1.99920226496553
20048,"Northeastern Honshu",8,"Cold Temperate Northwest Pacific",3,"Temperate Northern Pacific",45,48,"Temperate",0.000921390952927805,0.0904723604995724,0.0543522183502163,0.068689779500741,0.0116751018383776,0.00335244049392421,0.841420378769128,0,0,0.0107634900012632,0.00874299575855426,0.00387531622105802,0.0120861817317504,0.9704279658344,0.465883245807545,2.54266286724594
20049,"Sea of Japan/East Sea",8,"Cold Temperate Northwest Pacific",3,"Temperate Northern Pacific",47,49,"Temperate",0.000628033814524495,0.0966215590839917,0.0425526960419082,0.0432874288178031,0.00615955671194991,0.00169569423711151,0.417105005864732,0,0,0.00251242169653185,0.00441632453959156,0.00150780550033463,0.00794451118198497,0.740888376421056,0.278196096588413,1.64351550519988
20050,"Yellow Sea",8,"Cold Temperate Northwest Pacific",3,"Temperate Northern Pacific",49,50,"Temperate",0.00034107727509293,0.15562076007005,0.199746365894935,0.0725093983920745,0.0162211388521893,0.00307558765490538,0.122362893384865,0.00012828639565574,0,0.00122959662030922,0.0220294124413047,0.00459286928123641,0.0148225732257421,0.298615330352069,0.121040484025691,1.03233577678673
20051,"Central Kuroshio Current",9,"Warm Temperate Northwest Pacific",3,"Temperate Northern Pacific",42,51,"Temperate",0.00180314754767694,0.111065623059004,0.074475862382863,0.08401403579412,0.0141547064496621,0.00597810726517872,0.869717267430179,0,1.79527220563135e-05,0.0128721802806319,0.00938184107029435,0.00307953639258726,0.0234179515333454,1.36371338587021,0.474375917413633,3.04806751625
20052,"East China Sea",9,"Warm Temperate Northwest Pacific",3,"Temperate Northern Pacific",43,52,"Temperate",0.000638940722610133,0.34380067073051,0.295267006297281,0.101278453457093,0.0112757820471913,0.00477023561976344,0.436070629344552,2.94388058909877e-05,0.0109776367729687,0.0067254704199412,0.0119786871754598,0.00174612732031969,0.0196516071591025,0.780987669741884,0.322689671821439,2.34788802773993
20053,"Aleutian Islands",10,"Cold Temperate Northeast Pacific",3,"Temperate Northern Pacific",50,53,"Temperate",8.76866445044713e-06,0.0327732988148023,0.00546130341032151,0.0131456154167329,0.000301896530908077,5.16184100933703e-05,0.689953182493902,0,0,0.000366201821727184,0.00034308396707597,1.66379219725731e-05,0.00029415569652988,1.63108686931819,0.786124820812164,3.15992746620902
20054,"Gulf of Alaska",10,"Cold Temperate Northeast Pacific",3,"Temperate Northern Pacific",51,54,"Temperate",5.37980155035705e-05,0.064169879213624,0.0095273250188978,0.01730772627387,0.00209148083824836,0.000333737077761299,0.457174244195337,2.77349518199321e-05,0,0.000391784681768783,0.00135566440498624,8.7048619558087e-05,0.00201639274855676,1.15644859408865,0.440079246931396,2.15106467323925
20060,"Cortezian",11,"Warm Temperate Northeast Pacific",3,"Temperate Northern Pacific",56,60,"Temperate",0.000334436140398823,0.021562115255085,0.0033309512334594,0.0326651344692154,0.00536869035926575,0.000487516939789031,0.225388414372507,0,0.000862098324436818,0.00119395099329982,0.00466755938673834,0.00157758890924255,0.00519021244914104,0.250610287183795,0.107059352075203,0.66029830904437
20061,"Magdalena Transition",11,"Warm Temperate Northeast Pacific",3,"Temperate Northern Pacific",57,61,"Temperate",0.000155948554679855,0.0271773556979584,0.00963396619774922,0.0910591993291947,0.00314881735536817,0.000124309562253417,0.816532563494242,0,0.00827245481595803,0.00379432901584752,0.000983649117208879,0.000189046659367189,0.00437221036724789,0.0280010047169539,0.538537759161614,1.53198261473652
20062,"Bermuda",12,"Tropical Northwestern Atlantic",4,"Tropical Atlantic",67,62,"Tropical",0.000204965463703604,0.000390929450168079,0.000437840893509332,0.00131753194832644,0.00010781655363099,0.00026300829270077,1.20436083676306,0,0.00011307171919264,0.000628412350024622,0,0,0.000509744401303708,1.46994988436994,0.835583772109649,3.51386781928573
20063,"Bahamian",12,"Tropical Northwestern Atlantic",4,"Tropical Atlantic",66,63,"Tropical",0.000959199899087591,0.0166189051066901,0.0233941692528713,0.0080336348354567,0.000592149922927301,0.000753324073921881,1.10748747515427,0,0.00407969409966058,0.00147760089012422,0.00165384189619826,0.00013650511106989,0.00567605998067539,1.35246070647732,0.545940548789875,3.06926381492596
20064,"Eastern Caribbean",12,"Tropical Northwestern Atlantic",4,"Tropical Atlantic",68,64,"Tropical",0.000740387948411083,0.0160586712076734,0.0192771887153898,0.0124738292096246,0.00207627223936348,0.00151615297991997,1.17989305906622,0,0.00314597522191084,0.00475555004004287,0.000267658713364685,4.71006983880741e-05,0.00488834485331384,1.81813068257767,0.597260731235094,3.66053160333319
20065,"Greater Antilles",12,"Tropical Northwestern Atlantic",4,"Tropical Atlantic",70,65,"Tropical",0.0016447646800363,0.0346454870305192,0.023523695154561,0.0128022738270512,0.0117818964723481,0.00174587999282142,0.972064911854937,0,0.0073548707382581,0.00114258476299244,0.0046608257464152,0.000625547151224137,0.0132624806086726,1.18998026627831,0.400417352623336,2.67565283577091
20066,"Southern Caribbean",12,"Tropical Northwestern Atlantic",4,"Tropical Atlantic",71,66,"Tropical",0.000750410030443019,0.0347631114018336,0.0115994236655543,0.0310796771326134,0.005701548949666,0.00142935206035071,0.592808307114554,1.10839817462655e-05,0.000491782457351402,0.00180230268274185,0.00501508882747965,0.00142087322964373,0.00671071561406015,0.866102881418221,0.284451668148709,1.84413822644015
20067,"Southwestern Caribbean",12,"Tropical Northwestern Atlantic",4,"Tropical Atlantic",73,67,"Tropical",0.00153006911456272,0.0200963517160726,0.0162630274957804,0.00379841540711772,0.00562538138017166,0.000412986478007531,0.743986170493928,0,0.00014155225409049,0.000126963768006064,0.00430533663979969,0.00234925523937767,0.0053434684563134,0.992961141805247,0.359869120625575,2.15680924250311
20068,"Western Caribbean",12,"Tropical Northwestern Atlantic",4,"Tropical Atlantic",74,68,"Tropical",0.00430811437291552,0.0510663561775329,0.0308813991696276,0.0147635543329887,0.00733633267747903,0.00131668450326104,0.717962153696848,0,0.0109342798765753,0.000443498618685137,0.00556898838750191,0.00195011409811518,0.0098865839160758,0.843003616528524,0.282921183343665,1.98234285929733
20069,"Southern Gulf of Mexico",12,"Tropical Northwestern Atlantic",4,"Tropical Atlantic",72,69,"Tropical",0.00023503234853533,0.0652654951765804,0.0410042143156178,0.0193638723224158,0.00563117755016313,0.000480118348834036,0.641900878743586,0.0011782987761899,0.0123482044801151,0.000817127962611108,0.00769806883192618,0.00202760186901729,0.00326225650863192,0.865347758263439,0.368862697564317,2.03542280657313
20070,"Floridian",12,"Tropical Northwestern Atlantic",4,"Tropical Atlantic",69,70,"Tropical",0.00298261306467658,0.0904957361690321,0.0455506317674816,0.0396151957302574,0.0190023874373115,0.00681894395214182,0.546619967531006,0,0.00628067353289019,0.000409316535877402,0.0118340949029539,0.00139784616417303,0.0202394327670934,0.613765962691774,0.31894248328213,1.72395528473204
20071,"Guianan",13,"North Brazil Shelf",4,"Tropical Atlantic",65,71,"Tropical",9.75779748735948e-05,0.0308526402736173,0.0094067094430352,0.00912432216845803,0.00309996139450015,0.000395157935562808,0.393099093534642,9.51931405136192e-05,0.00503775574326187,0.000398223488205797,0.00293319209803296,0.000563777292288056,0.00378590190738394,0.616632385277528,0.238684129729748,1.31420602135247
20072,"Amazonia",13,"North Brazil Shelf",4,"Tropical Atlantic",64,72,"Tropical",0.00013449565070184,0.035783818842552,0.0221101476377822,0.0110393087266539,0.00395903827853056,0.000274216583533901,0.265768905550492,0,0.017889738919522,0.00153715790258199,0.00584651352715339,0.000860743606447182,0.00664483510824413,0.389579562037019,0.176028890057888,0.937457372865751
20073,"Sao Pedro and Sao Paulo Islands",14,"Tropical Southwestern Atlantic",4,"Tropical Atlantic",62,73,"Tropical",0,0.0044867498543556,0.00259037634098552,0.00287485938870667,0,0,1.13237527064884,0,0,0.00419769298320379,0,0,0,0.894393961439385,0.645157467464684,2.6860763816095
20074,"Fernando de Naronha and Atoll das Rocas",14,"Tropical Southwestern Atlantic",4,"Tropical Atlantic",60,74,"Tropical",6.54387971823354e-07,0.0101622483365455,0.00930919530400819,0.00752661093144882,9.66125162771522e-06,3.29134870890377e-05,1.08796939763937,0,0.0592665972670273,0.00692023491436358,0,0,0,0.735059457562704,0.680151504862594,2.5964084752665
20075,"Northeastern Brazil",14,"Tropical Southwestern Atlantic",4,"Tropical Atlantic",61,75,"Tropical",0.000332288248294869,0.0635334107495934,0.0261597928117684,0.0185996373138849,0.00753200437620045,0.00088508207852354,0.580681663623741,7.44096339641286e-07,0.0482272426512636,0.00521837311674642,0.00923746369378776,0.00096618813680552,0.0035719129200816,0.280545820599757,0.338197113311531,1.38368873923226
20076,"Eastern Brazil",14,"Tropical Southwestern Atlantic",4,"Tropical Atlantic",59,76,"Tropical",0.00118129579116873,0.0501550950807946,0.0234922022770805,0.0135273067718514,0.00612453146113335,0.000773864227148419,0.660151085596919,0.00123146547561763,0.0269821606933453,0.0114498374066595,0.0053002343115282,0.000628842010719272,0.00338488735997429,0.348114017843291,0.392057009323302,1.54455383707751
20077,"Trindade and Martin Vaz Islands",14,"Tropical Southwestern Atlantic",4,"Tropical Atlantic",63,77,"Tropical",0,0.0128900842382264,0.0117190062835906,0.00933275092247,0,0,1.15999273947752,0,0.0230219180135523,0.0132580946183079,0,0,0,0.247940508434802,0.823307813039459,2.30146291583088
20078,"St. Helena and Ascension Islands",15,"St. Helena and Ascension Islands",4,"Tropical Atlantic",82,78,"Tropical",3.13231173434343e-06,0.000218700813271892,6.22959685354136e-05,0.00108937390065959,1.80427955520626e-05,1.27528849348726e-05,1.08694405223885,0,3.92205971841482e-05,0.00101587395173851,0,0,0.000120768305934734,0.472019065324231,0.771344217961935,2.33288749689366
20079,"Cape Verde",16,"West African Transition",4,"Tropical Atlantic",75,79,"Tropical",9.6694115046223e-05,0.0032309532661898,0.00125740409654487,0.0071080841028567,0.000487621593793871,0.00013627418295871,1.14371399668276,0,0,0.007936884426902,0.000107005491519937,1.80110801927418e-05,0.00167111154590202,1.8723601904512,0.699951937485538,3.73807618004291
20082,"Gulf of Guinea Upwelling",17,"Gulf of Guinea",4,"Tropical Atlantic",80,82,"Tropical",5.82191452207355e-05,0.0401786331807225,0.0204619484745477,0.0365066715484639,0.00525383986740609,0.000310456970728694,0.596359849742141,6.26163375553516e-05,0.0723405978678598,0.0059257964193207,0.00214258794588281,0.000481994249917963,0.00241982954638056,0.43057311442244,0.341170075201255,1.55424623387791
20083,"Gulf of Guinea Central",17,"Gulf of Guinea",4,"Tropical Atlantic",77,83,"Tropical",0.00152611930142532,0.0423230919331519,0.0473287567385172,0.0215012996954736,0.00619185226088292,0.000595883289971181,0.332069066571406,0.016035902681999,0.0849221738553285,0.00388047175635659,0.00249124574331355,0.000751663823936261,0.00418211499264707,0.171343357950166,0.128752171835608,0.863895172385121
20084,"Gulf of Guinea Islands",17,"Gulf of Guinea",4,"Tropical Atlantic",78,84,"Tropical",5.2364483693644e-05,0.00343799336638671,0.0028184532674211,0.00716422629823536,0.000283334801029391,5.21115328459439e-05,1.03514002069065,0,0.0704927901963117,0.0062505595807709,3.65465463187178e-05,7.44850981420009e-06,0.000876117027814275,0.59447053679182,0.687874209628698,2.40895671053095
20087,"Northern and Central Red Sea",18,"Red Sea and Gulf of Aden",5,"Western Indo-Pacific",97,87,"Tropical",0.000396580142166667,0.0385971768967443,0.027205258951337,0.0113756180518925,0.00292960814538448,0.00145909194288228,0.227621407117728,0.000265213031776107,0.000467706155891661,0.000126218359047041,0.000919219235497357,7.07139169157735e-05,0.00485676082334126,0.282447239793542,0.0505400482575385,0.649277860925893
20088,"Southern Red Sea",18,"Red Sea and Gulf of Aden",5,"Western Indo-Pacific",98,88,"Tropical",0.000508581665359111,0.0162870581042139,0.00781517866816858,0.00533058880137871,0.00433062291637679,0.000404863044730493,0.191604352812256,0,1.93119490476424e-05,0.000220191448842115,0.00213582722776837,0.000227190493832394,0.00694252074159515,0.278930747809675,0.0657810442960252,0.580538079552615
20089,"Gulf of Aden",18,"Red Sea and Gulf of Aden",5,"Western Indo-Pacific",96,89,"Tropical",0.000219606079766473,0.0293973623816661,0.0100070642487295,0.0123997647801883,0.00308530162999849,0.000151065857142864,0.516789084421134,0,0.0253113497124733,0.00690213400992368,0.00018117943719556,2.73691172184933e-05,0.00333008693286665,0.55176606024447,0.26854223955375,1.42810966778411
20090,"Arabian (Persian) Gulf",19,"Somali/Arabian",5,"Western Indo-Pacific",92,90,"Tropical",0.00047258217306261,0.0319052621846985,0.0279881831271587,0.0154681894680349,0.00544958465577308,0.00281908938702018,0.0944308720477093,0.0034449070615565,0.0373880273387283,0.000924486848343196,0.00393552322297971,0.000630593538297679,0.00747181570047177,0.160520178355828,0.0591832189989034,0.452032511381641
20091,"Gulf of Oman",19,"Somali/Arabian",5,"Western Indo-Pacific",94,91,"Tropical",0.000357626180393347,0.0518860434651855,0.0227257213896743,0.0152091690956717,0.0039000702310604,0.0009518899921993,0.393801849135432,5.22322123477533e-05,0.0295738124991611,0.00280464605896187,0.00111175967970869,7.4753693816888e-05,0.00482613553168837,0.558971932205049,0.195334398791972,1.2815820392459
20092,"Western Arabian Sea",19,"Somali/Arabian",5,"Western Indo-Pacific",95,92,"Tropical",8.3720840421286e-05,0.020402850758628,0.00735809176127592,0.0103436450695642,0.0017575392190683,0.000253036329139071,0.565129441892352,0,0.00223028248752559,0.0038716556845306,0.000486322875788133,6.67346470615126e-05,0.00227847879490687,0.793619796927273,0.321595224369318,1.72947682072841
20093,"Central Somali Coast",19,"Somali/Arabian",5,"Western Indo-Pacific",93,93,"Tropical",5.73503417610249e-05,0.0106005857016722,0.00396033309884512,0.00333092859666379,0.0026820697507268,2.89085945808701e-07,0.597857966285598,0,0.000601417812481642,0.0028854383920722,0,0,0.00228193387962648,0.579796074115635,0.32049135721369,1.52454574282495
20094,"Northern Monsoon Current Coast",20,"Western Indian Ocean",5,"Western Indo-Pacific",89,94,"Tropical",0.00024320312409229,0.0082941845541495,0.00446946343232693,0.00312986869639303,0.00281836184976297,2.41655661601089e-05,0.547800583126759,0,0.00600561679696259,0.00287892584620792,0.00124525133795649,0.000181282726409833,0.00312135515931451,0.485809203720633,0.333364233478256,1.39938569725897
20095,"East African Coral Coast",20,"Western Indian Ocean",5,"Western Indo-Pacific",88,95,"Tropical",0.000933920260165495,0.0301597620614368,0.027491772559915,0.00841711789779622,0.00727188420403133,0.000323363549195835,0.458408127071844,0,0.00576542413362391,0.00202271569502525,0.00231874932892876,0.000322954528853372,0.00698382720732474,0.0548193074782266,0.219983439875162,0.825222365227807
20096,"Seychelles",20,"Western Indian Ocean",5,"Western Indo-Pacific",86,96,"Tropical",7.42343359241281e-05,0.00431373949270329,0.00158825076040354,0.0150199206010025,5.00378313217013e-05,8.93633944884582e-05,1.0967382014617,0,0.0133505823880636,0.02107546934709,8.79397318406099e-07,1.34880245353636e-07,0.000453926742062812,0.308708147347209,0.60029624320151,2.06175913101412
20097,"Cargados Carajos/Tromelin Island",20,"Western Indian Ocean",5,"Western Indo-Pacific",83,97,"Tropical",9.78351336993746e-08,0.0637890977330619,0.030355937127559,0.0315889319219551,0,0,1.08896697850927,0,0.00634943895930567,0.0243417777120768,0,0,5.44874900420434e-05,0.54564514694671,0.631779371086885,2.42287126538861
20098,"Mascarene Islands",20,"Western Indian Ocean",5,"Western Indo-Pacific",85,98,"Tropical",0.000131947643458205,0.00559462008994689,0.00468836141191498,0.0128305602052209,0.000915603879569686,0.000330965166402159,1.2060399549772,0,0,0.0186488052271524,0.000581449713146913,0.000314467219274804,0.000862882244117731,0.445072426730917,0.672628483050809,2.36864052807619
20099,"Southeast Madagascar",20,"Western Indian Ocean",5,"Western Indo-Pacific",87,99,"Tropical",0.000377821068466112,0.0408962909380044,0.00922858367595989,0.0119568743177145,0.00433749787039739,6.59878456928244e-06,0.782832085679476,0,0,0.00918591015422216,0.000220947559634995,4.41609441859611e-06,0.0034255198140224,0.410409395254536,0.486012651265089,1.75889459334264
20100,"Western and Northern Madagascar",20,"Western Indian Ocean",5,"Western Indo-Pacific",91,100,"Tropical",0.000671146774929843,0.0430588769752165,0.0120894984320833,0.0148699740509493,0.00456848195907843,0.000116892285309307,0.821040159866597,0,0.0010599701095714,0.0111122777072036,0.000538114868022656,2.64099639810997e-05,0.00600957177361942,0.386788643207971,0.473632840259685,1.7755828601841
20101,"Bight of Sofala/Swamp Coast",20,"Western Indian Ocean",5,"Western Indo-Pacific",90,101,"Tropical",0.000122297904976477,0.0217160088963512,0.0018038161795729,0.00178312043802262,0.00611581778824623,3.93538145454729e-05,0.398653525163889,0,0,0.00128423941525372,0.00207090217818683,0.000558833818746309,0.00369598410986625,0.330127349134114,0.205100994411267,0.97307224365395
20102,"Delagoa",20,"Western Indian Ocean",5,"Western Indo-Pacific",84,102,"Tropical",0.00032511402841171,0.0178041562683805,0.00175116843738853,0.00440439330767681,0.00220857308653122,0.000118663026905087,0.596723010016501,0,0.00110578917608702,0.00170436417739737,0.00117925522837064,0.000337895727556788,0.00388573314736022,0.486545095854263,0.298413467778307,1.4165066781618
20103,"Western India",21,"West and South Indian Shelf",5,"Western Indo-Pacific",100,103,"Tropical",0.000396414510005999,0.107847491992836,0.0715603335357955,0.0351610117472334,0.0113502737914133,0.000930669765029808,0.327732497412406,0.000351125027009617,0,0.00210551442038366,0.0116586541409062,0.000923696167869851,0.00544412981311353,0.322139677892783,0.214466032475136,1.11206752317079
20104,"South India and Sri Lanka",21,"West and South Indian Shelf",5,"Western Indo-Pacific",99,104,"Tropical",0.000726953653684952,0.0862807725882423,0.0698032596558747,0.0519644116132302,0.0115987108315682,0.00120039783896392,0.853483353699848,0,0.589186864697858,0.0253459331320755,0.0120100701803963,0.000494362479733641,0.00788582845740971,0.631176861221197,0.503280490569434,2.84443827659715
20105,"Maldives",22,"Central Indian Ocean Islands",5,"Western Indo-Pacific",102,105,"Tropical",0.00117400315167149,0.0435586928956322,0.0226622093635531,0.0414323829391691,2.6099434354871e-05,0.0003702372649744,1.10522508881206,0,0.000143568726355873,0.0507202332882091,1.58109585033945e-07,7.31209871720281e-10,0.00429163311754613,0.930546673888029,0.648695504775477,2.84884649029674
20106,"Chagos",22,"Central Indian Ocean Islands",5,"Western Indo-Pacific",101,106,"Tropical",0,0.00166858313910534,0.00146581790524558,0.00816047411081706,0,8.64616010428361e-05,1.10681047182007,0,6.45526088174328e-06,0.0123132011755371,0,0,0,0.865210118536797,0.669946946460001,2.66566853588638
20107,"Eastern India",23,"Bay of Bengal",5,"Western Indo-Pacific",103,107,"Tropical",0.000256258579278864,0.0795434835751258,0.0491235569388764,0.0315048184252047,0.011878210711252,0.000480617815143952,0.441070709079394,8.64788369287738e-05,0.0163650451919002,0.0042618511832997,0.0118062984220952,0.000863393918313719,0.00348877671378285,0.502957494222121,0.25661254565358,1.41029953859893
20108,"Northern Bay of Bengal",23,"Bay of Bengal",5,"Western Indo-Pacific",104,108,"Tropical",0.00061357851223396,0.0905247112830618,0.070034413241853,0.0267024547733665,0.00871395511044678,0.000123891984013841,0.260833799875732,3.71041839819525e-06,0.00192512626875147,0.00159098615869485,0.00806735082114063,0.00111061532555773,0.00724707288559094,0.26745890367839,0.174966133910715,0.919916704091933
20109,"Andaman and Nicobar Islands",24,"Andaman",5,"Western Indo-Pacific",105,109,"Tropical",0.000303814967214866,0.0972459504451381,0.0818720343884479,0.0398269192665804,0.000743555144223925,0.000131139452937705,1.04301094673218,0,0.0130835490316385,0.00865219517992688,0.00115084651110451,6.58733301861932e-06,0.00532840468537044,1.10813960399545,0.633884064082051,3.0333796065331
20110,"Andaman Sea Coral Coast",24,"Andaman",5,"Western Indo-Pacific",106,110,"Tropical",0.00326152550753236,0.387710147304164,0.275563364257385,0.129590624787691,0.00781219444431646,0.00162530424845609,0.613062639116274,6.26494450303328e-05,0.00126322098571892,0.00249859378189889,0.00710584112477608,0.00079483164278781,0.0245419913666905,0.444862229107103,0.32969001344457,2.22944517098141
20111,"Western Sumatra",24,"Andaman",5,"Western Indo-Pacific",107,111,"Tropical",0.00271676939702389,0.0963728189805987,0.0841032604034962,0.0561523743107033,0.00687922604782426,0.000163820356570409,0.852859525123006,0,0.00228316048325192,0.00715368565047451,0.00500180963236771,0.000505247061246521,0.00931165352424172,0.197673169554433,0.483402525371372,1.80457904606887
20112,"Gulf of Tonkin",25,"South China Sea",6,"Central Indo-Pacific",116,112,"Tropical",0.000772737026471675,0.108259186185342,0.0976325572659522,0.0248769848567785,0.00818016391067774,0.00136461918246484,0.183152035112462,0.000112123931763733,0.00321213079525363,0.000985623489243242,0.0150934002266277,0.00198075617936763,0.00881987840693798,0.169214760620279,0.0927782279851101,0.716435185183883
20113,"Southern China",25,"South China Sea",6,"Central Indo-Pacific",118,113,"Tropical",0.000815946688449564,0.253960740290815,0.231270701174847,0.0658540541884691,0.0123249371876253,0.00356244860851302,0.274651126538417,0.000162485525298739,0.0073347147035231,0.00160622594018635,0.0144315920293946,0.00181491134584495,0.0141163466679839,0.403597178141861,0.180523127584731,1.46602654102592
20114,"South China Sea Oceanic Islands",25,"South China Sea",6,"Central Indo-Pacific",117,114,"Tropical",0,0.138810012758392,0.192301736131707,0.0971744602531927,0,6.30431583212621e-06,1.10909096488135,0,0.0114610643248059,0.0445458974604211,0,0,0,0.69127431888257,0.592373978083677,2.87703873895466
20115,"Gulf of Thailand",26,"Sunda Shelf",6,"Central Indo-Pacific",113,115,"Tropical",0.00126903552370255,0.217547244882774,0.169569078112755,0.0790129618732299,0.0107866742409005,0.00218741000927918,0.21913365245228,0.000296038369824409,4.4427760749589e-05,0.00295402321494056,0.0125414263982087,0.00278048532464367,0.0111934507822704,0.207549230583071,0.17656657436074,1.11343171791101
20116,"Southern Vietnam",26,"Sunda Shelf",6,"Central Indo-Pacific",114,116,"Tropical",0.00071697366365872,0.278601489735484,0.252510307381464,0.0908672770580686,0.0132060522734513,0.00162957309372802,0.32561438974919,0.00178936408505614,0.00149687345424843,0.0062399666860904,0.0209006920087408,0.0038108429734245,0.0123096745767252,0.146267926188262,0.180626108951778,1.33658751256814
20117,"Sunda Shelf/Java Sea",26,"Sunda Shelf",6,"Central Indo-Pacific",115,117,"Tropical",0.00269258828472454,0.374875139219995,0.271530949698481,0.152421965596196,0.0107840457850278,0.000734746065089119,0.412598442341963,0.000989473249168198,0.00555930060881627,0.0274287869718671,0.0124606134154291,0.00190824835143498,0.0107894213795463,0.276607974998646,0.289054381590653,1.8504360795597
20118,"Malacca Strait",26,"Sunda Shelf",6,"Central Indo-Pacific",112,118,"Tropical",0.00125733094501068,0.242518030839648,0.17686173053379,0.0949974843205775,0.0248236243941143,0.00438459231167312,0.250656044868331,0.000106002601711823,0.000683470244976602,0.00266249792674261,0.0390721365864758,0.00648168928603597,0.0279008233760925,0.111973616853288,0.15840936411939,1.14278844135106
20119,"Southern Java",27,"Java Transitional",6,"Central Indo-Pacific",109,119,"Tropical",0.00512521330851987,0.0705242285410178,0.0571131219406839,0.0406876955206701,0.0136393945971092,0.000561468146562771,0.889145973708086,0.000569651934350934,0.00112267538013075,0.00748799044202199,0.00901355947940965,0.00161780043717711,0.00844690719577509,0.131243581749794,0.504360394957788,1.7406596582195
20120,"Cocos-Keeling/Christmas Island",27,"Java Transitional",6,"Central Indo-Pacific",108,120,"Tropical",3.85230719339025e-05,0.0018008936329695,0.00429077965597838,0.00430730304561389,2.13111021948079e-06,1.13917078175762e-05,1.12346312232047,0,1.79295726891377e-05,0.00413619998386025,0,0,0.000122145565875528,1.01082226094485,0.720378957065005,2.86939164431301
20121,"South Kuroshio",28,"South Kuroshio",6,"Central Indo-Pacific",119,121,"Tropical",0.000947431217904335,0.113502169055679,0.112228791680757,0.0683383832619589,0.00142695992980975,0.000882014827499379,1.15626533925292,0,0.0208413229753666,0.028429686957081,0.0015188161953552,0.000194020275903318,0.00483306915958404,1.03299627405745,0.670934725397297,3.21333900591147
20122,"Ogasawara Islands",29,"Tropical Northwestern Pacific",6,"Central Indo-Pacific",141,122,"Tropical",3.3262821203155e-07,0.0451422702875407,0.0711015188557023,0.0580577716790845,7.17779618049496e-06,1.85002469298571e-05,1.18816395524662,0,0.00751377470228482,0.030563937941516,0,0,0.000193103225189222,1.61370239475909,0.711888011046463,3.72635275525117
20123,"Mariana Islands",29,"Tropical Northwestern Pacific",6,"Central Indo-Pacific",140,123,"Tropical",0.000283623121773328,0.00265541630140286,0.00848128762771514,0.0209172008100529,0.000268358071405279,0.000174415930044654,1.17351379033075,0,0,0.0286047920547668,0,0,0.000547099826090573,1.40719791910454,0.682386448406392,3.32503035770061
20124,"East Caroline Islands",29,"Tropical Northwestern Pacific",6,"Central Indo-Pacific",139,124,"Tropical",0.000225104308776653,0.00229373503351468,0.00615098318062249,0.0116600120512789,2.42188404615354e-05,2.1352605260151e-05,1.13683675256851,0,0,0.0154396580923109,0,0,0.000674731214906566,1.01671670379633,0.65335825404631,2.84340150810779
20125,"West Caroline Islands",29,"Tropical Northwestern Pacific",6,"Central Indo-Pacific",142,125,"Tropical",0.000427073652198247,0.00274893729232932,0.00783886367175673,0.0101879350296628,4.40476492677511e-05,7.46780472642544e-05,1.16051763878808,0,0.000215988096990479,0.0114296557191717,1.74892610620582e-06,5.306335826036e-07,0.000723215972412065,0.751316015103452,0.7275841419388,2.67311047271122
20126,"Palawan/North Borneo",30,"Western Coral Triangle",6,"Central Indo-Pacific",125,126,"Tropical",0.00443860582664198,0.184063025283414,0.212274716965683,0.0959682342037831,0.00926107370736783,0.000917828062597636,0.646859940811979,0.000765446064169227,0.00385030165817245,0.0233569309403957,0.00836524930312117,0.00105392277802887,0.0231252995672119,0.273675941966164,0.300447818675161,1.78842433589364
20127,"Eastern Philippines",30,"Western Coral Triangle",6,"Central Indo-Pacific",121,127,"Tropical",0.0124188930583292,0.115318284949007,0.207475581357579,0.119739312846387,0.0186997695650573,0.00160972258229429,0.879559778682291,0,0.00129246599566788,0.0458189169245252,0.0113731489717961,0.00147460997907816,0.0318590046723782,0.637756056207166,0.454943226285384,2.53933876975711
20128,"Sulawesi Sea/Makassar Strait",30,"Western Coral Triangle",6,"Central Indo-Pacific",127,128,"Tropical",0.0020561536738414,0.182269510619504,0.13420342014308,0.110066792122689,0.00791866322298157,0.000592089828593672,0.836493604547975,6.19065568210537e-05,0.00270589330991096,0.0424637085601175,0.0060304930814104,0.000434739709306275,0.0116071205668638,0.293724655384543,0.446346308506865,2.07697506001692
20129,"Halmahera",30,"Western Coral Triangle",6,"Central Indo-Pacific",122,129,"Tropical",0.000845425767262289,0.124852179305097,0.110167518272931,0.13492351681836,0.0046052114382902,0.000201398356381201,0.956749598952707,0,0.00347361477874574,0.0494358247178872,0.00134280225567367,3.02680213071457e-05,0.0198434890047558,0.384163987189772,0.509379012032049,2.30001384632115
20130,"Papua",30,"Western Coral Triangle",6,"Central Indo-Pacific",126,130,"Tropical",0.000718799406292659,0.0875888113867476,0.086908916895817,0.0780339260425684,0.00523798410260176,0.000133226338627425,0.743902863410734,1.69055596264535e-07,0.00157776385137255,0.0379483159943934,0.00154860698469028,7.20159531928889e-05,0.0119016518994587,0.442527352444985,0.404452782026931,1.90255318568208
20131,"Banda Sea",30,"Western Coral Triangle",6,"Central Indo-Pacific",120,131,"Tropical",0.00258398684515167,0.155046206392079,0.103412781719652,0.099263207697515,0.00693984577543547,0.000240001840363664,0.949935282475994,0,0.00307223049389948,0.0484709519786211,0.00593891970462367,0.000375988947885415,0.0189946852022486,0.123120183124491,0.482823149103255,2.00021742164112
20132,"Lesser Sunda",30,"Western Coral Triangle",6,"Central Indo-Pacific",123,132,"Tropical",0.00559117142377587,0.11429303436853,0.0829217034700581,0.0582432428943247,0.0119051686567461,0.00070334323628068,0.956536569265543,0,0.00184805194131518,0.0115246246292208,0.00944632333849333,0.000684940604497163,0.0205571405899881,0.0617132987632859,0.506131976403981,1.84210059023411
20133,"Northeast Sulawesi",30,"Western Coral Triangle",6,"Central Indo-Pacific",124,133,"Tropical",0.00234735495577114,0.203671204797347,0.159385416674265,0.125865608551855,0.0156969876598291,0.000388517190720706,0.553145851345275,0,0.00218588779313061,0.0242591286888589,0.0161238304433734,0.000897830821993769,0.0268403007768297,0.0653729222740013,0.129633964219002,1.325814808002
20134,"Bismarck Sea",31,"Eastern Coral Triangle",6,"Central Indo-Pacific",128,134,"Tropical",0.00194997745390031,0.00800951446405766,0.00542623244674054,0.0360211632184679,0.00280670961033552,9.09825177731727e-05,0.873486113006167,0,0,0.0519001460374278,0.000260129669749323,4.43304844626669e-05,0.00897764637758494,0.681461220103469,0.454282605815574,2.12471677331625
20135,"Solomon Archipelago",31,"Eastern Coral Triangle",6,"Central Indo-Pacific",129,135,"Tropical",0.00178858686224851,0.0113596783399497,0.00806668171250339,0.0571538938079219,0.000906825942144422,2.35790820613579e-05,1.07827406729215,0,0.000957830884659298,0.0833801885638712,8.34511816948208e-05,1.33399377808978e-05,0.00686148824861116,1.11533414605148,0.569883614170887,2.93408737545451
20136,"Solomon Sea",31,"Eastern Coral Triangle",6,"Central Indo-Pacific",130,136,"Tropical",0.00267295266803429,0.00849673058935567,0.00438477423654211,0.0500760539241912,0.00268106507405895,3.54318248579322e-05,0.967647704940037,0,0,0.0749263694568603,0.000482015680788473,5.2841505873574e-05,0.00996954091647603,0.151990800517188,0.515681546850728,1.78909782865786
20137,"Southeast Papua New Guinea",31,"Eastern Coral Triangle",6,"Central Indo-Pacific",131,137,"Tropical",0.00132745906257605,0.00277237995636479,0.00229314038219612,0.0464580429237136,0.00215147403629372,0.000109279302541981,0.972214713810934,0,0.000353274696726087,0.0673742465944324,0.00127018145489631,7.93148832217279e-05,0.00526862113409108,0.00556810876757294,0.505920656188415,1.61316089433124
20138,"Gulf of Papua",32,"Sahul Shelf",6,"Central Indo-Pacific",135,138,"Tropical",0.000445439116945234,0.00955594471059653,0.00408088557741719,0.0121915367904034,0.00815784834181208,2.63713134105006e-05,0.314031871104252,0,0.000387749746320258,0.0119612967212122,0.00347705854880425,0.00025053658570018,0.0136099840229039,0.0004507073115052,0.169918430028783,0.548545659845441
20139,"Arafura Sea",32,"Sahul Shelf",6,"Central Indo-Pacific",133,139,"Tropical",0.000136019839814823,0.19965097339789,0.131933171494878,0.0773884461392945,0.00368103148343066,2.17695395521021e-05,0.313706752843283,0,0.000532735328347522,0.0213075066571353,0.00536035836996506,0.000263406423676519,0.00663074677837594,0.0180015492996707,0.229981172022635,1.00859563932868
20140,"Arnhem Coast to Gulf of Carpenteria",32,"Sahul Shelf",6,"Central Indo-Pacific",132,140,"Tropical",2.37282244325626e-05,0.0302446151160224,0.0148813121569507,0.0114077625331988,0.000668999386753378,7.48702949126345e-05,0.221452178159436,0,0.000643724127097044,0.00797085585955881,0.00338271269280554,0.000111543217206565,0.00189239365025486,0.0130135672414144,0.202715086479981,0.508483349670109
20141,"Bonaparte Coast",32,"Sahul Shelf",6,"Central Indo-Pacific",134,141,"Tropical",4.9713985995358e-05,0.05678343236604,0.0241192894911886,0.0141207051277039,0.000549812660555212,0.000113082176160658,0.284025237325552,7.09985598583819e-05,0.00256359232515548,0.00409616396549276,0.00454404007310666,0.000244440913915757,0.0018030808355464,0.00811637003656888,0.232364724713026,0.633564684995627
20142,"Torres Strait Northern Great Barrier Reef",33,"Northeast Australian Shelf",6,"Central Indo-Pacific",137,142,"Tropical",0.000168640927165346,0.0214891811196919,0.0119855967239931,0.0164005253572327,0.000446892754925963,7.52996758694701e-05,0.464415311782159,0,0.00138239154963726,0.0139621115766299,0.00446009786173762,0.00011605774963623,0.00282751971580493,0.000476102263167488,0.206700481261649,0.744906210212299
20143,"Central and Southern Great Barrier Reef",33,"Northeast Australian Shelf",6,"Central Indo-Pacific",136,143,"Tropical",0.000920158834571127,0.0127924569187163,0.0060104288188916,0.00661411124358368,0.00229331669621999,0.000579089300041154,0.192545852250051,0,0.000517105681339529,0.00710646245638052,0.00438296094900812,0.000246332590236041,0.00544456002882476,0.142891153894808,0.0662544844490862,0.448598474585766
20144,"Exmouth to Broome",34,"Northwest Australian Shelf",6,"Central Indo-Pacific",110,144,"Tropical",5.23490937982512e-05,0.0368769395361172,0.0187915558130483,0.00750352959878505,0.000176883276875219,0.000159553014078288,0.565077099177793,0.000127910058163777,0.00655925147087402,0.000799394962475714,0.000174487398978472,3.9516637203345e-06,0.00144475531622347,0.101566141708806,0.329513991320766,1.06882779393446
20145,"Ningaloo",34,"Northwest Australian Shelf",6,"Central Indo-Pacific",111,145,"Tropical",1.98991653352594e-05,0.00578654119205462,0.00433072556781149,0.00268747980494868,4.11042234008624e-05,2.24607632006402e-05,0.93793969346396,0,0.0518079222166677,0.00135205378895399,8.99684476391045e-05,3.23531465717347e-06,0.000772194011979638,0.224917894327772,0.500808151120603,1.73057932447265
20146,"Tonga Islands",35,"Tropical Southwestern Pacific",6,"Central Indo-Pacific",146,146,"Tropical",0.000283995692016875,0.00266892617847772,0.00341080685378464,0.0022693670764675,3.44383401993357e-05,7.7056713006855e-05,1.22611441031575,0,0,0.0016799923283827,0.000134308520776875,1.72590826678878e-05,0.00172642669734177,1.59835498449884,0.646224295333932,3.48299626585469
20148,"Vanuatu",35,"Tropical Southwestern Pacific",6,"Central Indo-Pacific",147,148,"Tropical",0.00085263979670771,0.00413370025611153,0.00398993589350209,0.0212240012013741,8.58469447360341e-05,1.4734860157538e-05,1.21278003870255,0,0.000293726085310219,0.031891377918387,3.81322235907799e-05,7.41767858195278e-06,0.00310151551970508,1.33772044244946,0.641698921210157,3.25783242812358
20149,"New Caledonia",35,"Tropical Southwestern Pacific",6,"Central Indo-Pacific",145,149,"Tropical",0.001438183657665,0.00764004529720653,0.00490943807773566,0.00520040630279563,0.000128920112632299,0.000135261232003731,1.1925551233826,0,0,0.00497393997184693,0.000159813398901374,1.71163830070539e-05,0.00303747601904429,0.378000146548635,0.561783896814849,2.15997976727258
20150,"Coral Sea",35,"Tropical Southwestern Pacific",6,"Central Indo-Pacific",143,150,"Tropical",0,0.00307134551458743,0.00091961737157061,0.0335053226375613,0,0,1.14431299309545,0,0.00233096835050525,0.0451143840803542,0,0,0,0.16626033225769,0.532656599409405,1.92817156276292
20151,"Lord Howe and Norfolk Islands",36,"Lord Howe and Norfolk Islands",6,"Central Indo-Pacific",138,151,"Tropical",2.60076605681152e-06,0.0123426745909189,0.00571871552310307,0.0018027215816302,0,6.85800771529664e-06,1.23025262332725,0,0,0.000500942390863938,0,0,7.74038750337158e-05,0.911145779564997,0.731918879998552,2.89376919561415
20153,"Marshall Islands",38,"Marshall, Gilbert and Ellis Islands",7,"Eastern Indo-Pacific",149,153,"Tropical",0.000491567946642327,0.0016413884286384,0.0043772809387862,0.00964063173777801,0,3.56285272640035e-05,1.18401415998747,0,0,0.0151731886912853,0,0,0.0013376507231,1.49143246990728,0.562851517273206,3.27099548982367
20155,"Line Islands",39,"Central Polynesia",7,"Eastern Indo-Pacific",150,155,"Tropical",5.0181336369842e-05,0.00051839577185286,0.000465136078122262,0.00287517733396142,0,5.3871215850746e-06,0.992420584881357,0,0.000197708754618003,0.00360807373030512,6.02182999058057e-06,1.30214378898352e-06,0.000293710780063132,0.359101108136497,0.707783057826654,2.06732584356423
20156,"Phoenix/Tokelau/Northern Cook Islands",39,"Central Polynesia",7,"Eastern Indo-Pacific",151,156,"Tropical",3.65397557476723e-06,0.00062271229568915,0.00147669037107525,0.00552638572610187,0,1.36412613906344e-06,1.1100963719373,0,5.32077845918706e-05,0.00759993265779448,0,0,0.000176339813335348,1.2721327612163,0.696014508168508,3.09370392492785
20157,"Samoa Islands",39,"Central Polynesia",7,"Eastern Indo-Pacific",152,157,"Tropical",0.000296818431651857,0.00875963295154719,0.00516921996065852,0.00173603804628586,0,0.000159355512523264,1.20639949403489,0,0,0.00138054001659487,2.93150239758062e-06,5.07405412809036e-07,0.00171099255300467,1.72922179419534,0.618455713030883,3.57329304662365
20158,"Tuamotus",40,"Southeast Polynesia",7,"Eastern Indo-Pacific",156,158,"Tropical",0.000164163561428656,0.00182117549093106,0.000450035364558052,0.00134318199127914,0,2.60525038375483e-05,1.21768474117256,0,0,0.00198620703058309,0,0,0.00162095915116381,0.744437655328164,0.616038483726386,2.58557265531314
20159,"Rapa-Pitcairn",40,"Southeast Polynesia",7,"Eastern Indo-Pacific",153,159,"Tropical",1.85628076390072e-06,8.63950319704109e-05,0.000298180121240482,0.000687296269025612,0,1.68497941999878e-06,1.21753042231869,0,0,0.000991682293859239,0,0,4.04396089480373e-05,0.832279227966195,0.717979036319836,2.76989622348276
20160,"Southern Cook/Austral Islands",40,"Southeast Polynesia",7,"Eastern Indo-Pacific",155,160,"Tropical",2.90286934523576e-05,0.000668209874816398,0.000320242525522664,0.00109891771557682,0,1.94622749856263e-05,1.22592199894186,0,0,0.00160485806674855,1.02269862113636e-06,2.48130461679791e-07,0.000258530108467085,1.16515302664713,0.726843435015459,3.12191898037874
20161,"Society Islands",40,"Southeast Polynesia",7,"Eastern Indo-Pacific",154,161,"Tropical",0.000825147146300657,0.00311240249895972,0.000336695450033216,0.000679453323985382,7.63234112061426e-05,0.00043499803009614,1.21756765333871,0,0,0.00104670178517447,3.3967408324094e-05,5.55332140837565e-06,0.00198829737416814,1.50009897225049,0.662064283646833,3.38827044629844
20162,"Marquesas",41,"Marquesas",7,"Eastern Indo-Pacific",157,162,"Tropical",0.000125053067422029,0.000675228946551168,0.000369559005878171,0.00178506385557553,0.00011269539202768,1.62854668388751e-05,1.11899947592985,0,0,0.00223884846312825,3.71915488113971e-05,6.86113724860533e-06,0.000684485047372829,0.00716133999505385,0.663006399509281,1.79521848739234
20163,"Easter Island",42,"Easter Island",7,"Eastern Indo-Pacific",159,163,"Tropical",6.32031980734845e-06,0.0116966377633939,0.00576158430415759,0.00600854636737382,0,5.3790837660802e-06,1.06780993347482,0,0,0.00542706655453824,0.000100752078057033,1.08650271735914e-05,8.20910960105599e-05,1.65690916813415,0.712470742277286,3.46628908531357
20164,"Revillagigedos",43,"Tropical East Pacific",8,"Tropical Eastern Pacific",170,164,"Tropical",0,0.00703315779895498,0.0127330640883202,0.00479321496453405,0,3.17131325827114e-06,1.11576363413395,0,0.0246789093145532,0.00753719730812902,9.48423966141499e-06,1.86720794954406e-06,0,0.397275112808917,0.557339027894024,2.12716784112825
20165,"Clipperton",43,"Tropical East Pacific",8,"Tropical Eastern Pacific",164,165,"Tropical",0,0.000442860211079397,0.00378454955211083,0.00242538601223298,0,0,1.0735268448765,0,0.0139202558264419,0.00365543048133068,0,0,0,0.304061852367442,0.764139651108008,2.16595683064709
20166,"Mexican Tropical Pacific",43,"Tropical East Pacific",8,"Tropical Eastern Pacific",167,166,"Tropical",0.000538991807510775,0.0261083426988053,0.00847305717600867,0.00669988725995699,0.00488781279470387,0.000274341759969697,0.77733202989034,0,0.0152774895409724,0.00502802328326892,0.00270875459958371,0.000884497819479155,0.00224593013311642,0.476969887280341,0.476379799385586,1.80380884468191
20167,"Chiapas-Nicaragua",43,"Tropical East Pacific",8,"Tropical Eastern Pacific",163,167,"Tropical",0.000822794994200297,0.0352734380017181,0.0166195887012441,0.0117579868691025,0.00866842177351303,0.000486374685972504,0.60321994003241,0,0.0109931755163725,0.00883552044760557,0.00875062427279943,0.00233370314267086,0.00508813531274604,0.32467402830991,0.426208988571833,1.463732718249
20168,"Nicoya",43,"Tropical East Pacific",8,"Tropical Eastern Pacific",168,168,"Tropical",0.00255713356289052,0.043957911847144,0.0101830916193638,0.0318851947632936,0.00603532468378764,0.00070812301779132,0.810538388107855,0,0.0178340872421473,0.00242142337270723,0.00538831921103914,0.00151919491301221,0.00794451836256591,0.0987946202798602,0.515180808031948,1.55494813971727
20169,"Cocos Islands",43,"Tropical East Pacific",8,"Tropical Eastern Pacific",165,169,"Tropical",0,0.00636568059324702,0.00477625116874568,0.00403006777864785,0,0,0.927753728249534,0,0.0246507091873418,0.0034627029219535,0,0,0,0.00181715034790101,0.673699532373015,1.64655582236121
20170,"Panama Bight",43,"Tropical East Pacific",8,"Tropical Eastern Pacific",169,170,"Tropical",0.00142896671390736,0.0303829428128417,0.00360517285833933,0.0319079576320315,0.00361438868996301,0.000268120412376266,0.495038482693369,0,0.000402484572099788,0.0025361590651001,0.00249094831102676,0.00146692840698925,0.00453956540243678,0.112146761642793,0.340002561608789,1.02983143998118
20171,"Guayaquil",43,"Tropical East Pacific",8,"Tropical Eastern Pacific",166,171,"Tropical",0.00026227050538435,0.0371149739791205,0.0105573247933949,0.044721238054402,0.00357455048739012,0.00063897324963917,0.408038099378259,0,0.00197810330722877,0.00277904152174499,0.00379801701143052,0.00197960823746739,0.00443412586968551,0.0799429988692061,0.322358742061625,0.922178068214005
20172,"Northern Galapagos Islands",44,"Galapagos",8,"Tropical Eastern Pacific",161,172,"Tropical",1.63475762474436e-09,0.00977728333268633,0.00573151717685384,0.0150308032862684,1.16756797885723e-06,0,0.986956217728141,0,0.00313505477004449,0.0142268786018045,1.66962971653934e-07,3.70569044876375e-08,2.04791473594301e-07,0.0486427510886935,0.566608060795197,1.65011014438464
20173,"Eastern Galapagos Islands",44,"Galapagos",8,"Tropical Eastern Pacific",160,173,"Tropical",5.59530492878938e-05,0.0169651560614086,0.00908271315548926,0.021577811682819,0.000190095963884329,3.1845968352878e-05,0.861312581641579,0,0.00187385956852554,0.00946781629049464,0.000317906555458229,7.53088804720693e-05,0.00204259615346744,0.0731717519839277,0.623043894774458,1.61920929163417
20174,"Western Galapagos Islands",44,"Galapagos",8,"Tropical Eastern Pacific",162,174,"Tropical",3.46291893465215e-06,0.00307578041648061,0.00614438884005718,0.0100852789369884,5.87998197247982e-05,0,0.881497285371961,0,7.80158639149522e-05,0.00784126935136197,0.000118078734856225,3.06816678191777e-05,0.000767050997113368,0.0289137328703497,0.698429172897226,1.63704299831032
20175,"Central Peru",45,"Warm Temperate Southeastern Pacific",9,"Temperate South America",174,175,"Temperate",0.000149362371583388,0.03980133708776,0.0118543068504882,0.0763300926283756,0.0036292954307922,0.000271322322250588,0.438937635501788,0,0.00213654523059835,0.00252669588243253,0.00194088786899683,0.000453523960865269,0.00221100533223968,0.0136087196865696,0.352467739819386,0.946318469151593
20176,"Humboldtian",45,"Warm Temperate Southeastern Pacific",9,"Temperate South America",175,176,"Temperate",0.000185383038937699,0.0261666506185259,0.0203690002440157,0.0746910513830823,0.00286857884646488,0.000192441296913568,0.528012741805634,0,0.00146151460067155,0.00218101565404168,0.000791652379361225,0.00018230097583511,0.00140564622141682,0.0865319535235859,0.368768313891673,1.11380824388568
20177,"Central Chile",45,"Warm Temperate Southeastern Pacific",9,"Temperate South America",173,177,"Temperate",0.000557154853061763,0.00951034361061035,0.0252809112146388,0.0843260513934782,0.00348340340281021,0.000228855782356155,0.511977683304679,0,0,0.000234803699466399,0.00116117782120198,0.000267309519754599,0.00220858677563056,0.355348747905881,0.367293195203548,1.361878222794
20178,"Araucanian",45,"Warm Temperate Southeastern Pacific",9,"Temperate South America",172,178,"Temperate",0.00111468777341297,0.0156036404890789,0.0197060593215646,0.0693512583643482,0.00540586367403991,0.0003162402100347,0.51671330648269,0,0,6.41811744656941e-05,0.0047846434900113,0.00211210140269283,0.0031413328449864,0.459974069568899,0.391341407456585,1.48962878842379
20179,"Juan Fernandez and Desventuradas",46,"Juan Fernandez and Desventuradas",9,"Temperate South America",171,179,"Temperate",0,0.00929892415021044,0.0605929274786074,0.0992818363480708,0,6.76047168362479e-07,1.04541456222095,0,0,0.00175091614893635,0,0,0,0.364503531277358,0.794406983820694,2.37525035517398
20180,"Southeastern Brazil",47,"Warm Temperate Southwestern Atlantic",9,"Temperate South America",183,180,"Temperate",0.000508625864544528,0.0360565123523165,0.0222067094115364,0.00688732060618625,0.00465510138626348,0.0015516663904875,0.468808451944783,4.54908408205905e-05,0.0079391741014304,0.00554388822119071,0.00241756413153546,0.000157338072549659,0.00602808597356125,0.728121365422552,0.267414871720553,1.55834216738933
20181,"Rio Grande",47,"Warm Temperate Southwestern Atlantic",9,"Temperate South America",182,181,"Temperate",0.000148145917790615,0.0306133916550702,0.0137752261825491,0.00609145723575456,0.00303514206116269,0.000646071887545711,0.490933801571601,0,0.00325311153262174,0.00312986298679858,0.00856935708890869,0.00171458283176673,0.00682244453549236,0.712475845845478,0.307205733712167,1.58841417595391
20182,"Rio de la Plata",47,"Warm Temperate Southwestern Atlantic",9,"Temperate South America",181,182,"Temperate",8.56388947015289e-05,0.0113120611903282,0.00190907968477199,0.000640784694585506,0.00541334749684117,0.000606763194565406,0.00133584618098371,0,8.59628941055986e-08,3.91537221243338e-07,0.00707001397125432,0.00337159309569884,0.00415906715553616,0.0134507923754865,0,0.0493554653873799
20183,"Uruguay-Buenos Aires Shelf",47,"Warm Temperate Southwestern Atlantic",9,"Temperate South America",184,183,"Temperate",3.59301064855349e-05,0.131155469864658,0.0303133354540384,0.0224853766664524,0.00167124793995122,0.000303588623815138,0.368803481803129,0,4.81611908017102e-05,0.000505644572862138,0.00313145185891087,0.000432869187384542,0.00242252223402985,0.535605083415433,0.322094724970534,1.41900888692203
20186,"Malvinas/Falklands",48,"Magellanic",9,"Temperate South America",178,186,"Temperate",9.82132813330763e-05,0.155463132557596,0.00503366876328753,0.00656570869282264,0,2.31370035723611e-05,0.834909797480257,0,5.2342848337954e-07,2.18597511235455e-05,0,0,0.00189489154399524,1.37098984071045,0.568871083734759,2.94387185802326
20187,"Channels and Fjords of Southern Chile",48,"Magellanic",9,"Temperate South America",176,187,"Temperate",0.000252784366497722,0.0617231523894685,0.00695935313679259,0.00501519621698196,0.00103201901545551,0.000103878048754106,0.543355779399287,4.81373349346994e-06,0,1.73386270456012e-06,0.00219544943081156,0.000294870288294418,0.00808796888797106,0.647843131283965,0.480609086026327,1.75747921628079
20188,"Chiloense",48,"Magellanic",9,"Temperate South America",177,188,"Temperate",0.000769827903548177,0.0622721017045438,0.0223001949546535,0.0513982880724171,0.00190133367572462,0.000221055701259187,0.403542897595719,0,0,1.90387334442473e-05,0.00162270755721623,0.000215295708459744,0.0129773405153329,0.272381736570821,0.334224655404694,1.16384647277522
20189,"Tristan Gough",49,"Tristan Gough",9,"Temperate South America",185,189,"Temperate",2.63908239590594e-08,0.000154450108763549,0.000759555978559992,0.0013682483848268,2.10737910654024e-06,4.37658090078664e-07,0.973707262818971,0,2.73367873641158e-05,0.000562663404590606,0,0,4.91104259277475e-05,0.874139291267029,0.760060206595329,2.61083068739239
20191,"Namaqua",50,"Benguela",10,"Temperate Southern Africa",187,191,"Temperate",7.6013880344378e-05,0.0157912146592973,0.00714235955366592,0.0813423213774844,0.0022119068933414,0.000273899759276738,0.618797691423763,0,0,0.000234311102719328,0.00143485230935296,0.000552108367868706,0.00194530438506288,0.817989407498076,0.402060746150379,1.94985214087305
20192,"Agulhas Bank",51,"Agulhas",10,"Temperate Southern Africa",189,192,"Temperate",8.5305255294287e-05,0.0172948156782793,0.00377360331092181,0.0541324770224585,0.00211797939725033,0.000491191965780591,0.66222600886782,8.56331251472672e-05,0,0.000484585934893443,0.0021621571010747,0.000259576244509216,0.00243304054902315,0.849950782929963,0.403443011556516,1.99894016910163
20193,"Natal",51,"Agulhas",10,"Temperate Southern Africa",190,193,"Temperate",0.000194662466684511,0.0107608004239823,0.00149197470059407,0.0120712468179241,0.00612631865450483,0.000410679785464823,0.663843369170662,0,0.00071719362783878,0.00169495801967476,0.00330166649028804,0.000458076462068657,0.00321487447837138,0.916531459855707,0.365592285322675,1.98640956447048
20194,"Amsterdam-St Paul",52,"Amsterdam-St Paul",10,"Temperate Southern Africa",191,194,"Temperate",0,0.000344713794845033,0.000234166342732917,0.000175143090164205,0,1.41160508781798e-07,1.13900293912482,0,0,0.000372140603343947,0,0,0,0.490274338094356,0.656626701933089,2.28703028593902
20197,"Three Kings-North Cape",53,"Northern New Zealand",11,"Temperate Australasia",204,197,"Temperate",8.39176062189741e-06,0.0378443132248255,0.0486256123086145,0.00542869142929564,6.02499370323227e-06,0,1.20279125469319,0,0.000501796170134487,0.0011463771324898,6.04618097279747e-05,3.33678565281965e-06,0.000343533525736288,0.509346396032884,0.682433409724591,2.48853960011967
20200,"South New Zealand",54,"Southern New Zealand",11,"Temperate Australasia",208,200,"Temperate",0.000205558361210837,0.108176105260874,0.0110274898233662,0.00421597126285243,0.00733314454715904,0.000261868665341309,0.770237037850499,0,0.000292366317701536,0.000299148453986361,0.00264498830410169,0.000394145811247471,0.00469817683707337,0.344006476081981,0.533093017214936,1.7868854934482
20201,"Snares Island",54,"Southern New Zealand",11,"Temperate Australasia",207,201,"Temperate",0,0.193348404335512,0.00960079495981393,0.00637778765522194,0,0,0.897107399357854,0,0.00023312858584646,0.000315464987532016,0,0,1.29212347257589e-05,0.328872393101262,0.660095347418761,2.09596363955097
20202,"Tweed-Moreton",55,"East Central Australian Shelf",11,"Temperate Australasia",201,202,"Temperate",0.00118413282787451,0.012323071013087,0.00470898023208157,0.00735962239682342,0.00385153099683697,0.00106022790320374,0.600274009951683,0,0.000266951804743148,0.00766673944515503,0.00477864089155591,0.00040708110725144,0.00663733519588663,0.622074564293583,0.349371223285165,1.6219641077426
20203,"Manning-Hawkesbury",55,"East Central Australian Shelf",11,"Temperate Australasia",200,203,"Temperate",0.00176942353052747,0.015152387492592,0.00646691359101813,0.00397964949366883,0.0052131980826987,0.00133766219847149,0.625251474808298,0,0.000172816867171139,0.00101837996995268,0.00300634930010296,0.00031366727958804,0.00614347472352197,0.510913981691599,0.383828266872506,1.56456764790374
20204,"Cape Howe",56,"Southeast Australian Shelf",11,"Temperate Australasia",198,204,"Temperate",0.000517583061790418,0.012474462872082,0.00865841957812561,0.00328966437487387,0.00161730527826771,0.000367658041483568,0.605840697264601,0.000155741569478401,0.000169268436425036,0.000471999125367699,0.00279700440167775,0.000227382416094994,0.00541366869288195,0.923044863868615,0.436948028170567,2.00199374973771
20205,"Bassian",56,"Southeast Australian Shelf",11,"Temperate Australasia",197,205,"Temperate",0.000753953608952624,0.0111538057062539,0.00604661035953574,0.00187221688833218,0.00198448163155668,0.000784936309042087,0.688583893652413,1.41601742267837e-05,8.36120981446221e-05,0.000262079426749473,0.00337227221735846,0.000378068855433961,0.00759223200747916,1.02481466652599,0.545380580558591,2.29307756758373
20206,"Western Bassian",56,"Southeast Australian Shelf",11,"Temperate Australasia",199,206,"Temperate",5.1314580573027e-05,0.0132595825565761,0.00979626660322606,0.00199107126277816,0.00100691231858955,9.45067292595766e-05,0.623275945710143,0,0.000158690497856622,0.00037622617316485,0.0032591388275512,0.000868747984409443,0.00203063612162107,1.02983256030594,0.479536028393725,2.16553762102818
20207,"South Australian Gulfs",57,"Southwest Australian Shelf",11,"Temperate Australasia",196,207,"Temperate",0.000299821878840888,0.0125603968081529,0.0123294291927663,0.00225811608621861,0.00101069923529121,0.000330453209747726,0.293928545968487,0,0.000220699442363161,0.000194831672942658,0.00654020816340954,0.000606559644413737,0.00534365626713988,0.549234733618141,0.238311368278375,1.12316952074373
20208,"Great Australian Bight",57,"Southwest Australian Shelf",11,"Temperate Australasia",194,208,"Temperate",3.13956896356524e-06,0.0126907901998342,0.0143170968653468,0.0024993884622474,1.82165689071053e-05,8.87176761786627e-06,0.352052174159544,0,0.000355616032677133,0.000321819293246046,0.000410391200209878,2.6508830267082e-05,0.000246930565318791,0.476168266931241,0.249421072925821,1.10854028156587
20209,"Leeuwin",57,"Southwest Australian Shelf",11,"Temperate Australasia",195,209,"Temperate",0.000144935146502299,0.00651608301690458,0.006583589657502,0.00170288999089392,0.000647788737935176,0.000229572998104104,0.674382717053236,0,0.000262787753913935,0.000534900808356784,0.00312461585096768,0.000518845873186475,0.00181031444231216,0.743696880574926,0.486338232359484,1.92649415352362
20210,"Shark Bay",58,"West Central Australian Shelf",11,"Temperate Australasia",193,210,"Temperate",1.4657266464471e-05,0.00634935399993977,0.00579812187051575,0.00184200547646823,0.000140677896779376,5.77903255629475e-05,0.555866220717103,0,0.00374833711417342,0.000474421548054746,0.000347503964751581,2.35314681987136e-05,0.00186940650044945,0.176357868266835,0.367053691427308,1.11994358848083
20211,"Houtman",58,"West Central Australian Shelf",11,"Temperate Australasia",192,211,"Temperate",0.000118723611274184,0.00521532867138241,0.0088901604751243,0.00158155503118265,0.000634262166366385,0.000244562802994923,0.566820701916392,0,0.000541871421861661,0.000416394870732734,0.00341255897302884,0.000533235989792504,0.00183683109648306,0.285307240648474,0.391775320439223,1.26732874980219
20212,"Macquarie Island",59,"Subantarctic Islands",12,"Southern Ocean",224,212,"Polar",7.13047511383677e-07,2.99228681593431e-05,5.56621149657124e-07,2.19879512573559e-06,1.16067132701398e-05,0,0.809632767960467,0,0,2.20937869510492e-06,3.01177944077768e-05,1.73271333326491e-06,0.000208619049840209,0.456901393722856,0.806581238027157,2.07340307062242
20213,"Heard and Macdonald Islands",59,"Subantarctic Islands",12,"Southern Ocean",222,213,"Polar",0,0.0372111710741099,0,1.1997727036615e-05,0,1.24862058128376e-06,0.709883877453847,0,0,0.00488178281065341,0,0,0,1.12981121037535,0.581555742006331,2.46335702558235
20214,"Kerguelen Islands",59,"Subantarctic Islands",12,"Southern Ocean",223,214,"Polar",0,0.0293089893638518,0.00020391976372778,5.14695694861522e-05,0,4.64309001202154e-06,0.734504942167781,0,0,0.000168171563131038,0,0,0,0.51388772464471,0.573043262820162,1.85117311707862
20215,"Crozet Islands",59,"Subantarctic Islands",12,"Southern Ocean",221,215,"Polar",0,0.00212859668804415,7.96263359926148e-05,4.81922965657725e-05,0,8.39090652302063e-08,0.882388219201903,0,0,8.76405735034558e-05,0,0,0,0.93460359138897,0.59559318016776,2.414929132399
20216,"Prince Edward Islands",59,"Subantarctic Islands",12,"Southern Ocean",226,216,"Polar",0,0.00302967877120513,1.82695137200005e-05,1.73654558545661e-05,0,0,0.878358337907377,0,0,5.34182950270142e-05,0.000445366432985754,6.42631870876854e-05,0,0.682905075395831,0.610230735029499,2.17512251362398
20217,"Bouvet Island",59,"Subantarctic Islands",12,"Southern Ocean",220,217,"Polar",0,0,0,0,0,0,0.760546203333848,0,0,0,0,0,0,0.0381017000639299,0.581948533079161,1.38059643646517
20218,"Peter the First Island",59,"Subantarctic Islands",12,"Southern Ocean",225,218,"Polar",0,0,0,0,0,0,0.698623153752242,0,0,0,0,0,0,0.225048869798139,0.792066962736155,1.7157389878345
20219,"South Sandwich Islands",60,"Scotia Sea",12,"Southern Ocean",218,219,"Polar",0,1.43251837228691e-05,0,2.82748481832226e-08,0,3.57382198438474e-06,0.711045575309717,0,0,0,0,0,0,0.606640338419331,0.769051855318835,2.0867556970689
20220,"South Georgia",60,"Scotia Sea",12,"Southern Ocean",216,220,"Polar",0,0.00292328430234356,3.42446628720196e-06,0.00136378390605206,0,1.55145943769767e-06,0.776049798044434,0,0,0.000651749946011308,0,0,0,0.947248172629354,0.78013656998704,2.50837833167024
20221,"South Orkney Islands",60,"Scotia Sea",12,"Southern Ocean",217,221,"Polar",0,1.98504388716671e-05,0,0.0686380209270248,0,0,0.713155113519345,0,0,0,0,0,0,0.717590694800006,0.701772699363071,2.20117637279088
20222,"South Shetland Islands",60,"Scotia Sea",12,"Southern Ocean",219,222,"Polar",0,0.00246642013543538,0.000452689343329026,0.0230382600456777,0,0,0.678934419498257,0,0,0,0,0,0,0.315425575149311,0.720138112759885,1.74045548093663
20223,"Antarctic Peninsula",60,"Scotia Sea",12,"Southern Ocean",215,223,"Polar",0,5.92510141363653e-06,0,0.0781364827510822,0,0,0.43332761700157,0,0,0,0,0,0,0.183751763924767,0.304610527460536,0.999832317894084
20224,"East Antarctic Wilkes Land",61,"Continental High Antarctic",12,"Southern Ocean",211,224,"Polar",0,0.00143700771098477,0,5.06417853276029e-05,0,0,0.347324005511317,0,0,0.00149753156574316,0,0,0,0.299323964274203,0.295591546343868,0.945224700743186
20225,"East Antarctic Enderby Land",61,"Continental High Antarctic",12,"Southern Ocean",210,225,"Polar",0,5.25092832516581e-05,0,0,0,0,0.335219824323573,0,0,9.31031464581846e-06,0,0,0,0.460155104903698,0.318680221379615,1.11411697071424
20226,"East Antarctic Dronning Maud Land",61,"Continental High Antarctic",12,"Southern Ocean",212,226,"Polar",0,0.000125257055207238,0,0,0,0,0.320500393005107,0,0,1.84913105278655e-05,0,0,0,0.519088741562538,0.252891282805828,1.09262416278799
20227,"Weddell Sea",61,"Continental High Antarctic",12,"Southern Ocean",214,227,"Polar",0,0,0,0.000221301141062898,0,0,0.217963127188441,0,0,0,0,0,0,0.125508934953743,0.0886729921481839,0.432366354741806
20228,"Amundsen/Bellingshausen Sea",61,"Continental High Antarctic",12,"Southern Ocean",209,228,"Polar",0,2.69052493246098e-05,0,5.41504189664897e-07,0,0,0.319568136471399,0,0,2.66289676159707e-05,0,0,0,0.30346624508094,0.208703253936893,0.831791715662497
20229,"Ross Sea",61,"Continental High Antarctic",12,"Southern Ocean",213,229,"Polar",0,0.000611856096883831,0,1.71317530900413e-05,0,0,0.164702594493236,0,0,0.000741030232843297,0,0,0,0.0859503002952394,0.0708781919730705,0.322901106726793
20231,"Campbell Island",62,"Subantarctic New Zealand",12,"Southern Ocean",229,231,"Polar",3.26085215223576e-07,0.237592897527716,0.000841598268655781,0.00649695699950868,4.45256098319471e-05,0,0.850634415069666,0,0,0.00014680837554525,2.18859640557627e-05,1.08715867750156e-06,0.000128977059525209,0.482565851649776,0.516077168369594,2.09455250206589
20232,"Auckland Island",62,"Subantarctic New Zealand",12,"Southern Ocean",227,232,"Polar",5.78698301718723e-06,0.115527229667833,0.00173793660606766,0.00360609762717465,0.000146987352563327,0,0.888840178395987,0,0,0.000146546297248089,0.000125820940412039,6.16047164833876e-06,0.00126065202026707,0.334972853246359,0.677261983122916,2.02363822772595
25007,"Baffin Bay - Davis Strait",1,"Arctic",1,"Arctic",1,7,"Polar",3.26269310576392e-06,0.055892691399853,0.00327725735853736,0.00165344059760378,3.54786443618587e-08,4.60434355163262e-05,0.408453223216112,0,0,5.26619149541646e-05,1.00943167411657e-05,3.1448600978516e-07,0.000500039183690395,0.488699047160381,0.272655383857603,1.23124349348387
25009,"Lancaster Sound",1,"Arctic",1,"Arctic",4,9,"Polar",4.62124912744835e-05,0.00100234564685396,3.69410226634485e-05,1.15751347873307e-05,0,3.85514284242004e-05,0.136414854346963,0,0,0,1.81376027481449e-05,5.65490583951969e-07,0.000245278720750416,0.25099831356475,0.115229252372291,0.504042027246393
25010,"High Arctic Archipelago",1,"Arctic",1,"Arctic",2,10,"Polar",5.9346045504214e-05,5.21384980477112e-05,4.10350280204997e-06,2.4648866144785e-07,1.83766066689164e-08,0,0.286161257034254,0,0,0,2.86324039605735e-05,9.74089581910349e-07,0,0.0693829134433891,0.037176160860555,0.392865790545402
25014,"Eastern Bering Sea",1,"Arctic",1,"Arctic",17,14,"Polar",3.68359526803414e-05,0.325476071770772,0.0591548813008013,0.0358605823126091,0.00122467007398439,0.000149358229217319,0.29227348841242,0,0,0.00181170989804045,0.00116308944426151,0.00013170341353951,0.00204142040537323,0.990878524930554,0.403264155210407,2.11346647594139
25031,"Aegean Sea",4,"Mediterranean Sea",2,"Temperate Northern Atlantic",0,31,"Temperate",0.00159685469002874,0.0625333300109638,0.0366305703141877,0.0450700783524099,0.0212587819284237,0.00627200889578047,0.519253459968675,0,0,0.00836617055813434,0.0163936316093081,0.00281902360268918,0.0294596976321685,0.87423328462795,0.25568072758048,1.87956762247279
25032,"Levantine Sea",4,"Mediterranean Sea",2,"Temperate Northern Atlantic",0,32,"Temperate",0.000254342936616324,0.0262501224723552,0.0382902112065087,0.0144185678065037,0.0083705979768004,0.00165930027354438,0.476110893707572,1.16939095780136e-06,0.0102616627755096,0.00347723228178136,0.00841533748358181,0.00199150002529122,0.00611643031639147,0.774611274970271,0.275148883586357,1.64537752497856
25033,"Tunisian Plateau/Gulf of Sidra",4,"Mediterranean Sea",2,"Temperate Northern Atlantic",0,33,"Temperate",0.000449481482786116,0.027931226778806,0.0397857733869953,0.0152788973415099,0.00435330759506286,0.000978379850667403,0.380636194720906,0.00063620969917899,0,0.00352867018603049,0.00259318417933814,0.000377795455345545,0.00403759998019691,0.615071646455896,0.197747016603224,1.29340538257629
25034,"Ionian Sea",4,"Mediterranean Sea",2,"Temperate Northern Atlantic",0,34,"Temperate",0.00138695397582691,0.0461776839783542,0.03841697372206,0.0322917668042737,0.0195741018322488,0.00398173705987957,0.902103920483442,0,0,0.0111646126287849,0.0134376622061328,0.00378522880334,0.0155285151746664,1.31217729170644,0.55078167289391,2.95080811930359
25035,"Western Mediterranean",4,"Mediterranean Sea",2,"Temperate Northern Atlantic",0,35,"Temperate",0.000839805441023359,0.0385892939701938,0.0385099914191634,0.0376637149079633,0.0186093255383519,0.00316380350504973,0.595928237605686,0,0,0.00684505839139349,0.0104697871640207,0.00295695980553638,0.0108025995366827,0.659303022647106,0.285341947451246,1.70902354973911
25036,"Alboran Sea",4,"Mediterranean Sea",2,"Temperate Northern Atlantic",0,36,"Temperate",0.000499620872235291,0.0302003076607683,0.0430885875236443,0.032619853754187,0.0128645088843771,0.00195784344362449,0.23917954244008,0,0,0.00544715534262859,0.00564606918265205,0.000912215221880914,0.00706923276986677,0.275597107752879,0.111456857249519,0.766538903627321
25040,"Gulf of Maine/Bay of Fundy",5,"Cold Temperate Northwest Atlantic",2,"Temperate Northern Atlantic",22,40,"Temperate",0.00298267054812647,0.131466543813035,0.0573709698712345,0.0363208595488024,0.00966801442298222,0.0033028514014104,0.405411221307645,0,0,0.0186343512084199,0.00433698060020384,0.000696526234521588,0.0157105299950917,0.680818338942718,0.381802460424907,1.74852231307821
25042,"Carolinian",6,"Warm Temperate Northwest Atlantic",2,"Temperate Northern Atlantic",21,42,"Temperate",0.000237525525607404,0.0431074055540103,0.0113146306023709,0.0145834287112043,0.00885112460189905,0.00118352752627658,0.580402027575842,0,0.00178000692474873,0.00108812036794716,0.00831106385735271,0.00106647855031017,0.00442559647825068,0.535777423510318,0.294367723446343,1.50649608412137
25046,"Kamchatka Shelf and Coast",8,"Cold Temperate Northwest Pacific",3,"Temperate Northern Pacific",44,46,"Temperate",6.48674311118587e-05,0.0392941076048448,0.00872765379337801,0.0332781149940755,0.000407049946589477,5.00239509958184e-05,0.476077214562016,0,0,2.46594434729729e-06,7.86707185850005e-05,3.29374448049015e-06,0.00177274107358804,1.06830438728929,0.486176759896574,2.1142373513386
25055,"North American Pacific Fijordland",10,"Cold Temperate Northeast Pacific",3,"Temperate Northern Pacific",52,55,"Temperate",0.000443446614574108,0.0274800786099815,0.0050948889096218,0.0101014344710282,0.000470151484694582,0.000254555532642779,0.324735767782887,0,0,0.000733966715710081,0.00107747259917152,5.93222534598342e-05,0.00477045372568711,0.617097468424544,0.245291004865709,1.23761001320616
25056,"Puget Trough/Georgia Basin",10,"Cold Temperate Northeast Pacific",3,"Temperate Northern Pacific",55,56,"Temperate",0.00369992521215226,0.00682897078759339,0.00147644264362488,0.0080889926423525,0.012037384920464,0.00672816614329807,0.0339924404713435,0,0,9.72599266063295e-05,0.00419416629325616,0.00064908511065613,0.0270264969414062,0.0640379855812761,0.0140351883915057,0.182892504340568
25057,"Oregon, Washington, Vancouver Coast and Shelf",10,"Cold Temperate Northeast Pacific",3,"Temperate Northern Pacific",54,57,"Temperate",0.000319968466281983,0.0241391504001945,0.0044473059159476,0.0373339701233359,0.00328490374974549,0.000901008243543053,0.574464382163083,0,0,0.000996022678703586,0.00324359037457924,0.00106518545557423,0.00620956062239416,1.00333300402027,0.409327979460496,2.06906602454516
25058,"Northern California",10,"Cold Temperate Northeast Pacific",3,"Temperate Northern Pacific",53,58,"Temperate",0.000310555460677352,0.0472119850248508,0.0337721237927716,0.0154051917573207,0.00252991577731474,0.000852460496453927,0.522261063998004,0,0,0.000296552657445499,0.00189965587380457,0.000625243005560097,0.00361259069268582,0.645020509715456,0.38045086835412,1.65424870821365
25059,"Southern California Bight",11,"Warm Temperate Northeast Pacific",3,"Temperate Northern Pacific",58,59,"Temperate",0.000512013441001844,0.0225165544953224,0.00953201305229712,0.0569981405221909,0.00596758425690817,0.000757870334114077,0.733653783036033,0,0.000648511139142927,0.00318264473979377,0.00127379851782279,0.000229949365380372,0.00377230011582808,0.253097511537299,0.477449823510686,1.56959249750289
25080,"Sahelian Upwelling",16,"West African Transition",4,"Tropical Atlantic",76,80,"Tropical",0.000152107593514304,0.0335947556358687,0.041517540947812,0.0328966523364559,0.00382401229511696,0.000218916072578581,0.483853594996997,0,0.00968346125336886,0.00255194609950959,0.00155031078475472,0.000274886463583823,0.00338141316015022,0.817720757028243,0.29153466216631,1.7227550211556
25081,"Gulf of Guinea West",17,"Gulf of Guinea",4,"Tropical Atlantic",81,81,"Tropical",0.000163992430109004,0.0253082977073135,0.0353189977013747,0.0169302539347972,0.00374829666295179,0.000101535489078688,0.608819404054314,0,0.0154965432303198,0.00329983354016097,0.00120996967868788,0.000111018747491708,0.00582723674414002,0.74418182818548,0.371931927198731,1.83244914011718
25085,"Gulf of Guinea South",17,"Gulf of Guinea",4,"Tropical Atlantic",186,85,"Tropical",0.000199949732942325,0.0228363863422696,0.0257370091329354,0.0094873264967841,0.00522345724410002,0.000485420741059754,0.432324801223394,0.00871404509688932,0.0288867067471415,0.00125836420649779,0.000991508674758136,0.000219331508671418,0.00231932757000004,0.294918207415813,0.215161258271017,1.04876309781041
25086,"Angolan",17,"Gulf of Guinea",4,"Tropical Atlantic",186,86,"Temperate",0.000231579824243842,0.0541262521678253,0.0337024068324814,0.0119999423016875,0.00472836704537842,0.000250854399844811,0.508635183496311,0.00103933984069925,2.20116295515004e-05,0.000852704698490749,0.000374038940328943,2.90846138110978e-05,0.0024636154321195,0.331969701789367,0.277502082363285,1.22792716529248
25147,"Fiji Islands",35,"Tropical Southwestern Pacific",6,"Central Indo-Pacific",144,147,"Tropical",0.00253633967558978,0.0136959036070761,0.0113743839102835,0.00841319364603624,0.00118979476084666,0.000258661299621,1.18790813502867,0,0,0.00254156664525693,0.000499848367978711,5.01268981543306e-05,0.00792453586505771,1.50082629635982,0.556299022946606,3.2935178102543
25152,"Hawaii",37,"Hawaii",7,"Eastern Indo-Pacific",158,152,"Tropical",0.000156599422827441,0.00164682090209215,0.00154570052275154,0.00482700428343852,0.000488695801581367,0.000169577305191008,1.17008584839339,0,0.00179000078851151,0.00310060764667761,0.000461342987614369,4.80590228979357e-05,0.000670515219861056,1.51183481016016,0.647916244295432,3.34474183059013
25154,"Gilbert/Ellis Islands",38,"Marshall, Gilbert and Ellis Islands",7,"Eastern Indo-Pacific",148,154,"Tropical",0.000314902468189236,0.0119686981043769,0.0122153854422189,0.0215192354738893,0,2.04275652803776e-05,1.11676189090981,0,0.00012430653430083,0.0240638422019661,0,0,0.00091952310089472,1.68119077079563,0.665307192797468,3.53440617065245
25184,"North Patagonian Gulfs",48,"Magellanic",9,"Temperate South America",179,184,"Temperate",3.39752522561343e-05,0.123427558590745,0.0250986122724318,0.0135595146433041,0.000399915792805903,0.000168947961469841,0.285627794175038,0,2.53504914016297e-06,6.46008475874635e-05,0.000369052678141628,4.54922752238765e-05,0.00235521902757048,0.317159775552453,0.228321669369908,0.996634661478064
25185,"Patagonian Shelf",48,"Magellanic",9,"Temperate South America",180,185,"Temperate",2.35321956786431e-05,0.305018439524671,0.0720761904269652,0.0289716952652396,0.000378149038271088,0.000237407237559483,0.648969627551536,1.05730322112949e-05,5.30944107980345e-05,0.000190366573274401,0.000417770319977599,5.32933952990067e-05,0.00230821149643103,0.940473779299936,0.617476842290344,2.61665896116293
25190,"Namib",50,"Benguela",10,"Temperate Southern Africa",188,190,"Temperate",6.76378423927709e-05,0.0188664239228407,0.0108046134757614,0.0492983014238161,0.00138451269714413,4.97717777803876e-05,0.520577766050868,0,0,0.000187698827594791,0.000128439486841533,1.80091630945887e-05,0.000511544784908773,0.730720049663201,0.329097491985368,1.6617122618073
25195,"Kermadec Island",53,"Northern New Zealand",11,"Temperate Australasia",202,195,"Temperate",3.6635496057509e-07,0.0192967479960762,0.00725576610940252,0.00385028959035345,0,0,1.18026388588058,0,0,0.000634998579906939,0,0,8.26599900277085e-05,1.07908171692165,0.659386026635203,2.94985245807717
25196,"Northeastern New Zealand",53,"Northern New Zealand",11,"Temperate Australasia",203,196,"Temperate",0.000391688746575388,0.029252110558093,0.018251576119244,0.00765013050358235,0.00265474597624805,0.00096701110712594,0.991576580858546,0,0.000285438222878592,0.000763849153516763,0.00607473430357716,0.00111499803321184,0.00925639204870107,0.411398900894156,0.567117915649641,2.0467560727829
25198,"Chatham Island",54,"Southern New Zealand",11,"Temperate Australasia",206,198,"Temperate",4.74358338716888e-06,0.0213435450183648,0.00402253446402673,0.00355753610620121,0.000275373990055113,3.07721913024311e-06,1.03242800836938,0,1.23145997900453e-05,0.000415226105946546,6.89875690445408e-05,2.3286176025638e-06,0.000262853411905859,0.786290765610742,0.70657577426789,2.55526306892014
25199,"Central New Zealand",54,"Southern New Zealand",11,"Temperate Australasia",205,199,"Temperate",0.000428300010202434,0.109821759926293,0.0236716483149679,0.00981884763350886,0.00973300336284026,0.000621037857890973,0.803743458546353,0,0.000528191700577551,0.000372337084078961,0.00813864527667435,0.00157413690624601,0.00770819839422372,0.687047168937821,0.408933417513252,2.07214014939185
25230,"Bounty and Antipodes Islands",62,"Subantarctic New Zealand",12,"Southern Ocean",228,230,"Polar",1.12702688259589e-06,0.0116683015470934,0.00198975277352183,0.00177931067750195,1.09118058554342e-06,0,0.923765319103037,0,0,0.000281599977646326,5.68773972479223e-07,2.47226164823258e-08,0.0001239681993694,0.187969577803694,0.611082772845508,1.7386634091209
