"eez_id","eez_key","eez_nam","sov_id","sov_nam","eez_iso3","demersal_destructive_fishing","demersal_nondest_high_bycatch","demersal_nondest_low_bycatch","global_cumulative_impact_dif.gri","night_lights","oil_rigs","pelagic_high_bycatch","pelagic_low_bycatch","plumes_fert","plumes_pest","population","sst","uv","layer"
0,"AU","Australia",16,"Australia","AUS",-0.00068772419703802,-0.000442439975037401,-0.000375075704326796,0.689970778934903,5.63640101268199e-06,4.06857913441483e-06,-0.000228743195060685,-0.000353189149588867,-4.13482248966249e-05,-4.67093372488757e-06,0.000127750158404064,0.691448142451453,0.000518371181778976,0.693525505251503
1,"CC","Cocos Islands",16,"Australia","CCK",0.00019976838513655,0.000426635854006065,0.00043107813812826,0.35195247607058,-3.120053542871e-06,0,0,0.000492766580387506,0,0,3.2497206329087e-06,0.34056313092369,0.00983895905163923,0.34056313092369
2,"CX","Christmas Island",16,"Australia","CXR",2.64918857700258e-05,2.5706287848977e-05,-2.5655116856266e-05,1.15058153521737,1.72906607027956e-05,0,-8.8986765141392e-07,3.06631834591924e-05,0,0,0.000104656308384583,1.05726267075187,0.0931405837216502,1.05730463872087
3,"NF","Norfolk Island",16,"Australia","NFK",-0.00765189301393861,-0.00446956730292642,-0.00131106582046453,0.653725199415762,3.18666758083497e-07,0,0,-0.000484283305297218,0,0,-6.50228676167812e-06,0.696318538417448,-0.0286703403279798,0.696349457113057
4,"AU-XMQ","Macquarie Island",16,"Australia","AUS",-4.11160818055947e-05,-5.33184443566927e-07,-2.87485107956241e-06,-0.256398982017578,0,0,0,-2.74580671278477e-06,3.03850550857162e-06,2.42899781333278e-07,1.27054305526594e-05,-0.270014481718318,0.0136467780808568,-0.270031352506366
5,"NC","New Caledonia",179,"France","NCL",-0.00327360156116033,-0.00192507249654595,-0.00354199210282776,0.982686333217757,8.62481644122125e-06,0,0,-0.00409660742124043,-4.100240884047e-05,-1.00654123036053e-05,2.26208373289415e-05,0.978474572032957,0.0170688594735676,0.979132240322168
6,"VU","Vanuatu",6,"Vanuatu","VUT",-0.00272202729366534,-0.00217890231755426,-0.00393187835582873,0.470907511401291,3.46809529747093e-06,0,0,-0.00609733430542798,1.21601348601749e-05,-5.30469114217093e-07,5.01495440792084e-05,0.488190833754012,-0.00241842494135093,0.489211790318619
7,"SB","Solomon Islands",7,"Solomon Islands","SLB",-0.00755254979839862,-0.00604519999556222,-0.0350400041151263,0.230935522949784,-1.0364707780182e-06,0,-0.000896668450605773,-0.0554153016099572,2.45821648114015e-05,2.20113142187091e-06,8.47944357805572e-05,0.343369366250022,-0.00759466128728201,0.34383205278488
8,"PW","Palau",8,"Palau","PLW",3.5842812438277e-05,0.000126041683026673,0.000114976694749978,0.939102535645689,-1.56898718285743e-05,0,4.68069602602981e-06,0.000152813313893075,-1.08568751970296e-07,-2.43800857919281e-07,-5.08151459291753e-05,0.949760400789659,-0.0110253643759563,0.949834056396067
9,"FM","Micronesia",9,"Micronesia","FSM",-0.000153541485520737,-0.000471292398120801,-0.000667333608686177,0.437298024840057,-3.20072905182903e-06,0,0,-0.00105459988486963,0,0,2.15318964002146e-05,0.431135392556832,0.0084910644056552,0.431149644371386
10,"NR","Nauru",10,"Nauru","NRU",-0.00146164152856001,-0.00933599035849836,-0.0142317185795622,-0.366689195440027,2.68887230947077e-07,0,-2.54476487051904e-05,-0.014746665237821,0,0,-3.30333637325531e-06,-0.352246649568298,0.0253619495246032,-0.352253582485161
11,"MH","Marshall Islands",11,"Marshall Islands","MHL",-0.00135823668467723,-0.00402715566884745,-0.0069206458105792,-0.15420576094131,-5.78635982205833e-06,0,0,-0.0114532384141231,0,0,2.30246536234274e-05,-0.135106358249137,0.0046426374864856,-0.135106358249137
12,"UM-79","Wake Island",163,"United States","UMI",-0.00126981466129051,-0.00395562691694075,-0.00454180555590681,0.168314127023281,-2.97607177963667e-06,0,0,-0.00785742521686365,0,0,0,0.13630699467173,0.0496347787595237,0.13630699467173
13,"MP","Northern Mariana Islands and Guam",163,"United States","MNP",0.00304673901029356,0.0091936001685237,0.0147417226194368,0.43487086866765,-2.07986458590215e-05,0,0,0.0229284725694299,0,0,-2.02378378223297e-05,0.378889045132192,0.00611232731920085,0.378979923541932
14,"TW","Taiwan",14,"Taiwan","TWN",-0.0170155194930402,-0.0155956853435908,-0.00797569356066441,0.46572666624347,-9.48489050538278e-05,6.19900696219359e-06,-0.000367897527647574,-0.00203000030563944,0.000459406422023153,3.2211355929257e-05,2.89513959728753e-06,0.499383889404655,0.00892170461873231,0.500465049762428
15,"PH","Philippines",15,"Philippines","PHL",0.00032261937770266,-8.61949233303877e-05,-0.00041261271513591,0.897965885989062,-7.32859626128106e-05,3.49724743909151e-07,-8.59492926735361e-05,-0.00056023812732185,-0.000999799813541872,-9.38533967647549e-05,0.000576973289300256,0.932023452424956,-0.0326455760897056,0.937118785171833
17,"PG","Papua New Guinea",17,"Papua New Guinea","PNG",0.00231133110561161,0.00208270190971316,0.010411298898512,0.984798374294109,-9.49311961258948e-07,0,2.30056498299563e-05,0.0164125420520838,-0.000167330776108989,-7.34481210418956e-06,0.0001862736222929,0.979846285318339,-0.026299444301723,0.982472343834557
18,"FJ","Fiji",18,"Fiji","FJI",-0.0076616886728009,-0.00834662824253401,-0.00704665972597361,0.266222077045478,-2.0599381469791e-05,0,-0.000189014899462,-0.0061203582827157,-6.52417307816277e-05,-3.5442602610254e-06,-6.84036035042332e-05,0.316197129385674,-0.0204529120927687,0.316694563345664
19,"TV","Tuvalu",19,"Tuvalu","TUV",-0.000636901387482695,-0.00199415384130247,-0.0029854139135731,0.101772413109692,-4.6024695541268e-06,0,0,-0.00437898626429817,0,0,-3.67718258278107e-05,0.128528317543076,-0.0167190758130911,0.128680355272917
20,"KR","South Korea",20,"South Korea","KOR",-0.0196885036766181,-0.0192235812195959,-0.00867892982729885,0.130598902875736,-0.000220984836591127,0,0,-0.000394560110028206,-0.00254062870359219,-6.42172618702753e-05,-0.00030620298123219,0.134655455762083,0.0470610524617623,0.135771240625013
21,"KP","North Korea",21,"North Korea","PRK",-0.0209001042173888,-0.0182357976490764,-0.00877528821300584,-0.0310644825754558,-0.000168889326108394,0,0,-0.0031716061898747,-3.24530415061065e-05,2.29104688073496e-05,0.000296419953741804,0.0385789505473751,-0.0186786256240647,0.0389479123353604
22,"XD-PF","Paracel Islands",22,"Disputed","-",-0.0103475115901255,-0.0149894830370194,-0.00668163325881128,0.697301652550515,2.24690599027298e-07,0,-0.000136859077244608,-0.00194292040327422,0,0,0,0.733814302857813,-0.00241447354378413,0.733814302857813
23,"XD-PG","Spratly Islands",23,"Disputed","-",-0.0121261577460828,-0.0200741743802645,-0.00982707357517512,0.772626142056875,-1.64605819841071e-06,0,-0.0029794503330055,-0.00694528340110799,0,0,0,0.81818406892178,0.00639584740538342,0.81818406892178
24,"KH","Cambodia",24,"Cambodia","KHM",-0.109201614716028,-0.102904783201683,-0.0443730849279398,0.0655318988556557,-6.30585891641822e-05,0,-7.20374502027785e-06,-0.00198076662336355,0.000806494737602146,5.52769547931621e-05,-0.00036663024748889,0.297839258369558,0.025728003235383,0.300661754706179
25,"TH","Thailand",25,"Thailand","THA",-0.0972559418561627,-0.0802526311916571,-0.0400744534253832,0.496365849688427,-0.000321455478155796,-6.41716720570871e-05,-0.000923464464899799,-0.00271418723780376,-0.00156049162229358,-0.000684317438831897,0.000634004296420275,0.717012389022811,0.00257056929746227,0.722109840349511
26,"IN-XAN","Andaman and Nicobar",203,"India","IND",0.00200893355478296,0.00222108009239786,0.00114743170786083,0.507753106981114,-2.76404336535048e-06,0,0.000548237345104796,0.000411521153433557,0.000283757067596158,-1.71860492060569e-06,-0.000122875517920965,0.499519107928932,0.00174040055432971,0.5002441976957
27,"XD-KU","Southern Kuriles",0,"Disputed","-",-0.00942501269467628,-0.00691588397009168,-0.00764682385922621,0.150034141111202,8.04400205366471e-06,0,0,-0.00187459809106687,0.000220671134025086,3.25370575727724e-05,-7.9647728230757e-06,0.119788039645547,0.055855133051833,0.120146188920026
28,"KM","Comoro Islands",28,"Comoro Islands","COM",-0.0043194832752512,-0.00378964477690796,-0.00484845490917135,1.70341576324139,-8.47165268376047e-05,0,-0.00157865454479004,-0.00466117351512732,-4.1919116181676e-05,-1.93678836263419e-05,2.49106697109322e-05,1.70415837591138,0.0185758798075498,1.7070892632882
29,"YT","Mayotte",179,"France","MYT",-0.005116164680816,-0.00230655678660789,-0.011208749449449,1.60795390942273,0.000114906339808343,0,-0.00151151658641969,-0.015624898553525,0,0,1.06382267962192e-05,1.63133459810905,0.012261635255343,1.63424025448676
30,"TF-XGO","Glorioso Islands",179,"France","ATF",-0.00235442559402848,-0.000365325608693116,-0.00690224196992653,1.71013695180479,0,0,0,-0.00993411777370204,0,0,0,1.6930858842809,0.036607163589798,1.6930858842809
31,"SC","Seychelles",31,"Seychelles","SYC",-0.00194852371666117,-0.000896058583584715,-0.00694412644487757,1.35154963798103,-7.66023520438624e-06,0,-0.00532929244618299,-0.00998580737623998,9.32012787775749e-07,1.88622908560088e-07,-7.73788823382862e-07,1.3578857264484,0.0187750396434658,1.35801399252524
32,"RE","RŽunion",179,"France","REU",-0.000977759490623842,-0.00113928377092632,-0.00482595084232435,1.56057712092898,-5.0955007674056e-06,0,0,-0.00683319439079513,0,0,7.54083492443005e-06,1.54981085974624,0.024539995762096,1.55025988319839
33,"TF-XJU","Juan de Nova Island",179,"France","ATF",-0.0010481029413706,-0.000586763616029868,-0.00312854441518958,1.71970238613469,0,0,0,-0.00434879507483338,0,0,0,1.67817842832859,0.0506361548655428,1.67817842832859
34,"TF-XBS","Bassas da India",179,"France","ATF",-6.62984589128459e-07,-9.7908696959929e-05,-0.00206805310714188,0.87239283049796,0,0,0,-0.0029294021944829,0,0,0,0.793271315963332,0.0842175397483567,0.793271315963332
35,"TF-XEU","Ile Europa",179,"France","ATF",-0.000272046562677707,-0.000438265392701567,-0.00245549339731964,0.581656573733586,0,0,-0.00345502136675713,-0.00346896015315853,0,0,0,0.501921766200545,0.0898245913662216,0.501963641869342
36,"TF-XTE","Ile Tromelin",179,"France","ATF",-0.000162486540040036,-0.000504443384150177,-0.00563297190622611,1.64815100573521,0,0,0,-0.00811771165853212,0,0,0,1.68793725777309,-0.0253686573087328,1.68793725777309
37,"MU","Mauritius",37,"Mauritius","MUS",-0.00555112641759277,-0.00373210206258894,-0.00947381462363494,1.20930197681279,-2.21061943831621e-06,0,-0.000339606736754511,-0.0132201723626069,-8.07417128385765e-05,1.91842886120424e-06,3.35942574319757e-06,1.25941839284675,-0.0177219233370394,1.25952237807598
38,"IO","British Indian Ocean Territory",180,"United Kingdom","IOT",-0.00108593169902225,-0.000955141871578285,-0.00471686655016527,0.757829669854146,-2.16712423628793e-05,0,-8.96453937395769e-06,-0.00731488499433461,0,0,0,0.796891772463993,-0.0249586515833041,0.796891772463993
39,"MV","Maldives",39,"Maldives","MDV",-0.00952487792605043,-0.00226651510969621,-0.0140867127656806,0.719632119866205,6.85200391774003e-05,0,-9.90551484165302e-05,-0.0223657034456097,0,0,3.19343508225203e-06,0.741167885617822,0.0267353816212993,0.741167885617822
40,"LK","Sri Lanka",40,"Sri Lanka","LKA",-0.000175226676477181,-0.000195457796212,-0.000174530252220643,0.72819225414538,-3.5573369498814e-05,0,-0.00415632508999599,-0.000154481478492175,0.00063934221840026,-0.000120535462054732,9.72611386610068e-06,0.757995653454818,-0.0254403397820466,0.75952770583969
41,"MZ","Mozambique",41,"Mozambique","MOZ",-0.0123662760877863,-0.00163205769021224,-0.00158241527015708,1.03611728534977,7.31838512329645e-06,0,-0.00056395561248156,-0.000721602024947699,0.00146499658394584,-1.9420100070323e-05,2.10363086686062e-05,1.00422060395371,0.0472890539521602,1.00937692430679
42,"MG","Madagascar",42,"Madagascar","MDG",-0.0251110929488871,-0.0076001426304823,-0.00860177084579318,1.11435192576362,-6.30604832072953e-06,0,-0.00049150637476512,-0.00618406121295954,4.15751079188844e-05,5.3375329097027e-06,0.000137755829091394,1.15004160336389,0.0121205296133002,1.15382653538468
43,"KE","Kenya",43,"Kenya","KEN",-0.0144190115197149,-0.00661833717876489,-0.00458984975419968,0.927655631058644,-9.13191678540145e-05,0,-0.0105108261636551,-0.00224358219285027,0.000253339771876876,0.000155415420994477,0.000158589702184258,0.999959359578053,-0.0343981412000804,1.00549161716205
44,"SO","Somalia",44,"Somalia","SOM",-0.00744112367772754,-0.00290450667425993,-0.00231333067439255,0.576515432699976,-1.07000039235652e-06,0,-0.00222634070155646,-0.00181366783201265,0.000255278340780937,5.54324712712731e-05,0.000361078339599891,0.598336673914895,-0.0057929861402234,0.599966543935715
45,"ER","Eritrea",45,"Eritrea","ERI",-0.00396161194702664,-0.00260766560206268,-0.00121504509758512,-0.0431711251301155,1.83075339951476e-05,0,-1.47241730279348e-06,-0.000149766069522274,6.42362962001994e-05,3.36004083517834e-06,-0.00182693873190186,-0.0109830965172502,-0.0225114358129917,-0.0111621313194122
46,"DJ","Djibouti",46,"Djibouti","DJI",0.00386011426599814,0.0017442654209492,0.00110000864322056,0.135464764512062,0.0010601156674769,0,0.00612829926675742,0.000150226838643728,0.000534077999382919,-4.02307789938891e-07,0.00697302222033659,0.0263531427274659,0.0875619124232512,0.0269562190308043
47,"YE","Yemen",47,"Yemen","YEM",-0.00196590154887068,-0.000822818477416481,-0.00100954802139726,0.502853355970447,4.57684276717787e-05,0,-0.00188298232741443,-0.000554087541052442,0.000810646498037415,-0.000157006256158874,0.000255062309959242,0.554267755250813,-0.0461335294606598,0.555813710903916
48,"OM","Oman",48,"Oman","OMN",-0.00211456401338383,-0.00112119208676252,-0.00125797798561285,0.258589611907323,9.56324601509509e-05,-1.2253929121289e-05,-0.00131845554901741,-0.000524211647321293,-0.000400121856975294,-9.79080969649713e-05,0.000308002432221625,0.277311274984516,-0.0122786131913751,0.278231089724484
49,"SD","Sudan",49,"Sudan","SDN",-0.0370489416541366,-0.0120498881488093,-0.00577753817710744,0.0982998114921558,4.0778008079526e-05,0,-0.000412913818989808,-0.000211218349843798,0.00037623531137814,2.05552857245228e-05,0.00117457901802286,0.0647066560179044,0.0874815032848031,0.0652637377018035
50,"SA","Saudi Arabia",50,"Saudi Arabia","SAU",-0.0181088139008841,-0.0164093906220053,-0.0100455746564788,0.0346964798865362,0.000326572487615583,-0.000275703231523403,-0.00296598606320179,-0.000472460631204554,-0.00358487006570365,-0.00051179546332647,-0.00013233937079992,0.0828918992645014,0.00398494294986246,0.0839367395457924
51,"KW","Kuwait",51,"Kuwait","KWT",-0.038043767618431,-0.0279550307312016,-0.013403314579042,-0.0455445277465737,-0.00193419808045864,0.000259105715131774,-0.0101180821924853,-0.000900205955868743,-0.0181937713273298,-0.00465857841856626,0.00171068051390334,0.0658158292701021,0.00187680740124522,0.0673564525027975
52,"BH","Bahrain",52,"Bahrain","BHR",-0.00294278397712882,-0.00235303926773932,-0.00117498836384178,0.00413929188381071,5.45934176166749e-05,-0.000457665910709914,-0.00101508058317739,-4.72348273701932e-05,-0.00984668715269775,8.6081405633459e-05,0.00499499298512799,0.0146034911956885,0.00223761218977193,0.0149367481627054
53,"PK","Pakistan",53,"Pakistan","PAK",-0.0302637416226185,-0.0183817994734393,-0.0114327837058907,0.38501857871059,1.31075236188975e-05,0,0,-0.00108028650723634,0.00160611623236654,0.000345320977445733,0.000215162500377439,0.430001756470171,0.0139957221553279,0.432134264135344
54,"AE","United Arab Emirates",54,"United Arab Emirates","ARE",-0.068348630238169,-0.0687066893065019,-0.038272202291813,-0.229557677674815,-0.000162891632501829,-5.67196592753036e-05,-0.0486318555612939,-0.0017458371357317,0.00372554268676673,0.000601302557718359,0.00292035734777885,-0.00901473850011343,-0.00186531853592386,-0.00910876811243654
55,"PT-20","Azores",183,"Portugal","PRT",-0.00152090619110547,-0.000202144000655037,-0.000544879267652384,0.0822505564689328,1.58339406845354e-06,0,0,-0.000418867601898647,-1.63888212140411e-05,-8.42915335355398e-06,-2.19235321935188e-05,0.0819595820392934,0.00302293057636699,0.0819965945773411
56,"CV","Cape Verde",56,"Cape Verde","CPV",-0.00121835911619735,-0.000491117941346621,-0.00283119014310732,0.222078464692997,-6.36773628326308e-06,0,-8.7823345038467e-08,-0.00321627753763981,8.13333595914903e-06,-1.20539834940782e-06,6.02328240660181e-06,0.215068895602109,0.0147600196910983,0.215209004408687
57,"PT-30","Madeira",183,"Portugal","PRT",-0.00015181931936324,-0.000265142828076568,-0.00116586730192611,0.154432159229842,-2.37476052479749e-06,0,0,-0.000467976145963498,-9.77655208758727e-05,-3.22670771301829e-05,1.15537914485502e-07,0.135536588224342,0.0210786679080724,0.135571184256289
58,"ES-CN","Canary Islands",182,"Spain","ESP",-0.000650300660281549,-0.000870632561262638,-0.000859471300898838,0.143912148896215,-3.03826328876969e-05,0,-2.20952214403462e-05,-0.00038979826245069,-0.000647739544801661,-3.96581908050946e-05,8.71881555024523e-05,0.123233981480048,0.0241010564150383,0.123480240321227
59,"BE","Belgium",59,"Belgium","BEL",-0.0477906959486935,-0.0439573628314584,-0.0158091564517346,-0.0258735986391151,0.000116609396735576,0,0,-0.0016361427862508,-0.00355441128480547,0.00063722036130456,0.000257904392428103,0.0960179537421683,-0.0101555168854753,0.0982030015645916
60,"GI","Gibraltar",180,"United Kingdom","GIB",-0.0213077340162162,-0.0179760523065172,-0.0151303327294311,-0.305219383673234,0.00028684837649567,0,0,-0.00419438293561189,-0.0104345481285098,-0.00134633067809222,0.00065436020041957,0.23410728393179,-0.469878475051938,0.235534767370398
61,"TN","Tunisia",61,"Tunisia","TUN",-0.0938269725971768,-0.0968488694318966,-0.0496124231784173,-0.0438485662307887,-6.74513990538204e-05,-0.00025139446672111,0,-0.0128404557832523,-0.000242307253017249,-0.000561915932223185,0.00021029191174236,0.226889801424997,-0.0166968795501306,0.228431010033315
62,"MA","Morocco",62,"Morocco","MAR",-0.00446543864159908,-0.00545516156134553,-0.00624581139368144,0.360715101955592,-1.98124600033513e-05,0,-6.85515856178771e-07,-0.000632911618932585,-0.00119422882978484,-0.00169497298952408,-5.8444008497824e-05,0.38667828407627,-0.00619571623435772,0.387558471199139
63,"EH","Western Sahara",62,"Morocco","ESH",0.00510979620758849,0.00804616230322946,0.00625926053418575,0.385696306673295,7.50874026076981e-06,0,0.000123810487810808,0.000712716040468224,1.18705342173602e-07,1.09413161221261e-08,-2.23381949326064e-06,0.325584341334924,0.0398548157344387,0.326399664997512
64,"MR","Mauritania",64,"Mauritania","MRT",-0.00521607745972485,-0.00618979669892799,-0.00333013459961331,0.178889948966407,2.81228960603798e-07,0.000357746446894975,-0.000728247051116838,-0.000400507404046316,-0.000137696846547196,-3.51459138002801e-06,0.000162567118902649,0.178404988086097,0.0159703381318805,0.179377131196241
65,"GM","Gambia",65,"Gambia","GMB",-0.0168656825142998,-0.0151476396057477,-0.0139466139789475,0.0277208004883829,0.000204673333542483,0,-0.0154521438309151,-0.00172757812474265,-0.00178159639982293,-0.0011746282630471,6.79732385510189e-05,0.137836050893521,-0.044292013637292,0.13791157158515
66,"SN","Senegal",66,"Senegal","SEN",-0.0155544451573235,-0.0141692547584188,-0.0127674358977382,0.0910861892838944,1.38685757371089e-05,0,-0.00962810556772464,-0.00230709684667773,-0.000895677343901346,-0.000112249610061538,7.30916799337575e-05,0.166005144808344,-0.0195716549188108,0.166305588260191
67,"LY","Libya",67,"Libya","LBY",-0.0175048437227713,-0.0357656771157456,-0.0110498364732415,-0.0811856183915216,-3.26822718646081e-05,3.19677165176439e-05,-0.000248623732059168,-0.00272957340233821,3.48473155500445e-05,-4.15471457841095e-06,0.000446728214027841,0.00629561277282246,-0.0206593804000138,0.00630634756066337
68,"MT","Malta",68,"Malta","MLT",0.0136710340255368,0.0141276007849544,0.00818336061593147,0.408766383023605,-1.53331368297412e-06,0,0,0.00420029093434404,-0.000265319164164663,0.000212235548345817,4.44236074989391e-05,0.377608973351007,-0.0090146849153297,0.377857591132211
69,"LV","Latvia",69,"Latvia","LVA",-0.00220087668259017,-0.0206067315383365,-0.0157313090095587,0.0915076400844317,-0.000145828950381204,0,0,-0.0144724527153152,0.00125584409659892,0.00262206752430117,-0.000286682060228781,0.224485306938911,-0.0834116876629281,0.22684317257708
70,"EE","Estonia",70,"Estonia","EST",-0.0034202664248566,-0.0343906381542653,-0.0319170407575247,-0.0621472477436339,0.000254983656480407,0,0,-0.0176813325884269,-0.000809353105406059,0.000304348234448854,-0.00323535513102239,0.0662697064489551,-0.0375223026280239,0.0677739245369992
71,"BG","Bulgaria",71,"Bulgaria","BGR",-0.0164172854389607,-0.00896884589447183,-0.0341698673809799,0.326642255716276,0.000107213124223696,0,0,-0.00288179013561972,0.00222169600393275,0.0009424619174265,-4.79760574893666e-05,0.292465288727399,0.0933913491961371,0.293606074471298
72,"RO","Romania",72,"Romania","ROU",-0.00112416148112461,-0.00231049764710655,-0.0105645065453992,0.0997668800039918,-8.54785287303269e-05,-0.0016849706634572,0,-3.95669476424872e-05,2.09650730128548e-05,0.000132848908315609,-0.000131740922432511,0.254160324355543,-0.138606330846079,0.255265418995705
73,"RU","Russia",73,"Russia","RUS",0.000511162047375332,-0.0084463798482061,0.00219398322133841,0.0986139139654602,2.17576267741215e-05,-2.41115380692051e-06,-1.68922091441932e-06,-0.000225477898908727,0.000145077484427955,3.0849737379929e-05,-9.00598720582643e-05,0.089314059620309,0.0151630427216994,0.101376636897066
74,"GE","Georgia",74,"Georgia","GEO",-0.0149116826448119,-0.0131152315660096,-0.0343458628979495,0.186420905490747,0.000910689728871637,0,-0.000877429758054171,-0.00366705690465769,-0.000737710529258018,6.11097567868022e-05,9.79630581767169e-05,0.194646462172534,0.0583596554040428,0.196214806455857
75,"UA","Ukraine",75,"Ukraine","UKR",-0.00556573773328642,-0.00545497306674633,-0.0416589176276184,0.153369353537592,-0.000146331401071054,0,-0.000391931056455873,-0.000352930007716012,0.00846581851655344,0.00419685102949583,-0.00097052681844956,0.206709830920477,-0.0114617987739294,0.208755141203078
76,"TR","Turkey",76,"Turkey","TUR",-0.0180412541127792,-0.0175142462755642,-0.0485202299997527,0.0934456632549325,0.00020613164639072,0,3.79964435141908e-05,-0.00655074481295268,-0.000482716060839429,0.00132265509411489,0.000472202631951954,0.234437662806288,-0.05192179418981,0.238410677216201
77,"SY","Syria",77,"Syria","SYR",-0.00177089183695276,-0.00207486685510571,-0.00100956172623709,0.0538223181100908,-0.000474417256470778,0,-0.000122135669653493,-0.000526001544849191,0.00164534308235703,0.00170181431011419,0.000325539668092137,0.0589108694076216,-0.00278334994947962,0.0601719739059461
78,"LB","Lebanon",78,"Lebanon","LBN",0.00563369797258261,0.00937210991394199,0.00622003859162587,0.215615603493544,-0.000274480553786176,0,0.00156372136041296,0.00270196255903029,0.000518222927707961,0.000836637047274807,0.000150868184072623,0.0876555832841719,0.101237188012068,0.088366995550476
79,"IL","Israel",79,"Israel","ISR",-0.0233623935792732,-0.0330961467644565,-0.0127972696430689,0.0650110235494726,-7.39284534080356e-05,0,-0.0112059529132557,-0.00167569390605112,0.000197116376409908,0.0012017877998735,0.000205903761994605,0.202653926581962,-0.0570363313029794,0.203939947900488
80,"GR","Greece",80,"Greece","GRC",0.0325916308436147,0.0213477208640483,0.0227791300300025,0.0472093222296634,-0.000346234449411617,0,0,0.00781068053983476,-0.00241959567868721,-0.000347370222717672,-0.000173833064062327,-0.0117677292078534,-0.0222650729120042,-0.0119075675998539
81,"CY","Cyprus",81,"Cyprus","CYP",-0.00104044850465353,-0.00081938757048426,-0.000661453181982846,0.0884273700037391,4.96549561521103e-05,0,-4.35292826895608e-05,-0.000261952523722091,-1.58147117267406e-05,-0.000452497434945791,0.00060665940813844,0.118622529367574,-0.0275563918274541,0.119287872691294
82,"AL","Albania",82,"Albania","ALB",-0.00583605232299884,-0.00435926747821581,-0.00214516384299862,-0.377313525590254,0.000737122156754425,0,0,-0.00024895718523567,-0.00794679150874302,-0.00103525480590084,-0.00125715144496708,-0.243484006196493,-0.111738007666515,-0.248063078534194
84,"DZ","Algeria",84,"Algeria","DZA",-0.0140707935327237,-0.0347860066304328,-0.0250124200171391,0.22863588434489,0.000145403134828183,0,0,-0.00412289391035183,-0.00196066114304683,-0.000219710097216706,0.00028470329937001,0.303672745412012,0.00470551876385375,0.304570043336954
85,"SH-AC","Ascension",180,"United Kingdom","ASC",-1.21448920282556e-05,-6.85103115471186e-06,-0.000165230735159742,1.34846956272067,-4.27029795720935e-06,0,0,-0.000230124116722726,0,0,4.97161221695359e-06,1.36632176834837,-0.017438553178464,1.36645867648907
86,"SH-HL","Saint Helena",180,"United Kingdom","SHN",-0.000125760293371665,-3.19966454907762e-05,-0.000400046947731326,1.0852688008917,-1.3989435021373e-06,0,-2.86834082063849e-05,-0.000241656287266325,0,0,7.58327565082206e-07,1.0950181531702,-0.00892056503878009,1.09502670185515
87,"BR-XTR","Trindade",171,"Brazil","BRA",-0.000170257482661527,-0.000253187775348874,-0.000196916921034123,0.785689535070278,0,0,-0.000384549260677739,-0.000300188080336985,0,0,0,0.790782459379802,-0.00378782770006316,0.790782459379802
88,"SH-TA","Tristan da Cunha",180,"United Kingdom","TAA",-6.7785901578272e-07,-2.16296372789242e-05,-7.91980618737242e-06,0.6149650782347,-5.58327080164054e-07,0,0,-1.12733752012409e-05,0,0,-2.04450600980046e-05,0.623910735452402,-0.00888314908336833,0.623940294089526
89,"GS","South Georgia and the South Sandwich Islands",180,"United Kingdom","SGS",-0.00189612392137288,-5.15584502819662e-07,-0.00253693404724204,0.473884586093797,-3.24047727495171e-07,0,0,-9.88715818877566e-05,0,0,0,0.461326989000524,0.0170903694723971,0.461431256098928
90,"ZA-XPE","Prince Edward Islands",102,"South Africa","ZAF",-0.00308594551002203,-8.6277831562325e-05,-3.16267677801897e-05,-0.0769836422852724,0,0,0,-0.000100335838262325,-2.70919351635458e-05,-4.33730252592897e-06,0,-0.0502181983952561,-0.0234298268889602,-0.0502197741356775
91,"TF-XCR","Crozet Islands",179,"France","ATF",-0.000930649164720185,-6.62681091788953e-05,-3.06146915311155e-05,-0.513154744280779,-6.28408678479046e-08,0,0,-4.60419086280711e-05,0,0,0,-0.498424530254635,-0.0136565766159878,-0.498578415055141
92,"TF-XAM","Amsterdam Island and Saint Paul Island",179,"France","ATF",-0.000300042965187805,-0.000354929039142827,-0.000207515832722949,0.437121465394743,-3.44114673941283e-08,0,0,-0.00032594082497573,0,0,0,0.432627438822371,0.00568248814123414,0.432638555016112
93,"TF-XKE","Kerguelen Islands",179,"France","ATF",0.00111979081805721,6.35073490636516e-06,1.63241631548109e-06,-0.0289166582092616,-2.10374332153099e-06,0,0,6.63441949805713e-06,0,0,0,-0.0375896290109839,0.00754066519024178,-0.0376295979830396
94,"HM","Heard and McDonald Islands",16,"Australia","HMD",-0.00953036860445599,0,-2.22206336103538e-06,0.163814674087049,-7.66027291903442e-07,0,0,-0.000987835682266894,0,0,0,0.154732851129043,0.0196030158504944,0.154764032272412
95,"FK","Falkland Islands",180,"United Kingdom","FLK",-0.0645411102616179,-0.00569472501570057,-0.00333477829740668,-0.129515396638456,5.81379937496384e-06,0,-5.64894584171214e-07,-3.33548823300378e-05,0,0,5.1126134209347e-05,-0.0870107875094858,0.0310429850664505,-0.0871346480606937
96,"SL","Sierra Leone",96,"Sierra Leone","SLE",0.0238726573646935,0.0255980840558366,0.0136413410447588,0.715099206889705,-2.7370305781308e-06,0,0.00876184386163584,0.003331411477408,0.000440206714180608,8.05608856031704e-05,-4.46528001024343e-05,0.593530588790367,0.0458898982359968,0.595734684601597
97,"LR","Liberia",97,"Liberia","LBR",-0.00344586373510044,-0.00419097065619511,-0.00230713946335325,0.642577264484875,2.66764171540021e-05,0,-0.010575294120609,-0.00110646168031575,0.000484810332413261,5.35927417003777e-05,0.000148324156424904,0.687744514917215,-0.0242549338883369,0.689614307380364
98,"TG","Togo",98,"Togo","TGO",-0.00121570666330964,-0.000761312229833189,-0.000584982613026719,0.519424754232042,0.000265036780980989,0,-0.00287167660688831,-0.000491847903296217,-0.00168355944396994,-7.70176290265408e-05,0.000154511279057076,0.577620502680515,-0.0509291965639052,0.579772032291493
99,"BJ","Benin",99,"Benin","BEN",0.00278660166681047,0.00233307313562929,0.00137221790852821,0.66936538612542,0.000268500607153101,0,0.00444197987426909,0.00141950634116381,0.000261485057067675,0.000265563450217331,0.000112539004415126,0.72002538837685,-0.0639214698425399,0.723866575782402
100,"CG","RŽpublique du Congo",100,"RŽpublique du Congo","COG",0.00559091980219539,0.00817952663841355,0.00247521441363222,0.856604569558877,2.27560567693198e-05,-0.000607006244645971,0.0180749001418298,0.000247236761653294,0.000163670493729659,2.98570594577266e-05,0.000152422614398963,0.832547481500448,-0.0102724220614772,0.836120072446681
101,"NM","Namibia",101,"Namibia","NAM",-0.00945758902106392,-0.00397954543057902,-0.0340875278817633,-0.0124374187667188,1.76367590425906e-06,0,0,-0.000171926694264655,-1.37912230483327e-05,-1.03081329262144e-05,3.57684232842031e-06,0.0560522671941605,-0.0207743368143022,0.0561636147049866
102,"ZA","South Africa",102,"South Africa","ZAF",-0.00546320443855655,-0.00144486337207356,-0.0116045406443427,0.132199451099145,-1.35756942221721e-05,-2.75413668653879e-05,-0.000307956136804991,-0.000567943810247869,5.40003089763937e-05,4.62337630922228e-05,6.76747229592857e-05,0.103406599484327,0.0480545681273386,0.103600303252141
103,"ST","Sao Tome and Principe",103,"Sao Tome and Principe","STP",0.000514237516423223,0.000368535627164408,0.000644107224745604,1.24797736721386,-7.99447590740509e-06,0,0.0068987636975991,0.000460388759174641,-0.000114686135801456,-2.33846911845935e-05,-9.08250215381208e-05,1.25412844891038,-0.0148002270234509,1.25530233671622
104,"GQ","Equatorial Guinea",104,"Equatorial Guinea","GNQ",-0.000215214370853384,-0.000364064907528293,-0.000330736820739535,0.967582119661193,5.01501278666451e-05,0.000985908077827263,-0.000650418099148019,-0.000262957325481602,0.000129503254864003,1.33401541983559e-05,7.50537424363103e-05,0.973958868827308,-0.00580730546896259,0.974778918735775
105,"BV","Bouvet Island",223,"Norway","BVT",0,0,0,0.510173130778537,0,0,0,0,0,0,0,0.521842888973653,-0.0116697477878679,0.52184702966373
106,"GH","Ghana",106,"Ghana","GHA",-0.00671709628923413,-0.00429259922922917,-0.00554191029639726,1.01879365680389,9.76776591360893e-06,0,-0.0255844486363709,-0.00134659130134868,0.00100997879429361,0.000148313919654046,9.07650913702603e-05,1.06108206489252,-6.45948719472931e-05,1.06378887204888
107,"CP","Clipperton Island",179,"France","CPT",-0.000191258845049499,-0.00168539205864442,-0.00103020161750929,1.17905357248061,0,0,-0.00536390864923086,-0.0015595898685237,0,0,0,1.1807593062273,0.00812462299292365,1.1807593062273
108,"BM","Bermuda",180,"United Kingdom","BMU",-0.000229792771934874,-0.000295892671339259,-0.0011766403464239,-0.363736568304754,-2.09965174543781e-06,0,-0.000282481520295344,-0.000443524581296855,0,0,2.06674492126699e-06,-0.350326909980744,-0.0109812921922077,-0.350334360703969
109,"EC-XGL","Galapagos Islands",137,"Ecuador","ECU",0.00150715256750585,0.00141739715346612,0.00256963478242682,1.02670119179279,3.97488931542392e-06,0,0.000373889663661085,0.00206604954895856,0.000266518991229684,4.34759775868417e-05,-0.000499694175680603,1.02866747866995,-0.00971467408432692,1.02935168260729
110,"BS","Bahamas",110,"Bahamas","BHS",-0.00284054901953167,-0.00870165306829357,-0.0017851163522373,0.0876974894232111,-7.84291704136187e-05,0,-0.000757893288514715,-0.000241438994293982,-0.00224097256104661,-0.000178306607469584,0.000131021274049477,0.0495507625603455,0.0548400656687738,0.0497015941544244
111,"TC","Turks and Caicos Islands",180,"United Kingdom","TCA",-0.00944433019810597,-0.0061354936444612,-0.0051022533438553,0.0549516790562255,4.61765794732115e-05,0,-0.00184238951223229,-0.000810911190824808,0,0,8.86866864772768e-05,0.0358243589842138,0.0423278313303614,0.0358590400292274
112,"CU","Cuba",112,"Cuba","CUB",-0.0197105787300032,-0.0155533705382232,-0.00736065463763392,0.383307508231437,-5.39259442457207e-05,0,-0.00541731602608461,-0.000198176622949335,0.00168336957605335,0.000265165190071249,-0.00035853860892889,0.401388184068701,0.0286233501086001,0.404849477219499
113,"KY","Cayman Islands",180,"United Kingdom","CYM",-0.00185003611457972,-0.000587709964220453,-0.00130147465235737,0.511996660682131,-6.71500183842462e-06,0,-0.00212299300714137,-0.000253809925087344,0,0,2.33489979217108e-05,0.431184474871812,0.0869115772787138,0.431370144416594
114,"HT","Haiti",114,"Haiti","HTI",0.000964634574013153,0.000519870995940876,0.000249863433791032,0.558475732401557,7.67894851328507e-05,0,-9.66823629096649e-05,1.42571771578416e-05,0.000112699971026096,0.000231322220308575,4.50223765393093e-05,0.507007656748519,0.0493502996152623,0.510903976110726
115,"DO","Dominican Republic",115,"Dominican Republic","DOM",-0.0175967209351762,-0.0129013214130754,-0.00882791520732895,0.484781065192777,-8.14042869027684e-05,0,-0.00669608218310436,-0.0029168025833166,0.000902057776599317,0.000913483103585719,6.6309161921948e-05,0.398062808289893,0.133856653866539,0.399259363265691
116,"PR","Puerto Rico and Virgin Islands of the United States",163,"United States","PRI",-0.0042251863671767,-0.00280933858364902,-0.00254305310490828,0.378891021616001,-0.000262613332975273,0,-0.00279268481639621,-0.000432762320585442,1.43154161610958e-09,0,-0.000161320212466448,0.343817934582853,0.0483000460333427,0.344764762940512
117,"VG","British Virgin Islands",180,"United Kingdom","VGB",-0.000753438276315447,-0.00068391484028518,-0.000615721048944275,0.253612524177562,-0.000101985942294984,0,-0.000977790357425547,-0.000225179674554336,0,0,0.000206396232943072,0.188668947858102,0.0680952136372363,0.188797969770884
118,"AI","Anguilla",180,"United Kingdom","AIA",-0.0042872540134152,-0.00398148402307066,-0.00240255236193353,0.293336553969434,1.39376848600827e-05,0,-0.000532108580257128,-0.00125098192747644,0,0,1.81512185516373e-05,0.187017393025553,0.11874145168256,0.187082636366919
119,"KN","Saint Kitts and Nevis",119,"Saint Kitts and Nevis","KNA",-0.0202666819817432,-0.0213840978796114,-0.0138628438999567,0.30833861249634,-0.000168544269721937,0,-0.000545556923104901,-0.00352403315809243,-0.000696373304788807,1.10138120422332e-05,0.000803030735436015,0.341374471583128,0.0265982110561555,0.343834195001638
120,"AG","Antigua and Barbuda",120,"Antigua and Barbuda","ATG",0.00760663661408894,0.0113978824590843,0.00604608671685876,0.360026350003379,-2.61197161603054e-05,0,0.000140272005828738,0.00239904730939555,-2.10373069395578e-05,5.49344209182262e-06,6.62587536162278e-05,0.238794845102532,0.0936169859172267,0.238941031111166
121,"MS","Montserrat",180,"United Kingdom","MSR",0.0343568877910901,0.039842444420574,0.0331655280949795,0.47204417780139,-0.000202581592523504,0,0.00046582863204616,0.0057255330028275,0,0,-0.000480161553333885,0.344850574295049,0.0143201064731012,0.345880570266522
122,"LC","Saint Lucia",122,"Saint Lucia","LCA",-0.0194489578301943,-0.0265669570693937,-0.0113869225812337,0.224290281847001,-3.30901280979722e-06,0,0,-0.00567101066959595,-0.000270083848787682,-0.000101825290780498,-1.29540572114779e-05,0.292865704554386,-0.00511338671297382,0.293977180832008
123,"DM","Dominica",123,"Dominica","DMA",-0.0140422053186578,-0.0227479716706728,-0.0159306268722187,0.212167640428032,-0.000200409784383309,0,-0.000325184076595917,-0.0076038356804274,-0.000547070292566223,-3.59121410523677e-05,8.10408444363143e-05,0.276509145809871,-0.00298933713863546,0.277115256518709
124,"BB","Barbados",124,"Barbados","BRB",-0.000586106023725293,-0.000913276482004829,-0.00174096630371869,0.280578331883465,-3.18973504138807e-06,0,-0.0031470624263819,-0.000866427526575522,-4.95171154702044e-05,2.45249527128701e-06,3.92198242757671e-06,0.282471489217629,0.00540701483678305,0.282501809764653
125,"GD","Grenada",125,"Grenada","GRD",-0.00443955561341418,-0.00510637998130095,-0.00917134000623204,0.296141951132669,-6.88009811947966e-06,0,-0.000103983657463653,-0.0022895078106036,-0.00015238758146339,-5.72633706637765e-05,0.000265987551485028,0.302828689749162,0.0143745660502889,0.303475694794863
126,"TT","Trinidad and Tobago",126,"Trinidad and Tobago","TTO",-0.0139166235485081,-0.00518995876611522,-0.0102093764656091,0.230363941585899,0.000315178266072536,0.000164585661690084,-0.00328572683060627,-0.000963005995873344,0.00487471002812036,0.000740607936366534,0.000301213566206812,0.292600988617513,-0.035068646976777,0.293273452698424
127,"VC","Saint Vincent and the Grenadines",127,"Saint Vincent and the Grenadines","VCT",-0.0039905296648214,-0.00358541265255889,-0.00241267926471336,0.266256139697606,-0.000124141251628281,0,-5.40446183055715e-05,-0.00123726962841526,4.5190592690879e-05,-1.84173169815799e-05,-0.000151708824586424,0.281108912432293,-0.00332375816880332,0.281619653360144
129,"PA","Panama",129,"Panama","PAN",0.0124235071048932,0.00172688136117573,0.00999985226224805,0.788373933998293,-5.87035849929147e-06,0,0.000576664875118186,0.0012784625838513,0.000267158528676753,-0.000456263316822604,6.98800820236078e-05,0.663458897022042,0.0990347698208989,0.666957722924328
130,"CR","Costa Rica",130,"Costa Rica","CRI",0.00947249766347305,0.00470590413521667,0.00276646797517825,0.582106274118569,-2.13044182454855e-06,0,0.0146658745062854,0.00158758908964867,-0.000626423257974775,0.000954669059071265,4.38519136052894e-05,0.546175581127028,0.00236239229439098,0.547034948640517
131,"NI","Nicaragua",131,"Nicaragua","NIC",0.00886822566295118,0.0070202238258494,0.0021479530618883,0.537856363272051,-1.46008377813737e-05,0,0.00109487880595832,0.00143246382772624,-0.00177563827917951,0.00132237794047014,-7.22995262977573e-06,0.530655540159403,-0.0128878301911162,0.533166585088892
132,"CO","Colombia",132,"Colombia","COL",-0.00873615247643619,-0.00348244034989892,-0.00469922300598848,0.606226160186754,-1.50839808210274e-05,0,-0.00014205961382574,-0.000660019427402255,0.000784431050000085,-0.000679396570053436,0.000153576894276869,0.611701069017136,0.0120014640684072,0.61246140863803
133,"HN","Honduras",133,"Honduras","HND",-0.00988066413558286,-0.00606441996320026,-0.00167609177177273,0.382777982015306,-1.03164049233491e-05,0,-0.000825491838600658,-0.000136820245099037,-0.000916812164788485,0.000339417107399364,0.000134017739253181,0.377270866548964,0.0245442982227858,0.377927783663678
134,"SV","El Salvador",134,"El Salvador","SLV",-0.00158405857696476,-0.00174134046079348,-0.00127088695386535,0.576861372923344,-8.08621253374242e-05,0,-0.00119134162631915,-0.00143947144691047,0.000462521027086661,0.00151244668496894,-0.00012529017089694,0.580818609939259,0.00150105354187746,0.582015829383893
135,"MX","Mexico",135,"Mexico","MEX",-0.00158792768361765,-0.000992936545454779,-0.00110348324597682,0.419356569315237,2.54720614927401e-06,3.9997797942472e-06,-0.000762335479432841,-0.000226199105617057,-0.000271214989572164,0.000601311743727715,0.000225037775216425,0.417384148221663,0.00608362241389045,0.418426483307832
136,"GT","Guatemala",136,"Guatemala","GTM",0.0140000250402743,0.00679429522558056,0.00485140940571885,0.759938979208424,-1.21730292479299e-05,0,0.0120959433172227,0.00436551287303963,-0.0015133609609372,0.000432724940656684,6.64419355072453e-05,0.720917569225237,-0.00205940870422212,0.723488712264791
137,"EC","Ecuador",137,"Ecuador","ECU",0.00135448541178377,0.00050237776819107,0.00133491552904308,0.888097897353621,-3.44497874955756e-05,0,6.28814078655756e-05,0.000213322256812287,-0.000241723645308203,-0.000830367805746594,0.000227753949663377,0.904791953425266,-0.0192832503471025,0.906787915215708
138,"PE","Peru",138,"Peru","PER",-0.0140201192257809,-0.00721117663806263,-0.017630881309511,0.331391462791047,4.64766912400828e-05,0,-0.00138784485475066,-0.0015764897149291,0.000449059604698847,0.000191966297757864,6.29128334046069e-05,0.396948703658754,-0.0244811438627732,0.397318104986906
139,"VE","Venezuela",139,"Venezuela","VEN",-0.0342684323290781,-0.0153448261898,-0.0288503324848613,0.253403690826562,-9.0873840919605e-05,1.84845275262342e-06,-0.000281634206970311,-0.00205927544579575,0.00167044466288836,0.000120922964992642,0.000229416421186017,0.326446424343914,0.00583000930989828,0.328257248546353
140,"GP_MQ","Guadeloupe and Martinique",179,"France","GP-MQ",-0.0114653499679779,-0.017091168111184,-0.010064197149493,0.240341981024351,-0.000125186773739985,0,-0.00163570673600405,-0.00534982727993511,1.6116415970688e-07,3.69619027240048e-08,0.000289355389652255,0.26598215316631,0.0198017043392988,0.266501236151193
141,"FO","Faeroe Islands",175,"Denmark","FRO",-0.118350107018033,-0.0435417723336119,-0.0225585594222833,-0.310580819127377,7.95390232422139e-05,0,0,-0.0319338309355036,0,0,1.10620105680847e-05,-0.0692801933440791,-0.0250069571238277,-0.0693255343751492
143,"IS","Iceland",143,"Iceland","ISL",-0.0725650744271159,-0.0425497903165474,-0.0298253663632734,-0.182008411495714,2.09150169627774e-05,0,0,-0.0153648153804171,1.66199068094101e-05,1.21556578367971e-07,-0.000132810305148322,0.0187160100458347,-0.0403242223035223,0.0187709983988097
144,"SJ","Jan Mayen",223,"Norway","SJM",-0.03787226222682,-0.00321986503861939,-0.0153138268203119,-0.139936473260188,0,0,0,-0.00460707465526742,0,0,0,-0.0755231480914898,-0.00340029485675753,-0.0755489961874243
145,"GL","Greenland",175,"Denmark","GRL",-0.0194495808145914,-0.0053574295283169,-0.003928796615846,-0.0535931901620809,7.10211495254257e-06,0,0,-0.000225008217382772,3.37948531683596e-06,2.19767879477143e-07,0.00017253917707598,-0.0368965337784866,0.0120809180333479,-0.0482833981941991
146,"PN","Pitcairn",180,"United Kingdom","PCN",-7.20182471021976e-05,-0.000168337922688491,-0.000444324465236882,-0.616109276563925,0,0,0,-0.00067087797511496,0,0,-1.67007685276308e-05,-0.608382502408378,-0.00635451434127603,-0.608400849172749
147,"PF","French Polynesia",179,"France","PYF",-0.000917765718499895,-0.00029165912095943,-0.000763031750263749,0.431922196716739,-1.40062121546062e-07,0,0,-0.00112757069651407,-3.61881107856787e-07,-2.04977392679235e-07,2.46015804466839e-05,0.445711140318992,-0.0107128118323307,0.445748970865759
148,"KI-L","Line Group",212,"Kiribati","KIR",-0.00019133830454768,-0.000189840932408098,-0.00157568281123808,-0.00695464688035937,2.77126154110214e-07,0,-9.55892384193426e-05,-0.00230330340122562,4.65936158292024e-07,-1.36549026549049e-07,7.15666896351882e-06,0.00272277157362956,-0.0053294275764597,0.00272293238463706
149,"UM-86","Jarvis Island",163,"United States","UMI",-0.00010787061539964,-0.000142992004805239,-0.000761031779058722,-0.0882864922857927,0,0,0,-0.000842478345524461,0,0,-4.71131281853963e-06,-0.109418185636942,0.0229907767848227,-0.109418185636942
150,"UM-95","Palmyra Atoll",163,"United States","UMI",-0.000435440489032716,-0.000295391932604311,-0.000890899166654308,-0.61198006777209,0,0,0,-0.000965695745288931,0,0,0,-0.610954944503429,0.00156230317087281,-0.610954944503429
151,"AS","American Samoa",163,"United States","ASM",0.00575053452949814,0.00275435238132614,0.00829461677929832,0.17213268456917,-1.12724826157403e-05,0,0,0.0116170204612854,0,0,6.16545844320764e-06,0.127256375539718,0.0164648945343662,0.127278238219852
152,"WS","Samoa",152,"Samoa","WSM",0.017922998903924,0.0117357229834445,0.00217203586208007,0.243067967499582,-9.56448452616119e-05,0,0,0.00106643624087443,1.31934045135607e-06,1.01045643171252e-06,2.41781886881098e-05,0.175935109477644,0.0343048064354683,0.176204005933177
153,"CK","Cook Islands",162,"New Zealand","COK",-0.000212239733188224,-0.000173262376005477,-0.000737891361714968,0.320099760075454,-3.73860088676637e-06,0,0,-0.00112622063167518,-4.07277830963786e-07,3.39827519288598e-08,-4.59004797251571e-05,0.325361683761398,-0.00296229843333043,0.325371197324144
154,"NU","Niue",162,"New Zealand","NIU",-0.000551809740376728,-0.000220627132150419,-0.000952732121284758,0.194311694367616,-2.17346304950268e-06,0,0,-0.0014355560998235,0,0,-1.61019683475992e-05,0.201895707543437,-0.00440501107071934,0.201918979610262
155,"TO","Tonga",155,"Tonga","TON",-0.00230829621512287,-0.00251548868965978,-0.00133561404165973,0.27423102565329,-1.49618788610699e-05,0,0,-0.000915796384708405,1.00985834590482e-05,4.64136307536961e-06,-6.17535632752086e-05,0.301858059244517,-0.0204898615340659,0.30189910876713
156,"TK","Tokelau",162,"New Zealand","TKL",-0.000694628842283148,-0.00140095963426586,-0.00200777630087587,0.105268535547179,0,0,0,-0.0029473988875065,0,0,2.27937643599722e-05,0.190698349686041,-0.0784018436049516,0.190698349686041
157,"KI-P","Phoenix Group",212,"Kiribati","KIR",-0.000339817042566524,-0.00109844944076534,-0.00422342499315937,-0.0223536648538806,0,0,-9.58252403893938e-05,-0.00657512680186393,0,0,-2.0816930612718e-05,0.0149949629044706,-0.0249951668983572,0.0149949629044706
158,"UM-84","Howland Island and Baker Island",163,"United States","UMI",-0.00025329792860014,-0.00120180356668244,-0.00347458187449534,-0.174575601092474,0,0,0,-0.00493337039368476,0,0,0,-0.200333458941112,0.0356209089647147,-0.200333458941112
159,"UM-67","Johnston Atoll",163,"United States","UMI",-0.000440121656827698,-0.000390958191381297,-0.00178857815777578,-0.176875708530346,-7.06905548299045e-06,0,0,-0.00268040479638004,0,0,4.77088647236431e-05,-0.312123153900638,0.140506870982133,-0.312123153900638
160,"US-HI","Hawaii",163,"United States","USA",-0.000364152915163683,-0.000697083156864292,-0.00111393418902785,-0.134126994175361,-1.2925901308472e-05,0,-0.000157457125345731,-0.000639867883767646,0.000100862329181105,2.37751282674025e-05,-1.44219082193764e-05,-0.179816745867259,0.0485649599993645,-0.179921860063855
161,"WF","Wallis and Futuna",179,"France","WLF",-0.00201569242034653,-0.00178680388304608,-0.00166639043441098,0.126023303795791,-1.07281738131803e-05,0,0,-0.00181981785842742,0,0,4.20431907059782e-06,0.160545922256906,-0.0272273916059292,0.160610719481011
162,"NZ","New Zealand",162,"New Zealand","NZL",-0.0258800230217385,-0.00581667200305125,-0.00234776875365702,0.0835455622171627,-1.19942622885445e-05,0,-8.4409772872632e-05,-0.000227146207830395,-0.000220114149697426,-0.000295815895501812,-5.30407661790892e-05,0.102218189370571,0.0162643578297478,0.10244377476528
163,"US","United States",163,"United States","USA",-0.0105539139875064,-0.00462555336822263,-0.00469892684217007,-0.119026621734313,-0.000163716899452718,4.22131696574724e-06,-0.000538853390757131,-0.000414445808868094,-0.000382682949238284,-6.88385851722456e-05,-0.000263708307314607,-0.104237100665921,0.00691689580342721,-0.104816237113314
164,"BZ","Belize",164,"Belize","BLZ",-0.0187017362633049,-0.0145296802953026,-0.00552551463508325,0.651123458586877,-0.000130315146890317,0,-0.00360620068384234,-0.000141361160611817,-0.00479844115336557,0.00130428433340066,-0.000322497377402004,0.622455004968775,0.0751199088994278,0.628434181714541
165,"XD-CO-JM","Colombia - Jamaica",0,"Joint Regime","-",-0.0155718760538424,-0.0186429000332542,-0.00493152261518815,0.324698130152881,0,0,0,-9.90241557978897e-05,0,0,0,0.371634532574542,-0.00769108413056271,0.371634532574542
166,"JM","Jamaica",166,"Jamaica","JAM",-0.00598331521406721,-0.00400321278792285,-0.00231682440705581,0.457598479542317,-0.000127669669461583,0,-0.0002305928711208,-9.2928547520635e-05,-0.00102559251746376,-0.000110200602507476,6.14157883079392e-05,0.434379107176957,0.0370482948327444,0.434946576297277
167,"GY","Guyana",167,"Guyana","GUY",-0.0350398806488623,-0.0118848413566056,-0.00997059749840065,0.185287228503056,-5.34913457134633e-05,0,-0.0113073103322345,-0.000538977308400217,0.000508437928468159,-1.06346984365986e-05,0.000108228700984738,0.2545960454051,-0.00111975396812694,0.255486784257584
168,"SR","Suriname",168,"Suriname","SUR",-0.0132997404937047,-0.00227246377678079,-0.00251195664264551,0.291094169247031,-6.08557454174047e-06,0,-0.00281332776037318,-0.000184506927180332,0.00134808630743059,7.68886476532409e-05,4.89929875208016e-06,0.308437088259561,0.00231529074301945,0.310158732516779
169,"GF","French Guiana",179,"France","GUF",0.000881539871706382,0.000167466722843272,0.000129248672497806,0.339824304790886,-4.59356071331776e-05,0,0.000219931613467978,3.15692260600998e-05,0.000160534543343641,1.64995220974914e-05,-4.25818651891378e-05,0.328682108609882,0.00962392189512894,0.329263010080918
170,"US-AK","Alaska",163,"United States","USA",-0.0282436200003448,-0.00777610630125259,-0.00628705501242216,-0.52029250574415,2.32803389836802e-05,-1.02406206910767e-06,0,-0.000329188346599707,8.47385452807447e-07,8.95499463326844e-06,2.83383557475482e-05,-0.46684926299334,-0.0108676739128189,-0.492035901760989
171,"BR","Brazil",171,"Brazil","BRA",0.00212991385227765,0.00134804279846193,0.00071041154833216,0.70610288286525,4.46755450108968e-05,0.000128116909672514,0.00180831628129395,0.000391033307648104,0.000540584558030394,5.0155440423704e-05,-4.05272590197261e-05,0.683520776736557,0.0154713864031586,0.685489568537491
172,"AR","Argentina",172,"Argentina","ARG",-0.0714414006857157,-0.0177166136429424,-0.0105512804320259,-0.0681012881113129,9.32022149391243e-06,-4.03621953886323e-07,-7.50610732476448e-06,-0.000133316534176281,1.19478658172625e-06,3.67057227545127e-05,1.61534787983852e-05,0.00424656040093654,0.0274392981630011,0.00426227405345042
173,"UY","Uruguay",173,"Uruguay","URY",0.0225314024147435,0.00599299284120767,0.00281169537296348,0.30525141746375,5.85994944215479e-05,0,7.30861851970135e-05,0.000268578747676497,0.000484528146244089,0.000830411379429817,-2.27049117625025e-05,0.265364632090375,0.00685819704667042,0.265715493567682
174,"FI","Finland",174,"Finland","FIN",-0.00754269037556374,-0.0500705834492808,-0.033920067327878,-0.13657336760934,0.00135237307385605,0,0,-0.013155536009358,0.000480533112641271,0.000147761131082605,0.000509452505416885,0.0212020837885915,-0.0555766952406305,0.0219009117595998
175,"DK","Denmark",175,"Denmark","DNK",-0.13457039568175,-0.118580643249044,-0.0597473754450421,-0.252885918412148,-0.0004647053884167,0,0,-0.0227136459548373,-0.00204573587688911,0.000539686837380308,0.000232146849840456,0.0954069972490282,-0.0109422470072581,0.0972796690683476
176,"DE","Germany",176,"Germany","DEU",-0.11615882991812,-0.0938418700542439,-0.0434163789339492,-0.207143698407529,-0.00047097029366302,0,0,-0.011800060859324,-0.00269727874273552,0.00136438138055897,-0.000369891711272478,0.0754985408514709,-0.0152513451951369,0.0767339363938573
177,"NL","Netherlands",177,"Netherlands","NLD",-0.143710559477102,-0.0967727630442573,-0.0473999647706345,-0.252623721613313,-0.000195408085523819,-7.50402488607526e-05,0,-0.00948385348147985,-0.00249909497692331,0.000712732925564286,0.00143414774605316,0.0493656709458027,-0.00399958972666187,0.0499317925879643
178,"PL","Poland",178,"Poland","POL",-0.0193523479006832,-0.0815147794060046,-0.052544700649574,0.152161107773476,-0.000623358151259881,0,0,-0.0323708815213009,0.0012322160106553,0.00406696220351267,-0.000117011975366609,0.333734848824526,-0.000349850074510175,0.335170307106161
179,"FR","France",179,"France","FRA",-0.0202408253549051,-0.0152992847643406,-0.0105104429042947,0.255620489744,-0.000117188707262689,0,0,-0.00538753844267688,-0.00156447353892063,-9.00776044298349e-05,4.02924516046236e-05,0.350864500907137,-0.0420744714813215,0.352960427123655
180,"GB","United Kingdom",180,"United Kingdom","GBR",-0.0554136665291705,-0.0378843546538216,-0.0182349448852057,-0.0945048312896585,-0.000189236831122874,-7.54321099405595e-06,0,-0.0212546539170719,0.000692518214838177,0.000128977805966444,-0.000230468159351264,0.0340936332844303,0.00379490626904004,0.034363016570259
181,"IE","Ireland",181,"Ireland","IRL",-0.0790013041949338,-0.0366787240858484,-0.0150203963437116,-0.088247582948125,-3.37310508934616e-05,0,0,-0.0157245533429888,0.00143545815003952,2.34443612741232e-05,0.00036165838110078,0.0919194968672279,-0.0355289302459277,0.0923106653382364
182,"ES","Spain",182,"Spain","ESP",-0.0144191871932425,-0.013005018308263,-0.0106351674146436,0.522003959616908,-3.96483957565496e-05,0,-1.15781153677116e-07,-0.00429134647428808,-0.00120275593594182,-0.00032659590655979,0.000173921405015343,0.539369633599576,0.026380238563405,0.54130226687725
183,"PT","Portugal",183,"Portugal","PRT",-0.0015823059968548,-0.00102506914524203,-0.00145914839696594,0.614841156358034,1.41401288559766e-05,0,0,-0.000290445887268689,-0.000356129986977681,-0.000326294608900496,-5.02791249655806e-05,0.657874416153885,-0.0379577302965153,0.659004962313373
184,"IT","Italy",184,"Italy","ITA",-0.0192861801877962,-0.0135412924320619,-0.0117348130843051,0.0589460163942595,-9.86613574844159e-05,0,0,-0.00313065571194354,-0.00282700381663483,-0.000955403952993838,-7.52406126062874e-05,0.129850453721879,-0.019255187814457,0.130574928518054
185,"MC","Monaco",185,"Monaco","MCO",0.044952380048387,0.0395904691001676,0.0349377877392266,0.171182450688915,0,0,0,0.0136371271679017,-0.00101623890061743,4.97133878244638e-05,1.77307261361016e-05,0.142234725348743,-0.103221246857702,0.142234725348743
186,"ME","Montenegro",186,"Montenegro","MNE",0.00723993892212951,0.00505640709147339,0.00360334010319936,-0.154667317840151,0.00097653874553152,0,0,0.000619487526140956,-0.0262807932148875,-0.00154581892759634,0.000368660290055861,-0.28560713675273,0.140902044212619,-0.288967220714527
187,"HR","Croatia",187,"Croatia","HRV",-0.0395683408912666,-0.0245634643912038,-0.0325896274399816,-0.283256580122243,1.24909401734788e-05,0,0,-0.00237607388270921,0.000498644605033613,0.000128947663529568,-0.000758408133119312,-0.190219381100434,0.00617861635934066,-0.195277391908547
188,"SI","Slovenia",188,"Slovenia","SVN",-0.121710517720136,-0.0795401612798509,-0.103299935896919,-0.399320154973905,-0.00203268549758005,0,0,-0.00631993340932207,-0.0467975324011284,-0.0142211780700509,0.00184150427988131,-0.0272397230204926,0,-0.0320725771047736
189,"LT","Lithuania",189,"Lithuania","LTU",-0.00129130058750416,-0.00799377218970214,-0.00510803473006444,0.284951125025596,-0.000281565985014359,0,0,-0.00206031044666003,-0.00143133781579501,0.00451561100999243,0.000353680032797065,0.300311199277618,-0.00206299610377481,0.307310568153797
190,"QA","Qatar",190,"Qatar","QAT",-0.0190966848666876,-0.0182553776653995,-0.0103465970531215,-0.0080358571580128,0.000445511161006193,-0.00101047684347246,-0.0304831952089476,-0.000380189424990903,0.00745251897961804,0.00155445277873106,0.00334930774659388,0.0393107321737889,0.0194241374530884,0.0396311804664575
191,"IR","Iran",191,"Iran","IRN",-0.021650410142442,-0.0168567002342588,-0.0081927276246207,-0.0509052559747354,8.37884164283395e-05,-0.00037763020387043,-0.0483816873804211,-0.00158660050874523,-0.00061224960935373,-0.000465999588283746,0.00172020558729047,0.0597329661396169,-0.0143182107234968,0.0605838280694246
192,"IQ","Iraq",192,"Iraq","IRQ",-0.0871619634818487,-0.0653946529808547,-0.0233917063476247,-0.293711898673294,-0.0058774533389704,0.00219780223661678,-0.000136404543223876,-0.00024477370553305,-0.0064997595807089,-0.0208329598914973,0.00124682371432965,0.110918024751196,-0.198534752229,0.126608867276975
193,"GW","Guinea Bissau",193,"Guinea Bissau","GNB",-0.0127058877196671,-0.0150599707888582,-0.0108853029031849,0.210853395464734,2.27135736215995e-07,0,-0.00377746066891178,-0.00267667857419234,1.53639420405941e-05,2.79684050646313e-05,0.000285599358157799,0.250743039698055,0.00488649888085544,0.252683626554328
194,"GN","Guinea",194,"Guinea","GIN",-0.00746768946614545,-0.0110247416175805,-0.0043358290547788,0.318728202196487,-6.65436198666574e-06,0,-0.00164114740928715,-0.000568892145143668,8.8322619536631e-05,0.000143548700915862,-8.88928346273509e-05,0.340545050986983,0.00308512883402976,0.341619119317579
195,"CI","Ivory Coast",195,"Ivory Coast","CIV",-0.0223541398317911,-0.0126873790377072,-0.0166836316077171,0.751183290475858,4.80561280007243e-05,0.000286210818286785,-0.0268892080955199,-0.00459852809621766,-0.00029636996953671,1.22558104137211e-05,0.000190410511760786,0.820392092967761,0.0137635154457018,0.822365589855632
196,"NG","Nigeria",196,"Nigeria","NGA",0.00310531943472472,0.00327384219442793,0.0014207138025416,1.01520645615692,-0.000264528142356831,0.00613644071785876,0.0119067495640808,0.000365581955828522,-0.00136754085632117,-0.000179086913944357,0.000590921710135186,1.00475317322286,-0.0145351374101601,1.00879561600999
197,"CM","Cameroon",197,"Cameroon","CMR",-0.00936923538327133,-0.0204355395247508,-0.00576785310379831,0.788892385267306,-0.000208016867222049,0.00202366189624938,-0.00168922132752105,-0.000141513492625625,-0.00224013179733257,0.00189706149951226,7.83322469303769e-05,0.879957903204486,-0.0552130436025015,0.905519731082441
198,"GA","Gabon",198,"Gabon","GAB",-0.00582307458579099,-0.00678982876245286,-0.00343564149089649,0.805996358828931,-2.68755162987748e-05,-0.000770167162039835,-0.00936496690217251,-0.000645481551124724,0.000191146058430702,4.62091449713862e-05,0.000362582019152599,0.798685869751599,0.0335665865122294,0.801671689857775
199,"CD","Democratic Republic of the Congo",199,"Democratic Republic of the Congo","COD",0.0389750992974183,0.0439033233432095,0.0118513589056561,0.742566146446894,-0.00204523860016193,-0.00212314225053079,0.0173832922279471,0.000205835922188155,0.0171026312403792,0.00729277755479439,0.00183904727806205,0.592432831961764,0.0157482932517483,0.655013764915472
200,"AO","Angola",200,"Angola","AGO",-0.00774428254346445,-0.00599655867584741,-0.00234176471565135,0.778336613323847,4.07218691359463e-05,0.00116650976558153,-0.000202972605048125,-0.000191187672851665,0.00015736192882787,3.56650752207325e-05,0.000496564397223727,0.812752520979589,-0.0198359652073875,0.814853135294195
201,"XD-NE-ST","Nigeria - Sao Tome and Principe",0,"Joint Regime","-",0.000321123903715779,0.000351021301003977,0.000423583209572063,1.15441548711442,0,0,0.0166912135575991,7.72146974267657e-05,0,0,0,1.15579559299712,-0.0192442780255888,1.15579559299712
202,"TZ","Tanzania",202,"Tanzania","TZA",-0.0214661794876897,-0.0323301155999259,-0.0104684703366067,1.5529904983003,-5.95320862954633e-05,0,-0.010746217567898,-0.00193383756187258,0.000687376508962181,4.90296564238807e-05,0.000307232572203993,1.61976894212144,0.00918227320632821,1.62697168687893
203,"IN","India",203,"India","IND",-0.0109410701833948,-0.0093055822399051,-0.00522142195182694,0.596781380808445,6.42149230804981e-05,1.57672651829123e-05,-0.00232153029945932,-0.00172139936174564,0.00213161399300455,-0.000170198507601601,-1.25271244854166e-05,0.615446754727579,0.00881676069916552,0.617078502107151
204,"BD","Bangladesh",204,"Bangladesh","BGD",-0.141322460237954,-0.160693622173399,-0.0455534611847399,-0.0148716609640453,-9.32124244891988e-05,0,-0.00167669368939454,-0.000664695111403556,0.00239607901324841,0.000686465161694317,0.000265740907774348,0.348264638716684,-0.0164804365507377,0.353885616255539
205,"MM","Myanmar",205,"Myanmar","MMR",-0.0220476538881124,-0.0191798655361498,-0.00855596991518358,0.749075112623099,3.8366112962469e-05,-2.8199391918567e-05,-0.000337852297405777,-0.000623339984524326,-0.000241005961231353,0.000412552249526791,0.000453580810107866,0.803106674122989,-0.00392216998485725,0.807279350594474
206,"MY","Malaysia",206,"Malaysia","MYS",-0.0913257335178212,-0.0822255483596118,-0.0413205650842575,0.509702595238777,-3.5946137637325e-05,0.000739249675110888,-0.00213376216402366,-0.00609786965850364,0.00437244958327288,0.00168820978425538,0.000723864300462204,0.735287358294903,-0.0099691155808808,0.739770320432277
207,"VN","Vietnam",207,"Vietnam","VNM",-0.0318136867494137,-0.0339582859202782,-0.0134405369178248,0.492105487063777,-3.5840912307706e-05,-3.40306494498391e-05,-0.00106590939064869,-0.00227592898776247,-0.000206608037645889,3.19913772243168e-05,0.000615687569376381,0.579644786800759,-0.00535615688271747,0.581859591436178
208,"SG","Singapore",208,"Singapore","SGP",-0.068553667727898,-0.0673307158592486,-0.0352263233304391,0.282741231066053,0.00279779087046078,0,-0.000137933907500871,-0.0012757260465739,-0.0151131688538244,0.00630610403213765,0.00954289093774346,0.451732031140012,0,0.506345575491999
209,"CN","China",209,"China","CHN",-0.0353173007273215,-0.037919564503974,-0.0138919194926889,0.0704478280233949,0.00028831746913124,-0.000155408749318206,-0.00143416380049904,-0.000425232598245421,0.00177191294326475,0.000144193748018983,-2.66269084711403e-05,0.108157158016198,0.0492564638578946,0.109216862499852
210,"JP","Japan",210,"Japan","JPN",-0.00944734968029415,-0.00953602839647663,-0.00763565140461005,0.152994655749338,-0.000121094814887848,0,-0.000997963599552896,-0.00300708123535077,-0.000291878588236948,-9.65639060208825e-05,-0.000204134837190212,0.182266344595208,0.00206605808938988,0.182656304897639
211,"XD-JP-KP","Japan - Korea",0,"Joint Regime","-",-0.0252758107252131,-0.0178776216869703,-0.00826095414582005,0.144507363951677,0,0,0,-0.00146444285647152,0,0,0,0.096963668412362,0.100422524916933,0.096963668412362
212,"KI-G","Kiribati",212,"Kiribati","KIR",-0.00882511394863156,-0.00632295029365101,-0.0134546189495306,-0.337174498743572,5.06827549730403e-07,0,-3.0653468895153e-05,-0.0173009003197402,0,0,-3.57224379917413e-05,-0.312648605814079,0.0214435584255506,-0.312694662848692
213,"AQ","Antarctica",213,"Antarctica","ATA",0.00145991708392758,-1.26020322347531e-05,0.00215859404651167,0.0188593612522784,0,0,0,0.00173111905606604,0,0,0,0.0290581098762754,-0.0155357772841362,0.0434798192330386
214,"EG","Egypt",214,"Egypt","EGY",-0.0770227173117386,-0.0911488747791831,-0.0258723411713115,-0.0666829698943506,-0.00011470640324076,-0.00049352654846036,-0.0283516943033244,-0.00212102475937097,0.000985742795577628,0.000103018553745114,0.000475896007450683,0.204805731502937,-0.047928474761152,0.206044271088154
215,"JO","Jordan",215,"Jordan","JOR",0.0442277216166258,0.0417577974125743,0.020500554703176,0.172740812301636,0.00619056463241577,0,0.00150434187613428,0.000578574646497145,0.00702720504254103,0.00279041154077277,0.00174912333488464,0.0464145362377167,0,0.0566030929728252
216,"ID","Indonesia",216,"Indonesia","IDN",-0.0121886622262084,-0.010807006246055,-0.00658250818307956,0.973119946050041,-3.11396843487592e-05,-1.22592405583113e-06,-0.000296253455260601,-0.00264663273883674,0.00114157630879172,0.000165376354654762,0.000298552768720762,0.993030234005578,0.0110376313377169,0.997550337328007
217,"XD-CN-JP","Conflict Zone",0,"Disputed","-",-0.0360992998209498,-0.0293749197037609,-0.0128111264693496,0.0515983946361798,0,0,-0.0114066170467972,-0.00282492897050173,0,0,0,0.186480162431771,-0.0423648771524392,0.186480162431771
218,"CA","Canada",218,"Canada","CAN",-0.010620547713991,-0.00555552002326476,-0.00248061848731031,-0.0109327362110229,-3.78568760629758e-06,-8.4644020338573e-07,0,-0.00164110442772387,4.2978734809942e-05,2.45861829835123e-05,-1.46069136332059e-05,0.0320446843227259,-0.0227279553056228,0.0393413625296467
219,"PM","Saint Pierre and Miquelon",179,"France","SPM",-0.0548305516063304,-0.0438156323550514,-0.00931156682291827,-0.302456903179703,-9.66333464856173e-05,0,0,-0.00461316631799952,1.1922360469188e-06,7.60205694917204e-08,-0.000295629829799805,0.118182808336077,-0.307677814583447,0.118755081423512
220,"SX","Sint-Maarten",177,"Netherlands","SXM",-0.0939973039805681,-0.08234547882078,-0.0287579779208148,0.0591594752845864,-0.000922293898743619,0,0,-0.0148811904131029,0,0,-9.49678520707719e-05,0.253757407648638,0.0264012598098363,0.259175715285264
221,"MF","Northern Saint-Martin",179,"France","MAF",-0.078863723835525,-0.073967982476165,-0.0267169537425309,0.124852524612749,-0.000152603357529455,0,-0.000387612188094038,-0.0107152098231108,0,0,0.000488864035359089,0.29251572696625,0.0226520347902395,0.293805394606369
222,"SE","Sweden",222,"Sweden","SWE",-0.0112920892483685,-0.05896107358908,-0.0392044543157348,-0.102099151559287,-0.000131444934666179,0,0,-0.0280435879979836,-0.00231830550738592,2.92913576675304e-05,0.00139539876259937,0.0992361578393809,-0.0628090454494778,0.101716257132737
223,"NO","Norway",223,"Norway","NOR",-0.0187259845202367,-0.0155621512170852,-0.00760636217544888,-0.0862522066692601,0.000588405401021151,-9.94843546509373e-05,0,-0.0107446838208138,0.000191531293914555,4.71277791507407e-06,0.000238666543645728,-0.0536151774342506,0.0190783213812675,-0.0587043953363931
224,"CL","Chile",224,"Chile","CHL",-0.00645843658641816,-0.0138512969755453,-0.0201614222721529,0.537715703042365,1.36831345180978e-07,-1.52240415628514e-07,-1.06800707612719e-05,-0.000500307071161657,6.12441701855296e-05,6.87906353470587e-05,-0.000782261595377589,0.568535395144743,0.0108146998816755,0.57167551395675
225,"CL-XEA","Easter Island",224,"Chile","CHL",0.0140983745748227,0.00895272037248015,0.00951484803863282,-0.057478710517272,3.85303716261161e-07,0,0,0.0118957071026386,7.5995029998803e-06,2.6921686403217e-06,7.46832802065089e-07,-0.108505592645801,0.00655381135973126,-0.108512798471981
226,"XD-JP-KR","Japan - South Korea Conflict Zone",0,"Disputed","-",-0.0170820997503661,-0.0109226471706538,-0.00699225490087756,0.0373451854865335,-1.01978439147213e-05,0,0,-0.00076575768007926,0,0,0,0.071286984083116,0.00183116039508976,0.071286984083116
227,"JE","Jersey",180,"United Kingdom","JEY",-0.0488755484122616,-0.0411342441425802,-0.0184935278156838,0.0528627736559996,-0.00014687095268962,0,0,-0.000652162276701583,-0.00114582431596577,-1.72056961318894e-06,4.26422883855536e-05,0.195297064175983,-0.0320270292231941,0.196108387291255
228,"GG","Guernsey",180,"United Kingdom","GGY",-0.060307891313073,-0.0572396181516285,-0.0258431896662788,-0.0513952533540308,-0.000318587798816305,0,0,-0.0101074878753926,0.000148798089312599,1.53213667137191e-05,3.50130302953653e-05,0.201821237919743,-0.0995988602031737,0.201943455060187
231,"TL","East Timor",231,"East Timor","TLS",-0.0160677583053917,-0.013539400845843,-0.0078058197926937,1.39727070307378,5.15974543221398e-05,0,-0.000299598283023576,-0.00107248257107476,0.000427355551036002,2.66964519863152e-05,5.11706956173682e-06,1.38768822571432,0.0478567760066031,1.39785442219478
232,"BA","Bosnia and Herzegovina",232,"Bosnia and Herzegovina","BIH",-0.0029592614620924,-0.00360432099550962,-0.00723438113927841,0.0836473941802978,0.0431705869734287,0,0,0,-0.041181868314743,-0.0123030092567205,-0.0264332413673401,0.0211318731307983,0.113060972094536,0.105659365653992
237,"TL-OE","Oecussi Ambeno",231,"East Timor","TLS",-0.04767213599963,-0.0473490532536762,-0.0252653134248347,1.16123908513086,1.51274942549464e-05,0,-0.000866470876359543,-0.0023298824509993,0.00562449400016382,0.000309076755939743,0.00145013322309527,1.67325323498739,-0.395930128031872,1.69162621168529
238,"XD-AU-TL","Australia - East Timor",0,"Joint Development","-",-0.00368209319600174,-0.00197102108159218,-0.00108240732467538,1.32881568014175,0,-0.000112141148325359,-0.000151976363034037,-0.000117911389090725,0,0,0,1.29477204020808,0.0411611884985375,1.29477204020808
239,"XD-AU-PG","Australia - Papua New Guinea",0,"Australia - Papua New Guinea","-",-0.000892295737890073,-0.000616300601838942,-0.000439087440781534,0.0513322963223254,-0.000104227004981905,0,-5.50234294670809e-07,-1.60465380900796e-05,-0.00287642441176913,-9.9877288824788e-05,-0.000502853928608029,0.0520697967553326,0.00481016231540946,0.0525066239093203
240,"XD-CL-PE","Chile/Peru",0,"Disputed","-",-0.00218539059629049,-0.00734556562341197,-0.0160904394753243,0.576998343442303,0,0,-0.000205113991890708,-0.000660083856586952,7.25145847384351e-05,9.48638555504095e-06,3.06134714597664e-07,0.620609744971924,-0.0172071062229878,0.620609744971924
244,"CW","Curaao",177,"Netherlands","CW",-0.0284158712592573,-0.0105888967836176,-0.016345946124038,0.252645256411757,-6.8036102106641e-05,0,0,-0.00322966788244088,0,0,-1.80203909172298e-05,0.286757113872013,0.0245545858800483,0.287595777297146
245,"BQ-BO","Bonaire",177,"Netherlands","BQ",-0.0676206470667748,-0.0148699604614529,-0.0262940101125442,0.15970513940414,-0.000101133987651237,0,0,-0.00273276767098792,0,0,-0.000283782302968812,0.278127780452236,-0.00652035841266035,0.279709410361573
247,"BN","Brunei",237,"Brunei","BRN",-0.0602779798139045,-0.04357326153155,-0.0278286177613065,0.352495499164917,-7.25575386650095e-05,0.00217163073449296,-0.00441435436998423,-0.00992883214053695,0.000501265612212943,0.000118320286423019,-0.000185702436593084,0.502674727362237,-0.00668913986494344,0.504262957148532
248,"BQ-SA","Saba",177,"Netherlands","BES",-0.0362454972374599,-0.028775610948729,-0.0160414376181244,0.240104843391326,-7.12039675640862e-05,0,-0.012150282467685,-0.00395243097680207,0,0,-3.41601583912605e-05,0.293744002909856,0.0436314726450192,0.293744002909856
249,"BQ-SE","Sint-Eustasius",177,"Netherlands","ANT",-0.0283706155623754,-0.0249069310306783,-0.0159959026913833,0.275699669998074,-0.000368756253343405,0,-0.00101168255710247,-0.00906385720854775,-3.28559906873877e-05,1.89449127351521e-05,-0.000390457686720351,0.325515236355797,0.0303065329267675,0.326277864789274
250,"AW","Aruba",177,"Netherlands","AW",-0.0316524987994702,-0.0147883303099875,-0.022848849774353,0.227545305969435,-0.000114773430816719,0,0,-0.003619277508322,7.61532339085564e-07,4.98312690064583e-08,0.000286099076575121,0.286727279254145,0.0135548401880261,0.287301644875363
251,"XD-AU-ID","Australia/Indonesia",0,"Australia/Indonesia","-",-0.0125633171045568,-0.00623585825915911,-0.00377677028847152,1.16251787347658,0,9.72384256355807e-05,-0.000394964375170846,-0.00181707005289519,0,0,0,1.18636956123917,0.000839053328109864,1.18636956123917
252,"XD-EG-SD","Egypt",0,"Egypt","",-0.106002933417029,-0.0959147556445414,-0.0346985093268417,0.102084743574635,-2.44356203741984e-05,0,-0.00290411272582793,-6.00240828451026e-05,0.00108580266022131,3.00700491009915e-05,0.00161026469721836,0.246147045048582,0.0928163398684967,0.247062956521261
