"eez_id","eez_key","eez_nam","sov_id","sov_nam","eez_iso3","artisanal_fishing","demersal_destructive_fishing","demersal_nondest_high_bycatch","demersal_nondest_low_bycatch","global_cumulative_impact_2013_all_layers.gri","inorganic","invasives","night_lights","ocean_acidification","ocean_pollution","oil_rigs","pelagic_high_bycatch","pelagic_low_bycatch","plumes_fert","plumes_pest","population","shipping","slr","sst","uv","layer"
0,"AU","Australia",16,"Australia","AUS",0.000409785842730554,0.0243033417337297,0.0147979623796068,0.012300484138877,3.57430037148646,0.00143932876952312,0.00663377821655934,0.000332839332144699,0.954248938949099,0.176654985318609,3.24121074321343e-05,0.00680889065571934,0.0108973818051978,0.0038448734459711,0.000344106605338632,0.0037338787282771,0.122856240804568,0.201581390928601,1.41242144320445,0.620658289336025,1.41666502819488
1,"CC","Cocos Islands",16,"Australia","CCK",0,0.00179769690064563,0.00400915623883017,0.00408339881504505,3.67772314370951,1.06615703354039e-06,0,1.63855982799295e-06,1.1228851259856,0.116767767329775,0,0,0.00449312831342142,0,0,0.000139449828779249,0.0645803125179493,0.000884163914028628,1.60552928498442,0.75255088923503,1.60552928498442
2,"CX","Christmas Island",16,"Australia","CXR",9.56911481462551e-05,0.00197071186026483,0.00510221620360993,0.0048540554131147,3.92220039064076,3.76517595059495e-06,0.000118590212404685,3.38864694755297e-05,1.12476212432155,0.144401168754915,0,5.76097295545324e-06,0.00431544040030716,0,0,0.000200907136620902,0.0812400329921244,0.000871166261129766,1.76849216447982,0.785732648263831,1.76856236465465
3,"NF","Norfolk Island",16,"Australia","NFK",4.47486731804986e-06,0.00592202207192157,0.002824420178919,0.000744380066446327,3.74578602541769,0,0.000568591046978367,1.13103334667484e-05,1.26019729433394,0.187073515421981,0,0,0.000247880629087378,0,0,0.000124444245120852,0.108040179023839,0.00218776174936167,1.43010218738705,0.747737544762029,1.43016568834499
4,"AU-XMQ","Macquarie Island",16,"Australia","AUS",3.89007365306084e-07,0.00035359465064059,4.05936476879833e-06,2.12959188052588e-05,1.93887237629469,6.22158443280965e-06,0,0,0.810638966465956,0.0130532050174648,0,0,2.029228070922e-05,1.87173654532069e-05,1.1605686415997e-06,0.000105169998153675,0.00706559110155054,0.000394342261191951,0.283362237059838,0.823827134553855,0.283379941829641
5,"NC","New Caledonia",179,"France","NCL",0.00118532160348011,0.000476197374993212,0.000286137757304078,0.000400251174982653,3.57955267304678,0.000103735800562886,0.00142373266200294,0.000102892137777272,1.2311863003059,0.141984106965709,0,0,0.000431643002040554,8.76671994036658e-05,3.66754850524024e-06,0.00233387730041824,0.0900476923468564,0.0313033028370932,1.46431096108293,0.613885162638997,1.46529517765041
6,"VU","Vanuatu",6,"Vanuatu","VUT",0.0016265365580614,0.0028225718500702,0.0024149459093057,0.00481474123906413,3.70314321955611,0.000197522231551686,0.000989787312810905,2.73296407416496e-05,1.21696610710895,0.0859961197710055,0,0,0.00680688196652633,9.07306674560575e-05,1.4968998341428e-05,0.00587845916263271,0.0539062794773052,0.0107496628460794,1.72688282857447,0.582957712346507,1.73049426950748
7,"SB","Solomon Islands",7,"Solomon Islands","SLB",0.00181294335169683,0.00453425684259586,0.00359056937727539,0.0232434642369941,3.70681730936842,0.000563615314707139,0.000640422259745732,8.97655290852708e-06,1.1435722030062,0.0631596962541242,0,0.00045683852699437,0.032685814432314,9.87085442831479e-05,1.56049277443211e-05,0.00551085614020794,0.0369372315033834,0.017586752956874,1.75700186160865,0.615397458194379,1.75936725013135
8,"PW","Palau",8,"Palau","PLW",0.000642439519372384,0.00384794018991392,0.0146256907013474,0.0166941528325379,3.81559570105117,4.81166107397583e-05,0.000686861989788778,4.53540757553565e-05,1.1641114483879,0.130541936516226,0,0.0004556971233628,0.0180337062178167,2.65067276526172e-06,5.96252449370259e-07,0.000857233182515191,0.0728244358562101,0.00569763042721078,1.67004416222489,0.716435604537708,1.67017367711664
9,"FM","Micronesia",9,"Micronesia","FSM",0.00017625604670525,0.00225509305110837,0.0081631189990963,0.0141372447754445,3.45936521043261,2.19896521335919e-05,0.000326438144358732,1.81218080998933e-05,1.13912323435228,0.11517241507982,0,0,0.0183699127770634,0,0,0.00053324459999977,0.0655843699461407,0.00688834297427592,1.40853333606311,0.680062052931732,1.40857989720433
10,"NR","Nauru",10,"Nauru","NRU",8.74698835572698e-06,0.0018559923921307,0.0130134837278133,0.0242526782932872,3.38265224225309,0,9.56941050201335e-05,3.17698936665827e-05,1.07446631300429,0.0410550652649457,0,3.06950515259072e-05,0.0219297133603743,0,0,8.26693680100841e-05,0.0211501651620666,0.000130175508328694,1.45073294729465,0.733816108159486,1.45076150061354
11,"MH","Marshall Islands",11,"Marshall Islands","MHL",0.000535976400469371,0.000959054043815698,0.00328097029986722,0.00726694213289262,3.2272779731726,0,0.000222929150990042,2.70364995786353e-05,1.16459837180687,0.0646175269776629,0,0,0.00957699439808234,0,0,0.00144805695609989,0.0385343981556323,0.00978844631324603,1.33542309517202,0.590998139422272,1.33542309517202
12,"UM-79","Wake Island",163,"United States","UMI",0,0.00358815229943828,0.0132767307483868,0.0170372685208783,3.94623904516834,0,5.46834380779484e-05,1.36381009837391e-05,1.26098354866805,0.157353081263016,0,0,0.025187763275861,0,0,0,0.103049344746529,3.76986649192112e-05,1.79726685665369,0.568390232582772,1.79726685665369
13,"MP","Northern Mariana Islands and Guam",163,"United States","MNP",0.000282030594101473,0.00654104017712476,0.0234132066119389,0.0415591630152643,4.13936855695807,0.000267650308429556,0.000278522910179178,0.000130698794863661,1.17491424660402,0.214556272202923,0,0,0.0588948137481631,0,0,0.000482587901043277,0.127106168385267,0.00127226839420872,1.79896929771408,0.690700568995507,1.79940078938967
14,"TW","Taiwan",14,"Taiwan","TWN",0.000636980098457934,0.261750382999718,0.209397790082716,0.088298318989667,4.80865470340744,0.0132150806555404,0.0131905141054699,0.00246264618108373,1.06126755537427,0.424554120622482,6.80192385138309e-05,0.00258777106266945,0.0154594649332517,0.0110417783639088,0.00105921858751998,0.00848600064911528,0.354715202502263,0.0723033713437906,1.69795002184114,0.570210459839682,1.70162606404443
15,"PH","Philippines",15,"Philippines","PHL",0.00937616631066103,0.141005294509986,0.242995211572689,0.129159716553035,4.3767583459262,0.0137484509761458,0.0125750792086175,0.000907402931751639,1.1254055547229,0.239330040571639,1.504043988758e-05,0.00200571897634609,0.0493230588645883,0.00727682292597736,0.000930341147987423,0.0263865241894141,0.154168895494066,0.0962834000533453,1.56495085251851,0.560914747955715,1.57350353284307
17,"PG","Papua New Guinea",17,"Papua New Guinea","PNG",0.00180974442854981,0.0136929131364434,0.0124854453919256,0.0660845518477807,3.68990675027398,0.0029462312284651,0.00245627207171707,5.67459552503073e-05,1.0711912921926,0.134461630190614,0,0.000117334470998271,0.094854325611357,0.000518126757332951,5.30538564188212e-05,0.00847206205849216,0.083748057292717,0.070213143476805,1.58408098880665,0.542664796457447,1.58832537911557
18,"FJ","Fiji",18,"Fiji","FJI",0.00156616497026205,0.00571840122518441,0.00546935895515285,0.00523555781497874,3.91980030445782,0.00072662799120387,0.00186824386418985,0.000118147564005536,1.22257043267952,0.096650022137639,0,9.97900020752465e-05,0.00404179524900167,0.000240008814081451,2.69846723383917e-05,0.00459174563520617,0.0587735442557019,0.030354893380442,1.87780897439462,0.603939571872508,1.8807593035962
19,"TV","Tuvalu",19,"Tuvalu","TUV",7.30429824926969e-06,0.00119133857985158,0.00425629554831579,0.00827008163660065,3.65913551690918,0,0.000393202293357461,6.25719021660965e-06,1.14839020515846,0.0293942648821929,0,0,0.00987698878382855,0,0,0.000409017797049818,0.0163112863268583,0.00520109097514075,1.79917336099776,0.636254795549479,1.80131356374036
20,"KR","South Korea",20,"South Korea","KOR",0.000890006057822262,0.407025814813284,0.414759786867408,0.16653316704621,4.85416427500842,0.0180811380379998,0.042379404148751,0.0105893372181445,0.658169069353263,0.379835681244204,0,0,0.00409536777771276,0.0218334264721858,0.00441207891943033,0.0347339693955797,0.383587471076362,0.317120327033753,1.41564455049434,0.574473680758062,1.42736668093193
21,"KP","North Korea",21,"North Korea","PRK",0.00105612835649845,0.166006275850449,0.109091129964366,0.0514345150171056,3.61019491103582,0.0339910048769578,0.0496305635860166,0.000733570642021636,0.713035641489307,0.232416089892924,0,0,0.0145540612242484,0.00639042544382842,0.001844361678219,0.040960087853111,0.126938865577727,0.277315246361057,1.3109735314352,0.473823421465024,1.323371534189
22,"XD-PF","Paracel Islands",22,"Disputed","-",0,0.14503344357337,0.173066620933829,0.068346428153743,4.34740689175432,0,0,1.86602455679553e-05,1.11737022856366,0.378061150055836,0,0.000978002086560744,0.0152157765341969,0,0,0,0.269926811383674,0.0132226574541094,1.59180310526243,0.574363996359776,1.59180310526243
23,"XD-PG","Spratly Islands",23,"Disputed","-",0,0.1944099625975,0.277338868497885,0.129654992145322,4.19274396067397,0,0,3.26804166206328e-06,1.08868605292519,0.258396134143526,0,0.0217714637198819,0.0550019136529291,0,0,0,0.185102621905543,0.0229710742425415,1.38648513339235,0.572922413965296,1.38648513339235
24,"KH","Cambodia",24,"Cambodia","KHM",0.000988280889804793,0.491109812093784,0.395109548654724,0.160588785806741,4.08879013943776,0.0119391387741615,0.0346155031592028,0.000418572777843199,0.472969482134478,0.263106650483507,0,1.42388796100326e-05,0.00395806783826904,0.00286738419691114,0.000164405133651244,0.0228272234840728,0.19349912901435,0.701266188861059,0.883416251104403,0.449931466789321,0.891788012255376
25,"TH","Thailand",25,"Thailand","THA",0.00336753683318092,0.295774108168989,0.205739049173723,0.106359428350744,3.97226999391619,0.0234219375705566,0.0364222420958712,0.0048058439052513,0.688563978322565,0.213098533839893,0.000586101271454729,0.00140327528970935,0.00413078384599351,0.0268444898518893,0.00534162019802451,0.0259637531596046,0.188354890123509,0.441504255224977,1.26597392386917,0.434614222678326,1.27496807621211
26,"IN-XAN","Andaman and Nicobar",203,"India","IND",0.00034931109845504,0.0965854442900417,0.0886243288995048,0.0434162917540515,3.80045890184878,0.000851449095970962,0.000407727643895715,0.00011785112592421,1.05653561556767,0.0842388216049212,0,0.0126608992750908,0.0104763079623625,0.00160751825084983,5.79995591740561e-06,0.00541675978622577,0.0509709502377572,0.0379170669530508,1.66492683078669,0.645349892884638,1.66734675318125
27,"XD-KU","Southern Kuriles",0,"Disputed","-",0.000341330256199007,0.0714912515050697,0.0394018093981811,0.0525122175364284,3.20345647352124,0.000389829476431838,0.00102155439899479,0.000117390210035203,0.842180341129341,0.31698975861617,0,0,0.00942136464160688,0.000722210979326885,0.0001091849934771,0.00450560374950758,0.200978906745079,0.0278344541836318,0.836631210425029,0.798808050522016,0.839130334994431
28,"KM","Comoro Islands",28,"Comoro Islands","COM",0.000467897705075881,0.0145941874734004,0.0120618619090672,0.0129457815207963,3.84292663856124,0.00162254344042504,0.000966228305881633,5.97681129707637e-05,1.12098126593099,0.137584129998667,0,0.00346433682421096,0.0104862153844788,0.000827159513378601,0.00013030826859095,0.00399844647976292,0.0772873247081675,0.00872655113284629,1.75258787946501,0.684134705455563,1.75559952334464
29,"YT","Mayotte",179,"France","MYT",0.00037692102084413,0.0134797051660802,0.00429755146252803,0.0200853089917275,3.73366795777847,0.000943689400109609,0.00381234046859144,0.00117287819622051,1.10452344371107,0.112554097432845,0,0.00238573664979194,0.0260703829669721,0,0,0.00603838937809059,0.0616079853281235,0.0314999492752462,1.63811296681442,0.706706553924326,1.64103069650333
30,"TF-XGO","Glorioso Islands",179,"France","ATF",0,0.00227257091429129,0.000355005608576485,0.00709651884047041,3.64813730920132,0,0,0,1.13561985631401,0.10198094665227,0,0,0.00979083533369869,0,0,0,0.0592363110060952,0.00651001278748342,1.70143402555818,0.623841167517577,1.70143402555818
31,"SC","Seychelles",31,"Seychelles","SYC",6.48129039081753e-05,0.00256366420562633,0.00121073018512246,0.00952419028798653,3.61304378804325,4.37223714546548e-05,0.000618602486243204,6.41409092479368e-05,1.09635006270245,0.0798700432112022,0,0.00681262451831222,0.0131821084614812,1.69595307018824e-06,3.05511002443662e-07,0.000375582396438628,0.046975934214193,0.017198993423964,1.70716569321611,0.631020844225668,1.70732695232778
32,"RE","RŽunion",179,"France","REU",8.97392782570769e-05,0.000833397369527179,0.000992160928732143,0.00417936438011864,4.36398155466437,0.00121638464700782,0.000460785833403732,0.000391568906063767,1.18148909408433,0.242379736959821,0,0,0.00578879775269453,0,0,0.000929891589137823,0.140796386739058,0.00141304902694926,1.97977240029308,0.803248747119123,1.98034599560122
33,"TF-XJU","Juan de Nova Island",179,"France","ATF",0,0.00108326299102917,0.000573681411351465,0.00302517127012298,3.83479020507167,0,0,0,1.12165166605321,0.15903913921088,0,0,0.00414528379228689,0,0,0,0.0948450028375665,0.00145021863520994,1.78211810483975,0.666858627096014,1.78211810483975
34,"TF-XBS","Bassas da India",179,"France","ATF",0,6.22774275980754e-07,9.49108757660605e-05,0.00197539241398839,3.99803520324604,0,0,0,1.15862102201488,0.161961152504595,0,0,0.00277613951727321,0,0,0,0.0899963515361413,0.00148910291391384,1.77149292707982,0.809627539076356,1.77149292707982
35,"TF-XEU","Ile Europa",179,"France","ATF",0,0.000260159341120649,0.00043051583748775,0.00237461325890824,3.85558958967822,0,0,0,1.1715244013983,0.0780512332747508,0,0.00327219277030771,0.00330711000282026,0,0,0,0.0430877717505631,0.000414836046330135,1.71251616343072,0.840350548397304,1.71265903980011
36,"TF-XTE","Ile Tromelin",179,"France","ATF",0,0.000138519264076298,0.000440036153953816,0.00493154795768943,3.83685269673677,0,0,0,1.1316370051697,0.0875801757860885,0,0,0.00694874826727889,0,0,0,0.0471724602312202,4.52418776433347e-05,1.85084816731565,0.70711072160147,1.85084816731565
37,"MU","Mauritius",37,"Mauritius","MUS",8.07832813069752e-05,0.00528096751136929,0.00340485715867207,0.00743125334111283,3.78239146241724,0.000417878825299157,0.000229191260264538,0.000133727325099712,1.16763288055932,0.115334169068027,0,0.000231552359693076,0.00928367223783081,0.000375267067440113,0.000248799697406116,0.000431288580153831,0.0695184983672437,0.0100452702488668,1.78018030103723,0.612131063575829,1.78032728353147
38,"IO","British Indian Ocean Territory",180,"United Kingdom","IOT",0,0.000860227150337103,0.000779931884199646,0.00404405797524359,3.64268207717787,0,0.000319083181445678,5.95872275078288e-05,1.10790141136623,0.112549121692253,0,6.93807205999218e-06,0.00600028121508284,0,0,0,0.0626502697987731,0.0340915377536376,1.66845923204727,0.644960345898675,1.66845923204727
39,"MV","Maldives",39,"Maldives","MDV",0.0016478485727315,0.0164702224856758,0.00318582562970242,0.022848917821391,3.72833835086999,2.8388026464423e-05,0.000362751021306059,0.000558923649055288,1.11754734438365,0.122824824390377,0,0.000131902661041326,0.033724164312623,0,0,0.00565219054873813,0.0763154103839733,0.0321899551482991,1.62277156601236,0.672078069012459,1.62277156601236
40,"LK","Sri Lanka",40,"Sri Lanka","LKA",0.000465705414810057,0.0615591487085587,0.058900753344045,0.0489843874046185,4.74374919939125,0.00940966450842268,0.00535271637154533,0.000885475868519191,1.06761858057799,0.202985785467692,0,0.851725425883222,0.0335575017668945,0.0104420238258571,0.000396689486325394,0.00752619391512827,0.119483133320212,0.0467422066817297,1.58728609365979,0.630427647479981,1.59049429865962
41,"MZ","Mozambique",41,"Mozambique","MOZ",0.000954734712259181,0.0566905846944316,0.00692944650392639,0.00605795053707401,3.71647643271221,0.0131596745360082,0.00863571986051859,0.000211243082539143,1.03500720113698,0.139415784149773,0,0.0019437632794704,0.00250026342503496,0.00568163993580272,0.00107284709510043,0.0113533437624446,0.0845900985197812,0.129019103512891,1.66432526098885,0.548927739915396,1.67287098708091
42,"MG","Madagascar",42,"Madagascar","MDG",0.000959576992734422,0.0480896525148611,0.0108378293276936,0.0120032119190009,3.90211732387728,0.00780473608427144,0.00430921944687207,5.27941086923084e-05,1.10901546526917,0.122607852344601,0,0.000590947098505589,0.00758451684336134,0.000720006268579619,2.05449848663531e-05,0.00816139804261797,0.0711328545180851,0.0589183801935333,1.76960616752747,0.669702117182657,1.77543016470119
43,"KE","Kenya",43,"Kenya","KEN",0.00211092005235413,0.0213626860521387,0.0104171645894983,0.00606866891662772,3.39741859112984,0.0173743542353741,0.0028178965013293,0.000903171011966032,1.03665549400612,0.0561713565593167,0,0.0123221012182561,0.00268088364892307,0.0121864544885694,0.00197297672560945,0.0127216383638652,0.0294321663573882,0.0459625466965549,1.67817187292193,0.448086202039598,1.68745479485694
44,"SO","Somalia",44,"Somalia","SOM",0.000234941746800709,0.017229577479979,0.00630715488034155,0.00489893890841846,3.52159526827805,0.00574821256574289,0.00260001283317669,2.47538412678458e-05,1.0521763496453,0.0916363610153969,0,0.00440569914104837,0.00363977083290877,0.000748894058508498,0.000150749977379988,0.00523775764284141,0.0542889556783495,0.0326283893641784,1.67668075927494,0.562957964882773,1.6812489661356
45,"ER","Eritrea",45,"Eritrea","ERI",0.00392908412317116,0.0431958463944664,0.0245487292685946,0.0114899588945659,3.06304103618476,0.0123291810024096,0.0321107652866119,0.000340227230096051,0.684291344748619,0.221519227742725,0,1.26804652816876e-05,0.0012868233897522,0.000139645139777917,9.34158843738832e-06,0.0338269564816571,0.176361794239435,0.465732800155994,1.06190077879301,0.290015852793354,1.07921076014011
46,"DJ","Djibouti",46,"Djibouti","DJI",0.00773352961677755,0.1734163530567,0.0666694527824327,0.0425348879850295,4.03460368889608,0.0302789709357378,0.108743727331275,0.00508132551373842,1.02978804857597,0.220800376445785,0,0.199588719674154,0.00486503635232481,0.00208752520641562,0.000334770040361469,0.0749703708473813,0.134784314478687,0.222865141279068,1.38301898423356,0.327042125487705,1.41528240340084
47,"YE","Yemen",47,"Yemen","YEM",0.000386558143122791,0.0670519474671825,0.0224980528036823,0.0278579939748813,3.90465230603344,0.00801419604978645,0.00896727156892919,0.000480904873395342,1.02835623141567,0.313935711174893,0,0.0459221660631665,0.0136416951364651,0.00208977521817187,3.53341403098772e-05,0.00691510187499561,0.214635252279616,0.0509541344313228,1.59823401712542,0.494675958299201,1.60268634501144
48,"OM","Oman",48,"Oman","OMN",0.000485198858970775,0.0356351006970693,0.016898147207471,0.0191096898519432,4.0648770499966,0.00332856717042333,0.0031395226858043,0.00109071484701027,1.01631687134117,0.316428657663237,5.47532404652841e-05,0.0179545132757818,0.00696808001622596,0.00143036868470262,9.38770341605794e-05,0.0053724514596136,0.203802076600124,0.0474564395405314,1.77288502712257,0.596426984080297,1.77876514379925
49,"SD","Sudan",49,"Sudan","SDN",0.00105008702754741,0.0647201882974799,0.0208663815208605,0.00887158617842037,3.68775463704978,0.00955652634775434,0.0163283143076932,0.000602450342746761,1.07522837385948,0.242613439316061,0,0.00048218303879533,0.000244631541457581,0.000629481270475939,3.00830208798026e-05,0.0189760195030055,0.195148189797206,0.221801351171134,1.52865077398268,0.281954577385838,1.54181145017383
50,"SA","Saudi Arabia",50,"Saudi Arabia","SAU",0.00196218196163574,0.0551791780969442,0.0434714178951062,0.0262597264956715,3.54347109281886,0.0180840220939258,0.056602862225519,0.00691284104163506,0.898922458429513,0.262158138445819,0.00331484976914565,0.0138487610092487,0.0014974072052262,0.00835594654637329,0.000429091679559351,0.0245191778045514,0.19902840992035,0.380751514955018,1.29298919719791,0.249183911940943,1.30918252463276
51,"KW","Kuwait",51,"Kuwait","KWT",0.00266599919994134,0.114719977621702,0.075203359947571,0.0346441652993299,2.92730629114064,0.0647660997088575,0.287094843143921,0.0214189153681134,0.336264142688824,0.373586727087067,0.000518211430263548,0.0220883026913189,0.00196955310919747,0.0328959291454611,0.00425019346303834,0.0507631903916359,0.159043199161268,0.54092166308218,0.606032305097868,0.198459522800312,0.620259327459012
52,"BH","Bahrain",52,"Bahrain","BHR",0.00313949520938276,0.131687093497993,0.10176481590212,0.0495918953206254,2.88579231049158,0.034604422253194,0.276740880588653,0.037970702781221,0.217743576295861,0.347780455278048,0.000152555305843222,0.0379901792828497,0.00174624041642981,0.020215940925275,0.000507395931468153,0.0763918382011235,0.0863653044678799,1.04251983975246,0.346932454292984,0.0719472440995395,0.354849578761929
53,"PK","Pakistan",53,"Pakistan","PAK",0.00016786919682926,0.1404435407091,0.0631096882183686,0.0433906038806349,4.36511509394283,0.0139661919478573,0.0121902067870745,0.000676180858697442,0.969263932315107,0.410873129551707,0,0,0.00248793234236867,0.0109352378366956,0.0027554682335126,0.00791679479776338,0.30032962583054,0.102975449161954,1.72804181965062,0.555591428094132,1.73660982847982
54,"AE","United Arab Emirates",54,"United Arab Emirates","ARE",0.00163691770976404,0.193257050412837,0.181357720798581,0.10760526285574,3.37165622093798,0.0286907978172842,0.216163224256049,0.0143467323719993,0.299448664649192,0.405736192058368,0.00198557391587176,0.0962779743681441,0.00351566924972738,0.0241636645703566,0.00298483494702689,0.0370513576199989,0.17467118340755,0.913352525567275,0.493231561614898,0.176179325010988,0.4983762890547
55,"PT-20","Azores",183,"Portugal","PRT",1.91233686264158e-05,0.00819532276997397,0.000986673624943721,0.00266870145787346,4.35679546004414,0.000281164267629852,0.000401099669137294,0.000230706924618478,1.17842251686759,0.365340670937101,0,0,0.00196966798281133,0.00052513368936389,0.000121040225279205,0.000830250202090104,0.241382786584349,0.00113358658653438,1.80842196109862,0.745865010332649,1.80924214352342
56,"CV","Cape Verde",56,"Cape Verde","CPV",8.94849924093256e-05,0.0019902261862862,0.000786536589011195,0.00446319051043637,4.38735305003576,0.000465622880508663,0.000591028594481987,0.000107070079844712,1.15044688088583,0.250005002533093,0,1.3380371757266e-07,0.00495068531132367,0.000109697908362286,1.59379171752336e-05,0.00145324460534235,0.143521649763715,0.00417777432301442,2.10542518566836,0.718753648070109,2.10679678619329
57,"PT-30","Madeira",183,"Portugal","PRT",1.7769826030197e-05,0.00108423563011489,0.00198326917062526,0.0114846478751128,4.30829864966125,0.000432693766427827,0.000136544318197188,0.000229985146361924,1.15440398312838,0.385007156155369,0,0,0.00332406478737214,0.00022471886474678,4.96486283536149e-05,0.00062423447020004,0.236395193408408,0.00109782285911221,1.68103781356379,0.830764843936886,1.68146690240735
58,"ES-CN","Canary Islands",182,"Spain","ESP",0.000121453757941031,0.0207753927457173,0.0297325077281785,0.0331848644284271,4.44499777603474,0.00268142630799062,0.00101204797773573,0.00106612517926029,1.1284995728379,0.369175138826031,0,0.000545177471308128,0.0097620859973898,0.00112446025298451,6.13458106520325e-05,0.00381161449428051,0.233870946956579,0.00766018944177365,1.81300626189477,0.788907135317317,1.81662855772343
59,"BE","Belgium",59,"Belgium","BEL",0.0004080139562092,0.123165100803493,0.100988995173638,0.0372252698883817,4.10663133704406,0.0951384061297955,0.698687824048337,0.0166483670661483,0.17555445283463,0.729055838315134,0,0,0.00287851603282557,0.0490979659594917,0.0053341260721283,0.0492595557957021,0.273564250023115,0.952262387105397,0.581550749341396,0.215811518509078,0.594784901382265
60,"GI","Gibraltar",180,"United Kingdom","GIB",0.00179681849637718,0.156458599639661,0.131097890843045,0.140593824949529,5.10480586157905,0.207436954914771,0.153775978088379,0.0287819125435569,0.9756264063445,0.895111308314584,0,0,0.024936742237722,0.0784797179966527,0.00697699183670332,0.0605651249789228,0.657973384134697,0.0872672809494866,1.49792691890639,0,1.50706061963143
61,"TN","Tunisia",61,"Tunisia","TUN",0.00248373103913632,0.1357463813255,0.135409329133898,0.0714507693588516,4.38712943874369,0.0301575384769278,0.0847584999481707,0.00487768209642801,0.869599358486807,0.424642527446041,0.00103351058540901,0,0.0127328975641851,0.0169825478153117,0.00252493564569497,0.026834661140225,0.405218934340456,0.28405508209469,1.44467959046809,0.433941465579182,1.45449509318351
62,"MA","Morocco",62,"Morocco","MAR",0.000629032065789247,0.125126515815611,0.153189661789156,0.268921158534026,4.88179609918677,0.0210734067282236,0.011921802676899,0.00160845835164412,1.06560004595842,0.417337041143599,0,1.24605953129455e-05,0.0119799803834628,0.0144320140671094,0.00314097893588903,0.0114713558473864,0.330638499914635,0.0417216115795302,1.70949714300232,0.693494927046422,1.71338843308458
63,"EH","Western Sahara",62,"Morocco","ESH",0.000107120384030096,0.0628750061710921,0.126452726394804,0.0966514911124643,4.59092468362655,0.000486816748185271,0.00731919982772915,0.000194165682150285,1.01403726847041,0.404602615876063,0,0.00114322486246999,0.00676109475227945,5.61165163527664e-07,4.05117046122906e-08,0.00288876428072987,0.295328148896249,0.0987675281292355,1.83199480478441,0.641314097242808,1.83658246003821
64,"MR","Mauritania",64,"Mauritania","MRT",0.0003266447308487,0.0793030858369534,0.120865755647759,0.068581349817287,4.50945463436635,0.00466133834540256,0.00609575183962378,0.000198136151410698,1.02388693292012,0.364774728725555,0.000357746446894975,0.00733352162998254,0.00403163009529053,0.00099072966231583,0.000110451827880664,0.00783320172628469,0.243041700518721,0.101226608951032,1.91673591743213,0.559099378445075,1.92716029493996
65,"GM","Gambia",65,"Gambia","GMB",0.000632476178371276,0.0549093880393036,0.0580066514870714,0.0655220863512068,4.51410783606404,0.0172040554301676,0.0378125359124367,0.00100245492547721,1.03641175576324,0.306068530954204,0,0.0399152623983702,0.00446588850405046,0.00731579126914865,0.00301088735953324,0.00825760452694469,0.209086342304181,0.0956903911038836,1.88893561433675,0.679860092653483,1.88997056653622
66,"SN","Senegal",66,"Senegal","SEN",0.000325198096778826,0.0465426118620721,0.0444539383646885,0.0540409953386529,4.48771761183481,0.0102654091624606,0.00792291159415608,0.000669019358549599,1.06582424381308,0.292137981155076,0,0.0210387995906434,0.00513933516808806,0.00365652458728498,0.000396845560752252,0.0070712072633355,0.193182351906953,0.08736791530823,1.95317269942657,0.694509596450972,1.95670763774759
67,"LY","Libya",67,"Libya","LBY",0.000872610375009869,0.0194134810421794,0.0442711700072757,0.0123397815221966,4.29213002245136,0.00777035692962969,0.0159246779960357,0.00157448646667824,1.10843732175995,0.319568183910764,0.00159928516676883,0.000224606241792038,0.00251084606335129,0.00591940275426492,0.000896101464037689,0.00760988047840155,0.228402227922293,0.0481778567384781,1.8759968965563,0.59062083597273,1.8791957001361
68,"MT","Malta",68,"Malta","MLT",0.000266314315547962,0.0649581207423817,0.0663665181128744,0.0392786538161395,4.37671289751102,0.00561156305236847,0.00546908096720357,0.00131757899451424,1.11853219637944,0.408654703966083,0,0,0.0164001800599162,0.000709087545424175,0.000366247672750938,0.00501934458249332,0.35112851189124,0.00717580778023814,1.70533553208215,0.580123449238696,1.70645832514617
69,"LV","Latvia",69,"Latvia","LVA",0.000539556713701174,0.0134158930945795,0.167027686340695,0.167342061763986,4.0518517803505,0.0448338371957161,0.133334297560526,0.00311704971426962,0.0176113453028506,0.434766760288715,0,0,0.107413761776745,0.0487012482070157,0.00957771525007656,0.0272789975205649,0.478422259860473,0.403881240837169,1.45659348385443,0.537994593204869,1.47189271110094
70,"EE","Estonia",70,"Estonia","EST",0.00209763062406615,0.00831940196179545,0.104148122693803,0.126000425557919,3.56630768999799,0.0405208817811991,0.13174980645008,0.00651224129212445,0.00950199549834732,0.453340005462698,0,0,0.0502891882133002,0.0378421463661206,0.00183029717236095,0.0652372388534235,0.365691350940853,0.778863640324148,0.968091674878808,0.416271652270854,0.990086175661544
71,"BG","Bulgaria",71,"Bulgaria","BGR",0.00153957129364333,0.0104865171525062,0.00584399137457492,0.0325337100187483,4.65236722503178,0.0235514467953061,0.0395391994696644,0.0033931822621911,0.984674073567575,0.487400013233255,0,0,0.00159062412896594,0.026262051723415,0.00490747924118761,0.014791103580672,0.450434291474104,0.0589984354877828,2.03922020727641,0.467201323256843,2.04717435920758
72,"RO","Romania",72,"Romania","ROU",0.00120913761776573,0.000852756955154582,0.00171414500491114,0.00968925191629924,4.46082115554264,0.0301126053278172,0.0429923912156914,0.0019179305066094,0.829249312839276,0.446311510138733,0.000962840379118399,0,3.01037976070764e-05,0.0259196544612684,0.00677188069635789,0.00952480830632154,0.534595401857479,0.160399164918743,1.90222642773055,0.456341828422222,1.91043241522305
73,"RU","Russia",73,"Russia","RUS",0.000275052514675481,0.134676061303343,0.0461288557237736,0.0436917264468153,2.36676662748709,0.0021290873883072,0.00364455508219948,0.000287781852404563,0.575970543168498,0.0919026082027825,4.48480973607461e-06,6.51462077362134e-07,0.000577839665816478,0.00105804830228928,0.000243820394958399,0.00364655261457248,0.066380233883963,0.0820777051766611,0.866422551411682,0.447648458367452,0.983511364831596
74,"GE","Georgia",74,"Georgia","GEO",0.00128693669184616,0.012366415598799,0.0113486793330923,0.0454954360236609,4.40176648893622,0.0431101202021374,0.0255532023328442,0.00489765781293562,1.11700931415475,0.360608841086289,0,0.000628256205595095,0.00266236010720045,0.0139724614211308,0.0037331158438073,0.0249088735961671,0.269187534890347,0.0606307659750638,1.96860705628972,0.435759458674859,1.98446890956144
75,"UA","Ukraine",75,"Ukraine","UKR",0.00151150124537115,0.00346426647714927,0.00336171874133578,0.0364469520202633,4.10581650270009,0.0454458181784771,0.0868403988820694,0.00316189015523066,0.772287562618532,0.396363754203436,0,0.000228178886623434,0.000207881050316304,0.0443100550792977,0.0141856586710335,0.0297672082852743,0.293568883731467,0.404127812362875,1.5324423736308,0.438094588640427,1.54758837263182
76,"TR","Turkey",76,"Turkey","TUR",0.00171329108302783,0.0902007565703924,0.0642083209548315,0.121302327864491,5.01478318979121,0.0468866487218729,0.0527848482390945,0.00780870121263342,1.07223272782122,0.497299880801036,0,0.000164772843356699,0.015977055375128,0.0479689862860581,0.0116283021029802,0.0379159660702746,0.366605877536609,0.0964250048021338,1.94006910970815,0.543590624376558,1.97294705996067
77,"SY","Syria",77,"Syria","SYR",0.00278677979269452,0.0880775542789358,0.104141887102324,0.0530332172318454,4.76742864332084,0.0646160626316015,0.0786979147150035,0.0121259661928936,1.10770392529984,0.436764104806059,0,0.00491513376216525,0.0219758845642045,0.0814843066023223,0.0211641948543118,0.0428609630278881,0.293280764795298,0.079874757175805,1.89077729297029,0.383147969896106,1.93125314697604
78,"LB","Lebanon",78,"Lebanon","LBN",0.00108052323562228,0.0547200038125915,0.0936561799171153,0.0650741082707977,4.88729781514646,0.0548922868769408,0.0300431829697336,0.00910017888290426,1.1458413620345,0.457905791102762,0,0.012598012009179,0.0224847518227117,0.0300463777735521,0.00785577928030649,0.0255034835673009,0.329005888529199,0.0293616406373555,1.99400306597709,0.524125166883678,2.0101863846778
79,"IL","Israel",79,"Israel","ISR",0.000608688852278625,0.0489768399013489,0.0844535998971658,0.0281574720457196,4.68534364586624,0.0571244960868144,0.0856388968125862,0.00808923887552,1.08963468728907,0.423119873527861,0,0.0148557004067389,0.00322303140657936,0.0575049513881241,0.014777676058133,0.0229104059929941,0.321850528775126,0.0966177276452382,1.9367980049526,0.391001819681654,1.94908872917422
80,"GR","Greece",80,"Greece","GRC",0.00197608761511499,0.102872725965905,0.0664536238930081,0.077204630256052,4.92376604139027,0.0224371671732384,0.0309631065270611,0.00540008269875253,1.08805028317695,0.545393124904472,0,0,0.0214345492842508,0.0130850975425977,0.00198315400052872,0.0286343743779989,0.422414154309783,0.0742946502363345,1.81360686817584,0.607562363720158,1.83357210666308
81,"CY","Cyprus",81,"Cyprus","CYP",0.000453774095800843,0.0268446101753504,0.0222126285430536,0.0146194106891391,4.79997355206897,0.0079339072785921,0.0102442831913512,0.00254369241124186,1.17300675729512,0.501064100343902,0,0.000770339697530119,0.00430164239260271,0.00563402912876055,0.00161959019912459,0.0095779350501906,0.34977618099683,0.0221559016350079,1.98232195582454,0.664892820279405,1.99344159446429
82,"AL","Albania",82,"Albania","ALB",0.00925156317757276,0.0926500471676828,0.0679145388266079,0.0348896307355096,3.92112851502327,0.0974216685033677,0.218966381146624,0.00572417008871872,0.774902766578829,0.415262712478139,0,0,0.00326446908556005,0.0850384289968013,0.0127129743767295,0.0607089881071193,0.312450126501556,0.249954825346148,1.19122994504296,0.288785280227398,1.21384908836446
84,"DZ","Algeria",84,"Algeria","DZA",0.00126191289942515,0.0427430945281122,0.12543412933477,0.0996489035052989,4.80725734325251,0.0333968820878297,0.0206764131551888,0.00356894414222705,1.11791940290703,0.58867219445748,0,0,0.0101063579057082,0.0114083787713154,0.0022632657668323,0.0166261789333218,0.434614138679771,0.0229065292581764,1.56185700892034,0.714153592390741,1.56647201331021
85,"SH-AC","Ascension",180,"United Kingdom","ASC",1.20360562464571e-06,7.20189682176102e-05,4.14666871325898e-05,0.00100498037274941,3.83584941038444,1.11017719981605e-05,0.000266744496629041,1.47413055432691e-05,1.10896462441709,0.0481201373945596,0,0,0.00137598172765882,0,0,0.000109938335595915,0.0264909792043832,0.000288483172394742,1.93116077306267,0.717926202696419,1.93135427918762
86,"SH-HL","Saint Helena",180,"United Kingdom","SHN",4.13171377926678e-06,0.000251303366638492,6.37312936054454e-05,0.000853217963959847,3.42500019107595,2.3213653014488e-05,3.21929190046126e-05,9.15285886668562e-07,1.06474831856365,0.0482266489857909,0,5.55242431397653e-05,0.000468306664149446,0,0,8.87926766140974e-05,0.0254781882829964,0.000746788453764215,1.48404343709156,0.799915448265766,1.48405502285364
87,"BR-XTR","Trindade",171,"Brazil","BRA",0,0.0103595863261258,0.0112174402192824,0.00847530702222102,3.15238013615416,0,0,0,1.15325737012187,0.0518413625175908,0,0.0158620243839771,0.0125612945083854,0,0,0,0.0276674891832368,7.04556200022398e-05,1.0377955340728,0.823272225156705,1.0377955340728
88,"SH-TA","Tristan da Cunha",180,"United Kingdom","TAA",3.36671754006348e-08,1.80662187525232e-05,0.000715194877964309,0.000214503438245403,3.55284428479595,2.68517563772793e-06,1.01673789363914e-05,0,1.01060029983059,0.0359154580832594,0,0,0.000301195118740669,0,0,3.63852407761588e-05,0.0210606445971296,0.00123436073356772,1.77987750067082,0.702857784426568,1.77996182483801
89,"GS","South Georgia and the South Sandwich Islands",180,"United Kingdom","SGS",0,0.00205793920153317,5.08979041111778e-07,0.0037694522992164,2.82621802189521,0,0.000237581631174115,3.47884500830519e-07,0.764890973721044,0.0222117732977186,0,0,9.58260904045834e-05,0,0,0,0.0122958549152115,0.0041947002409706,1.22005817151302,0.796404878888428,1.22033392369848
90,"ZA-XPE","Prince Edward Islands",102,"South Africa","ZAF",0,0.00153681653206603,4.25263628790267e-05,1.50669333024808e-05,2.00342567011763,0,0,0,0.880639754270893,0.0201102410659508,0,0,4.77331321594629e-05,0.00027213858132517,3.87204754276282e-05,0,0.0142411252625435,0.00046683641614708,0.500351073082994,0.585663630940974,0.500366773037113
91,"TF-XCR","Crozet Islands",179,"France","ATF",0,0.00243068374046371,0.000172964437224955,7.74557551589729e-05,1.92474872206566,0,0,0,0.874889712651036,0.014907416109692,0,0,0.000116125138429294,0,0,0,0.00987814404640236,0.00258377379253956,0.391738651802906,0.627953788323271,0.391859598146082
92,"TF-XAM","Amsterdam Island and Saint Paul Island",179,"France","ATF",0,0.000378246660436417,0.000462731852372939,0.000262761190864449,2.78683940772974,0,0,0,1.13464667858904,0.0281235682962181,0,0,0.000409748801223324,0,0,0,0.0172011157576172,0.000117220939370153,0.91635359379358,0.688883720841372,0.916377139142695
93,"TF-XKE","Kerguelen Islands",179,"France","ATF",0,0.028854724784187,0.000157358462116219,3.91917939864882e-05,2.04755570999232,0,0,5.63668140990733e-07,0.763369656825642,0.0179440453055321,0,0,0.00016020707983321,0,0,0,0.0126085246242562,0.01880908449506,0.561580721189032,0.644031628077255,0.562177848767644
94,"HM","Heard and McDonald Islands",16,"Australia","HMD",0,0.022342628073546,0,4.76695612819937e-06,2.7862960399475,0,0,0,0.714680962007739,0.0088109033272154,0,0,0.00217753756515636,0,0,0,0.00531516889661611,0.00364481418449541,1.35972243114013,0.669596827768915,1.35999643694923
95,"FK","Falkland Islands",180,"United Kingdom","FLK",6.92398171811356e-05,0.0923985506461478,0.0100450277242276,0.00344972176051152,3.05019409907604,0,0.000976402510109297,1.8415087918815e-05,0.871123537481186,0.0360282620354102,0,5.44116112723849e-07,3.20394632054954e-05,0,0,0.00128438898298518,0.02963010365079,0.0446334728394951,1.3228158481003,0.637688520832773,1.32469888702895
96,"SL","Sierra Leone",96,"Sierra Leone","SLE",0.000213747217271385,0.0700195584723072,0.0917466115257858,0.0398909251514936,4.36642645606629,0.00680789723573984,0.00832670189301145,0.000119277421924447,1.03655411976001,0.273384405858027,0,0.0192962691937664,0.00745622917617724,0.00432500579257716,0.000493594097159308,0.00804015751156051,0.164719927767515,0.134900235051426,1.81008748625983,0.690044269328939,1.81680930704173
97,"LR","Liberia",97,"Liberia","LBR",0.000156400381970704,0.01793091638701,0.0233649968980658,0.0114218743746894,4.16325313072691,0.00692753995764513,0.0134747161768399,0.000146792092182918,1.0986172856498,0.244656215583069,0,0.0418565030384899,0.00444042399147308,0.00233005115128533,0.000208517272550421,0.003644876629432,0.146849638155478,0.0383297902171185,1.86578202611429,0.643114516791161,1.87085514147765
98,"TG","Togo",98,"Togo","TGO",0.000818864941007348,0.151803744006696,0.0762362403504797,0.100599002069944,4.36134547297124,0.0135512409300675,0.0772741948800842,0.00143942566175356,1.24343376441186,0.286324746397764,0,0.179766340144523,0.0330544578986824,0.00300005826166889,0.000455257602273101,0.00715491527045815,0.220803762980314,0.0613559139941159,1.59321521555804,0.311058322782425,1.59914964776228
99,"BJ","Benin",99,"Benin","BEN",0.00192006626439285,0.0718779537314012,0.0679259548039976,0.0469676457144852,4.07589003328058,0.0225117204175138,0.0386000819311868,0.00104912720220246,1.2403847718724,0.275804179101328,0,0.0892888058416844,0.0301489275888306,0.00718543727574387,0.00102726061221543,0.00746018377320271,0.240208892206156,0.084332870984178,1.58055494330383,0.268641201194482,1.588986878955
100,"CG","RŽpublique du Congo",100,"RŽpublique du Congo","COG",0.000286211982943709,0.0698712800247314,0.126245172097961,0.0288939475612546,3.9317517551422,0.0147738190239167,0.0327506993099463,0.00120407980357993,0.946878915169445,0.179467829486434,0.0312451467803074,0.165173623911041,0.00223014412267,0.000513652619981761,6.31563351003245e-05,0.00768755640780666,0.111085024766641,0.0788231547211267,1.59473947468342,0.539818847859961,1.60161692568599
101,"NM","Namibia",101,"Namibia","NAM",0.00012430527539759,0.0177458463387324,0.00696445172221551,0.0838409494172762,3.53650121643822,0.00234323568297697,0.00162911466873014,0.000114659636505463,1.01732749658087,0.163723505967777,0,0,0.000260533241116874,0.000513117075678355,0.000333311087501197,0.00117205268604095,0.126121418948866,0.0191706357100599,1.47290802976159,0.622208524500233,1.47583395320768
102,"ZA","South Africa",102,"South Africa","ZAF",0.000187786926904604,0.0171835343013412,0.00448721336540811,0.0596681630606409,3.90312751241226,0.00549955713839662,0.00400918755221333,0.000543076538326669,1.11624570468198,0.215529980521412,2.05284513306814e-05,0.000880374487474141,0.00163548323414676,0.00377750761675887,0.000625069438506017,0.00396966877530632,0.159236724763432,0.0256372214277976,1.57169302210551,0.712297684528634,1.57463715586242
103,"ST","Sao Tome and Principe",103,"Sao Tome and Principe","STP",0.000163239059553464,0.00861859970269123,0.00586566257784547,0.00998570391617049,3.69732618573049,0.000890697825257258,0.00143251951020772,0.000150118797275502,1.01571125179563,0.157885414780176,0,0.103196811753003,0.00672842911275979,0,0,0.00256209522874126,0.0952017500080258,0.00892505963783859,1.66624085170075,0.61376795197339,1.66780048446333
104,"GQ","Equatorial Guinea",104,"Equatorial Guinea","GNQ",0.000147480390349072,0.00540753594911291,0.0121664268012476,0.00785092682135624,3.60030082375793,0.00125330100119321,0.00382340914156223,0.000159595194761959,1.00270811059926,0.167381095101916,0.0062144725271418,0.0142243300871139,0.00575108643070741,0.000798585819510952,0.000115790538786109,0.00181184071312277,0.0998665978229228,0.0160202276896471,1.57720691109937,0.677393080771857,1.57853023004555
105,"BV","Bouvet Island",223,"Norway","BVT",0,0,0,0,1.98995339315879,0,0,0,0.752021666145829,0.0195538437947072,0,0,0,0,0,0,0.0128885731366771,0.000153946857631771,0.577751264416083,0.627584102900954,0.577755848724843
106,"GH","Ghana",106,"Ghana","GHA",7.9623841876074e-05,0.0821220354102094,0.04221181105661,0.0834922861240085,4.40882227940152,0.00887050741315635,0.0123744980018086,0.000630068566992713,1.10382989998923,0.266830397265993,0,0.175056221410242,0.00935780250191968,0.00441308235980643,0.0020001723642394,0.00456442094660592,0.173498560709987,0.0669075802384146,1.77920988076822,0.593373399583254,1.78374770354997
107,"CP","Clipperton Island",179,"France","CPT",0,0.000240229645161652,0.00226644034162239,0.00134579860699373,3.5589107990743,0,0,0,1.07294593585333,0.142179183813868,0,0.00676017538836019,0.00199875223385582,0,0,0,0.0783758002114704,1.34298934765484e-05,1.47948423590346,0.773300785929865,1.47948423590346
108,"BM","Bermuda",180,"United Kingdom","BMU",0.000171381094397758,0.000365222272499142,0.000487027301799748,0.00203598518918314,3.71205594453411,8.97742608018281e-05,0.00212802065698947,0.000203182604653324,1.20531834367217,0.341523929076746,0,0.000447995265577766,0.000705512918243132,0,0,0.000407654751693186,0.199959087277059,0.0015791865800327,1.13243125753569,0.824202372695475,1.13245534198833
109,"EC-XGL","Galapagos Islands",137,"Ecuador","ECU",2.6722010891527e-05,0.0128984071381782,0.00930382884435901,0.0195235414672877,2.87109494830101,0.000105518623515254,0,1.48420637628499e-05,0.907823500177388,0.116382885331847,0,0.00222095456844804,0.012426033097797,0.00044752780028229,8.72133468472129e-05,0.000560557674083829,0.071237025394354,0.00279040936837774,1.08843568469106,0.626810278578224,1.08915964262348
110,"BS","Bahamas",110,"Bahamas","BHS",0.00127963501316478,0.00664841673613655,0.0192442278205789,0.00371542776527087,3.67104434067752,0.00081577628245762,0.00194765717572409,0.000809733821893769,1.07318353420971,0.360073152705415,0,0.00137841903094918,0.000440409654431307,0.000289174457843159,2.5723311349201e-05,0.00748559515708385,0.232326183260386,0.0831543258078871,1.26931618721579,0.608910760384327,1.27310564468892
111,"TC","Turks and Caicos Islands",180,"United Kingdom","TCA",0.000796530160507709,0.0209254397795604,0.0124371506908004,0.0106654323949762,4.32227029153528,0.000390220813450087,0.00250636948972934,0.000604259857400567,1.20958848667526,0.37143760066362,0,0.00312039878100483,0.00138445977785753,0,0,0.00355440852571504,0.229716092828526,0.0353420555970761,1.75926562059927,0.660535751400095,1.76100553811147
112,"CU","Cuba",112,"Cuba","CUB",0.00139307667628211,0.0376963277072812,0.0281072477798766,0.0123938952338499,3.92973444670056,0.0155335210998966,0.0236301671913069,0.0011315263249833,1.081423037768,0.312158445546396,0,0.00782334315073463,0.00028539158743436,0.0116969018288893,0.00105820540011401,0.0189414674789883,0.198258067028529,0.0869309397928829,1.59240031936334,0.498872554990027,1.60613957015085
113,"KY","Cayman Islands",180,"United Kingdom","CYM",0.000214676192555122,0.00103105845639914,0.000331313714825143,0.000705036322863711,4.24398869567774,0.000521179946350561,0.000926175382324301,0.000742789570980506,1.25599640583897,0.338056048914004,0,0.00113423051260597,0.000135178000535585,0,0,0.00208393096374965,0.224132216875273,0.00157679976439146,1.82169976710687,0.594701878068803,1.82248419740573
114,"HT","Haiti",114,"Haiti","HTI",0.00318705053557967,0.0448352142081197,0.0261301481624064,0.0125615258388938,4.41010351566595,0.0217535722650547,0.0100580128742395,0.000594695246898268,1.18815545941552,0.318427537471356,0,0.0035063580966424,0.000554390418373666,0.00108282898041256,0.000619856607039087,0.0220367039206445,0.197154811332736,0.0174778144091969,1.98255049499383,0.55941701493602,1.99778626072118
115,"DO","Dominican Republic",115,"Dominican Republic","DOM",0.000707751290978247,0.0228398725261114,0.0161871140573603,0.0109302623011653,4.61050200090191,0.0106968082119181,0.0123982622690257,0.0011415994387333,1.20801685474935,0.379315676676091,0,0.00686072397695511,0.00300285741410093,0.00587217453122363,0.00228637051592768,0.00810608791709606,0.230803458789468,0.0181570667728104,2.03590278817442,0.637276262205131,2.04202221290987
116,"PR","Puerto Rico and Virgin Islands of the United States",163,"United States","PRI",0.00433003320501869,0.0193926927074674,0.012098176698652,0.0108386686885032,4.63864838131114,0.0102979042552789,0.0200046766327247,0.00323978597559974,1.20430771082521,0.403405965798813,0,0.0101582795457042,0.00160384667544338,5.22477287490161e-09,0,0.00775331635853764,0.245221512510714,0.0281338434133965,2.05820272823571,0.59965920605805,2.06387074177686
117,"VG","British Virgin Islands",180,"United Kingdom","VGB",0.000234437727187735,0.00581044565623349,0.00535200542451575,0.00468470739463227,4.6335502159491,0.000314110381789214,0.00852890034868042,0.00100071641844532,1.22124211505866,0.404060962774131,0,0.00686537649851035,0.00159170264651079,0,0,0.00558098964841687,0.250783644773878,0.0276661446827112,2.02162458728714,0.668209340292903,2.02300708225592
118,"AI","Anguilla",180,"United Kingdom","AIA",3.55204393672263e-05,0.00934005638052405,0.00734285396339282,0.00396370786229931,4.6682025748383,0.000199266036414989,0.000922105715369496,0.000373456943599004,1.22006564576905,0.354765066965912,0,0.000755382640187087,0.00180684418482245,0,0,0.00138579331669305,0.216437656320382,0.010165773267793,2.10572791453875,0.734915472830144,2.10646252388674
119,"KN","Saint Kitts and Nevis",119,"Saint Kitts and Nevis","KNA",0.00322658006806208,0.0175040145833399,0.0198407541420478,0.0115709499332415,4.36014879794528,0.0050118583274595,0.0263956729528892,0.00541956521477745,1.13899891484821,0.408346376782675,0,0.000404870699334216,0.0026605598947627,0.000247601441618316,0.000177698147011703,0.0199817405029144,0.317078219780299,0.0298860275350464,1.97409355459699,0.379303830172445,1.98831759461982
120,"AG","Antigua and Barbuda",120,"Antigua and Barbuda","ATG",0.000542846308432642,0.0177317210639147,0.0271743989349422,0.0141292084463065,4.59195771372963,0.000884458745830619,0.0123534733904295,0.000703527577881541,1.20141089268011,0.300435146574641,0,0.000293823774411279,0.00505625815508341,1.62500233894898e-05,1.06198447291907e-05,0.00291848370937004,0.183724230688703,0.0246692889973057,2.10635150912529,0.693551572606425,2.10764098051135
121,"MS","Montserrat",180,"United Kingdom","MSR",0.000407074730002331,0.0857823881239827,0.100129945029446,0.0810814578425984,4.41435499120832,0.00122799179151804,0,0.000792183562711179,1.11093959684717,0.366518856796485,0,0.000959303873438216,0.0118860383769878,0,0,0.00747757714743938,0.317004540978039,0.0128498577317917,1.93959534046727,0.377702821085795,1.94538850288566
122,"LC","Saint Lucia",122,"Saint Lucia","LCA",0.000482314195578311,0.0313246756354439,0.0491486940289384,0.0179044098344343,4.64431291070239,0.0133805957610331,0.011916005863756,0.00347611676002052,1.1732867390252,0.385232813599571,0,0,0.00798076096550256,0.0016471937950185,0.000278195894464819,0.0105020396832277,0.231888589987125,0.0151943599260874,2.12771572913874,0.562953638182686,2.1357907803369
123,"DM","Dominica",123,"Dominica","DMA",0.000307092378852567,0.0209670596970359,0.0380737477219487,0.0207173910528635,4.60783442965958,0.00325528285024433,0.00263385981773321,0.00124318011016951,1.17992486838563,0.334528412552569,0,0.00034489961196175,0.00825121735313295,0.00153749305022304,0.000244843006423624,0.0073697793842152,0.201598839485179,0.0129374947634237,2.14862104540952,0.625277917245721,2.15335160488039
124,"BB","Barbados",124,"Barbados","BRB",4.96525434163618e-05,0.000839780108633005,0.00133839734541346,0.00264668357427191,4.42021719482732,0.000978277215265713,0.000221080848025037,0.000265256375322629,1.19498472661764,0.236586739673139,0,0.00442300833008946,0.00122990731816482,0.000377457360608767,7.86210635413355e-05,0.000774735365096068,0.140309482367157,0.000796240978700014,2.16353089698912,0.670786252208688,2.16376313083502
125,"GD","Grenada",125,"Grenada","GRD",0.00239423219610359,0.00277212396596593,0.00329811678151016,0.00815015223855304,4.51652930382031,0.00295988668381543,0.00591690794142634,0.00220469557421058,1.13714733059129,0.36581099781963,0,6.32332101303534e-05,0.00141909700729148,0.000620696990263293,0.000106253304935215,0.0107842944495422,0.262655528656206,0.0257974927305218,2.07651648867031,0.607911740605949,2.08095304534782
126,"TT","Trinidad and Tobago",126,"Trinidad and Tobago","TTO",0.000480321168814572,0.017803127486244,0.00635712594889875,0.0154488818921645,4.21240433465018,0.00738127142147724,0.053728676608786,0.00319713479030032,1.03594799417955,0.282613563041395,0.00156958521209023,0.00363883902952211,0.00106908655899526,0.0108420182161809,0.0012524069321819,0.0119508743781398,0.232755650180317,0.111962829351629,1.97175335627535,0.442651596861947,1.97628489704278
127,"VC","Saint Vincent and the Grenadines",127,"Saint Vincent and the Grenadines","VCT",0.000682034159249109,0.00856702866617069,0.00759064200766632,0.00494595502825908,4.54915911626223,0.00255609624439757,0.0017467245542625,0.00159521274131375,1.15821562019557,0.343707142965649,0,0.000106006961282428,0.00245657658604215,0.000664290787241557,0.000122655370319686,0.00773171106059489,0.217092872247701,0.027749515753353,2.12295158827398,0.640677394758241,2.12680773833828
129,"PA","Panama",129,"Panama","PAN",0.00619456879929453,0.0600163895151501,0.0063427228784628,0.0791861614364461,3.74075942352767,0.00882248399485867,0.0125818285949578,0.000563181294001486,0.992730474932955,0.280477112408501,0,0.00195548899565517,0.0044404711064789,0.00406172976107863,0.00242415117420198,0.0140414234722569,0.196381539873649,0.0458723386416681,1.39445249551769,0.630214856133131,1.40178069935929
130,"CR","Costa Rica",130,"Costa Rica","CRI",0.00107170920946546,0.0319851535583512,0.0139204877883242,0.00812494802774559,2.65582977817322,0.00378594187298174,0.00494188794241819,0.000426750978446131,0.942864626060231,0.185111733456623,0,0.039240324501175,0.00429346573094262,0.00310960849065045,0.00193421742516684,0.00363859790922787,0.119299556733338,0.00649587934612003,0.633086992592164,0.65249788831533,0.634079195719579
131,"NI","Nicaragua",131,"Nicaragua","NIC",0.0023875206143075,0.0892155522857423,0.0678285128459601,0.0196086712007599,3.857512093824,0.0140650030552201,0.0255490681607204,0.00034636230323294,0.977468934087166,0.233932271032372,0,0.00577412143058079,0.00782489602755147,0.011102550383107,0.0054356248374572,0.0106918985040723,0.187019317037889,0.311229383303295,1.51022489678629,0.37780749951229,1.51737922573369
132,"CO","Colombia",132,"Colombia","COL",0.00122515620170767,0.0141657509793348,0.00488401746028677,0.00780659646550554,3.84472539474466,0.00556215320086686,0.00762619047598313,0.000439302606619265,1.02818958118881,0.27514187091156,0,0.000168419732529394,0.000781460385819029,0.00622922075312438,0.00303381254975553,0.00507646446477375,0.18165388787054,0.0263083665047426,1.64375699318124,0.632676135726321,1.64579854818249
133,"HN","Honduras",133,"Honduras","HND",0.00288614585992722,0.0317816238481035,0.0189661933481506,0.00483562329803181,4.08384101149033,0.00932116641153946,0.00852526155504977,0.000696285938410861,1.08629543348849,0.30596404847577,0,0.00221519899909561,0.000386393367921371,0.00761193476863414,0.00313664070801883,0.00926883393488294,0.222837049817655,0.146702746845524,1.74244988564538,0.479960533341137,1.74548633077669
134,"SV","El Salvador",134,"El Salvador","SLV",0.00153521959170006,0.0427911500667473,0.0481780519904907,0.0296921900006169,3.73957052257279,0.0137996719621456,0.0146862655815003,0.00072327755629207,0.95168452548141,0.228488642875145,0,0.02501325221796,0.0315278222058468,0.0127151933795096,0.004832999625825,0.00605561408489095,0.141525872856228,0.0412490873457169,1.46557530481887,0.679496397065901,1.46859623979319
135,"MX","Mexico",135,"Mexico","MEX",0.000627994181106115,0.0513842611296137,0.0278244928382745,0.0378130936258851,3.37908130028519,0.00646741593714503,0.00519834431653862,0.000469439308364266,1.0230808994355,0.258731129698454,0.0004248280713403,0.0170875928471125,0.00512542974409852,0.00586642697871029,0.00233504019170336,0.00484131147665869,0.166603438579008,0.054976936083844,1.11098415640355,0.599239057675981,1.11375595324189
136,"GT","Guatemala",136,"Guatemala","GTM",0.000514966171435129,0.0405201916324326,0.0187089360114372,0.0122671708765085,3.47551906229095,0.0171821924245789,0.0149865594263545,0.000637937388946398,0.950682674955623,0.275078319854278,0,0.0281247341482072,0.0104737411778136,0.0134842877519523,0.00575246416319147,0.0055918561966773,0.159013455963101,0.0458642488633919,1.14575848343834,0.730876827919804,1.14984481601707
137,"EC","Ecuador",137,"Ecuador","ECU",0.000579073668662668,0.088285599650548,0.0211547259692254,0.0918969212420432,3.01843622170998,0.00637257282838587,0.00956669437059468,0.00093895187278498,0.781001871778345,0.151866024488628,0,0.00231813255892895,0.00792706787047162,0.00714666211874706,0.00341253239340796,0.00866076105042034,0.0986903918103346,0.0265008073486484,1.1120491110184,0.600068282043134,1.1145000470649
138,"PE","Peru",138,"Peru","PER",0.000210848596251702,0.053730510588207,0.0198360627145719,0.113441075383373,2.63843912132167,0.00696032284239202,0.00472306944704857,0.000495754323774072,0.955007466630668,0.173618873412364,0,0.00335624421720304,0.00387520040201949,0.00381366218029185,0.00106943844959044,0.00375299299243085,0.106699703997435,0.0124764024590353,0.495356933737025,0.680014538318059,0.49581826980091
139,"VE","Venezuela",139,"Venezuela","VEN",0.00115297591339634,0.0439982066369697,0.0152482799074681,0.0404309759465034,4.35025364959651,0.0140271636680173,0.0241051647651558,0.00234503653076353,1.07936929265512,0.314523396669996,1.12843640731459e-05,0.000233500133917189,0.00171681598886476,0.0132237946084971,0.00232502142469308,0.0132200836692709,0.21849142691875,0.116503745205961,1.92069947452449,0.52862798071717,1.9313636612756
140,"GP_MQ","Guadeloupe and Martinique",179,"France","GP-MQ",0.00122307437445557,0.0196727563534561,0.0289785576160016,0.0142807906949428,4.51122651540167,0.00476638372596268,0.00474526430428668,0.00254049452338858,1.19718869437911,0.301233354174024,0,0.00194554425172801,0.0064809621415709,2.77579206838816e-07,4.22731047030508e-08,0.00801661880014877,0.192646818521683,0.0135583279029792,2.10852260312487,0.605425971707877,2.11263753412115
141,"FO","Faeroe Islands",175,"Denmark","FRO",0.000197797526444548,0.257580001738043,0.0801674874501201,0.0398395761732844,4.61953113057761,0.000431634956079662,0.00702969747723605,0.00032787297701313,1.10044811083813,0.258365742014752,0,0,0.0536671345901927,0,0,0.00307969032318409,0.197833581727119,0.0102296744763628,2.01314165115586,0.597191489997583,2.01444736809798
143,"IS","Iceland",143,"Iceland","ISL",0.000450820421633731,0.239951038965849,0.142808833388561,0.119606781470704,4.42672342458906,0.000940755323722833,0.00740838156553352,0.00044825595468847,0.966359406811817,0.216850136145398,0,0,0.0348921121880118,0.00107134897930061,1.22748860236718e-06,0.00361413012010408,0.187461341175413,0.0253201810639861,1.9716935277462,0.507845145526075,1.97749447625134
144,"SJ","Jan Mayen",223,"Norway","SJM",0,0.0243058036282818,0.00164242151736076,0.0101005351033866,3.54581909636311,0,0,0,1.09622659421795,0.0802706222552896,0,0,0.00223038024518211,0,0,0,0.0521386276693883,0.000771650750757981,1.75683038898921,0.521302027493483,1.7574316711336
145,"GL","Greenland",175,"Denmark","GRL",0.000462549613505329,0.0892245949641148,0.0192791779585658,0.0203064261392448,2.77019716270187,0,0.0045631764882271,4.70737285836424e-05,0.822336210302258,0.0799065286368908,0,0,0.00070032667173637,3.47004951377641e-06,2.19909953956971e-07,0.00152835943832727,0.0539893669868498,0.042785760241821,1.20531719717468,0.429746694642814,1.57785254319858
146,"PN","Pitcairn",180,"United Kingdom","PCN",0,0.000123863599661244,0.000298177380173439,0.000794189020317911,2.65872396936483,0,0,0,1.23649312188715,0.0675554300769015,0,0,0.00117698890870211,0,0,7.48751565857017e-06,0.040679415597484,0.000144599351263878,0.652107442704529,0.659343220226591,0.652127108065627
147,"PF","French Polynesia",179,"France","PYF",0.000188054211448617,0.000574949607145675,0.000176703935529662,0.000460388625034397,3.13127944614517,2.47611285319151e-05,0.000138483771885471,5.65965381383992e-05,1.21832715136498,0.0620148244341011,0,0,0.00067027583219846,8.627956812319e-06,1.38951588095703e-06,0.00113080962670231,0.0360948198890724,0.00402165474755198,1.15167546280998,0.655714460913374,1.15177321336749
148,"KI-L","Line Group",212,"Kiribati","KIR",4.42189523033617e-05,0.000166918336133432,0.000168558338568012,0.00138130723206107,2.12912149796858,0,8.18912424820512e-05,4.04971181760248e-06,1.03220779137155,0.065480138537811,0,8.36973213712816e-05,0.00199747554294619,5.74095001316867e-06,1.00608633328063e-06,0.00025082877880141,0.0355421703526334,0.000247311323200852,0.29357897576265,0.69787941167694,0.293596314981016
149,"UM-86","Jarvis Island",163,"United States","UMI",0,0.000294667225731021,0.000402340447806126,0.00220240344048719,1.84687719635787,0,0,0,0.959211192979525,0.0600510127794655,0,0,0.00232555440967868,0,0,2.12276576063172e-06,0.0319601808327029,6.11728444570992e-07,0.024441807887908,0.765985304247043,0.024441807887908
150,"UM-95","Palmyra Atoll",163,"United States","UMI",0,0.00101707636374384,0.000690108713009104,0.00210174336016357,2.5006194004249,0,0,0,1.07169855330949,0.128887361578292,0,0,0.00217463636125621,0,0,0,0.070502025872152,0.000786403012733499,0.505102884780838,0.717658583801088,0.505102884780838
151,"AS","American Samoa",163,"United States","ASM",4.53205446722702e-05,0.00720658361317492,0.00355438663081148,0.010040433655841,3.9471593400536,0,0.000328086789290683,8.17701524728923e-05,1.20903200723696,0.0750830674578959,0,0,0.0139926214020843,0,0,0.00059109388164039,0.0429512462501017,0.00141233187801414,1.90411195834797,0.678728369775319,1.90443908530337
152,"WS","Samoa",152,"Samoa","WSM",0.00120109887341999,0.057717042177381,0.0340857521924327,0.00504514921260618,4.00651858806966,0,0.00232078482745549,0.000257199061197625,1.21781916359714,0.0645812704747767,0,0,0.00233749680272709,1.80222038335306e-05,3.87362571291862e-06,0.0051295368478047,0.0379376078032739,0.0121299167271716,1.90185293781143,0.664081672344056,1.90475969994346
153,"CK","Cook Islands",162,"New Zealand","COK",1.73112135594345e-05,0.000273417045861619,0.000227902150093524,0.000974471370830982,3.69345541821569,0,1.18064793474703e-05,8.55384799588755e-06,1.17710991884242,0.066968024457882,0,0,0.0014645563970019,4.37432075106102e-07,2.42723204586845e-07,0.000173987449705105,0.037759318991738,0.000615895591115583,1.73354436507342,0.674305163027919,1.733595053842
154,"NU","Niue",162,"New Zealand","NIU",1.08801849752619e-05,0.000637673611251517,0.000248878810629597,0.00108584276980986,3.96529113535812,0,4.06312663047029e-05,3.20921179569337e-06,1.242139448796,0.0838124762328588,0,0,0.00160627163079889,0,0,0.000166131168227127,0.0473846668829452,0.000416974716726992,1.91208015703706,0.675657837618372,1.91230055824187
155,"TO","Tonga",155,"Tonga","TON",0.000318889317633955,0.00435118959402476,0.00474284818340612,0.00246572283699557,3.82446631136799,3.85628642173181e-05,0.00116140809403103,5.54516864940209e-05,1.21509507913921,0.0816560832682621,0,0,0.00163203261748237,0.000160253081331325,2.38702040937361e-05,0.00177364678399676,0.05418495693679,0.0090004066615269,1.85414815974411,0.593657703300056,1.85440030440111
156,"TK","Tokelau",162,"New Zealand","TKL",0,0.000917570640586124,0.0021663823657067,0.00393589477759867,3.74070941428936,0,0,0,1.18395803742166,0.0571154563229908,0,0,0.00459484681634928,0,0,0.000477916723284283,0.0310388503305089,0.000763195660166921,1.82552691077527,0.630214313613821,1.82552691077527
157,"KI-P","Phoenix Group",212,"Kiribati","KIR",6.19358061834761e-07,0.00029700543232084,0.00105879207873039,0.00449948239113822,2.89026814469953,0,0.000104395727964991,0,1.07693408891223,0.0344901003801754,0,8.24661858454943e-05,0.00624569235358163,0,0,5.81011661070263e-05,0.0188011133805407,0.000340384188981229,1.0646497838148,0.682706099866409,1.0646497838148
158,"UM-84","Howland Island and Baker Island",163,"United States","UMI",0,0.000830309659739633,0.00433227937866267,0.0143162732234857,2.97307452148488,0,0,0,1.03989526843377,0.0372432951928152,0,0,0.0178176124842908,0,0,0,0.0199671509144889,0.000141776921985261,1.08632542818483,0.752205100464333,1.08632542818483
159,"UM-67","Johnston Atoll",163,"United States","UMI",0,0.000755172807632895,0.000681521665109849,0.00318882233836587,3.28873429035809,0,0.00044046039917794,0,1.17563657141239,0.0892467739055844,0,0,0.00462775507406819,0,0,4.77088647236431e-05,0.0495890625723421,0.000550842159508461,1.33580416741846,0.628165384204325,1.33580416741846
160,"US-HI","Hawaii",163,"United States","USA",0.000164000928776957,0.0016701309490533,0.00260046137866909,0.00591674148338157,3.59184786068918,0.000517310770421665,0.000588251556484181,0.000140134659988474,1.17497234256364,0.204175951950229,0,0.00246290224112154,0.00297822586785241,0.000588007498722365,7.46173451535124e-05,0.000631343068507411,0.119543564662838,0.00235912451981107,1.33775000796315,0.734714713907117,1.3385098454394
161,"WF","Wallis and Futuna",179,"France","WLF",0.000171111563981547,0.000239533010211471,0.000205573290499119,0.000257115995883341,3.79355948010741,0,0.000529528873507434,5.13821330619905e-05,1.1968695388645,0.0461532007496315,0,0,0.000238391541007241,0,0,0.000977707956479226,0.0266825503384747,0.00278583289860012,1.92303120480382,0.595366769853274,1.92380735085716
162,"NZ","New Zealand",162,"New Zealand","NZL",0.000137201153640577,0.0536747756322159,0.00901101135323825,0.00353990574621611,2.66441584271852,0.00288375214873921,0.00228970613660559,0.000161107087970294,1.02444358769639,0.0818855133563072,0,0.000115670593510863,0.000324279202025995,0.00224929545215338,0.00016669478539454,0.00248062114327101,0.0553544592184155,0.0181825090198734,0.760434411621019,0.647081322257568,0.76211440979084
163,"US","United States",163,"United States","USA",0.0011640842529976,0.0814756124994823,0.0318983926717499,0.0424226452952026,3.52980045025521,0.0147115540268266,0.0303086179258207,0.00384948808567729,0.884281803257507,0.383326646944724,0.000100321867227774,0.0021229738258453,0.00233717839694197,0.0127051636957345,0.00246549965875839,0.0153500295754197,0.276276607516712,0.163706527549848,1.0033867256075,0.577910582569914,1.00896136282926
164,"BZ","Belize",164,"Belize","BLZ",0.0152643287808223,0.0492807082295608,0.0331629684528552,0.0125545201699161,3.76728330629675,0.015505159833026,0.0401563752710536,0.00275765414716366,1.11186136917444,0.212449739938292,0,0.00626572435363418,0.000248129913320492,0.0143940141384938,0.00614428264612618,0.03363773797735,0.175633162418252,0.256279210760932,1.50718734698372,0.274500861498708,1.52166508347016
165,"XD-CO-JM","Colombia - Jamaica",0,"Joint Regime","-",0,0.0213752489034688,0.0275206013629714,0.00615888777159724,4.23751727093797,0,0,0,1.16241530427425,0.283230284667842,0,0,0.000116890239237966,0,0,0,0.195194222142909,0.0173886207646601,1.9545727658552,0.569544448492229,1.9545727658552
166,"JM","Jamaica",166,"Jamaica","JAM",0.000641549538826529,0.0228235833679323,0.0145865666452152,0.00716348537211916,4.31071603851114,0.00577005573671805,0.0100280241445709,0.00133187253948823,1.18449739398193,0.332628893335982,0,0.000656278500756265,0.000263496523609522,0.0014635476492204,0.000160743093836639,0.00515242788254145,0.217355798985573,0.00906373205741354,1.97293169408295,0.524196880770076,1.97550911503712
167,"GY","Guyana",167,"Guyana","GUY",0.0002020902999462,0.0740132805047906,0.0206024670193756,0.0165093387012258,3.98439536348458,0.00649122668655885,0.00719123811899168,0.000677562182004913,0.920794926949814,0.180280401697418,0,0.0155982212563425,0.000742310410028352,0.00647062715193392,0.000478226762940694,0.0081660921046722,0.105891402972816,0.278210402777115,1.77101072378289,0.57106480376896,1.77720684539715
168,"SR","Suriname",168,"Suriname","SUR",6.7163482764715e-05,0.0447964538188605,0.00655652751651352,0.00717459870433215,4.07676625897809,0.00329009688697365,0,0.000152920279414387,1.01750644421342,0.178634249700267,0,0.00747860651038464,0.000490436767148753,0.00437040007707349,0.000727968678082641,0.00371525054215868,0.135445065838136,0.15916930794829,1.91049062779181,0.596700130951288,1.92115466704976
169,"GF","French Guiana",179,"France","GUF",0.000280098469527298,0.0219776114333465,0.0037801986388248,0.00284089368026222,4.0821471135058,0.00212965725435287,0,0.000308447915437845,1.01890640053114,0.221577064187077,0,0.00473580717914279,0.000679700967646674,0.000892502554603607,5.45671421813048e-05,0.00430377607527904,0.154069439468281,0.174399200310811,1.82631008308576,0.644901667073601,1.8295378408068
170,"US-AK","Alaska",163,"United States","USA",3.53166059753667e-05,0.129128020934309,0.0201212349416412,0.0170654923016383,2.93688003348883,0.00126466821942538,0.00770885046332692,0.000262613165725978,0.632510936083078,0.201434233956939,1.1552052399765e-05,0,0.000702767573395257,0.00139647558088998,0.000116071352334883,0.00166763554250658,0.137433689698459,0.0782048823696675,1.05647649434964,0.651339083110152,1.11346989191282
171,"BR","Brazil",171,"Brazil","BRA",0.000712436042204633,0.0740463972686802,0.0395542402395455,0.020459437296389,4.00292160526367,0.00814456986006845,0.0111978374723565,0.00107864409260502,1.00424379160851,0.247509388592039,0.000550712040312141,0.0443481786735655,0.00971501663176147,0.00999689122452265,0.00120936604708699,0.0072901332767332,0.166605186839922,0.129813988265466,1.60870770831432,0.617737660065965,1.61334298316397
172,"AR","Argentina",172,"Argentina","ARG",7.45712229653343e-05,0.207971634972343,0.0412146176159307,0.021842317108387,2.98735144221541,0.00267325601077859,0.00930330496952287,0.000461520155887699,0.74989173110018,0.0600831106993071,4.17076019015867e-06,1.26657216097439e-05,0.000224871902100107,0.00365030813737199,0.00106337392451759,0.00436195019795127,0.0555788136131142,0.157173651445823,0.965308451685639,0.706457125553999,0.968880406431687
173,"UY","Uruguay",173,"Uruguay","URY",5.95540055429434e-05,0.157049988627089,0.0377451877229292,0.0154125921436784,3.20798112060264,0.00687158158333218,0.0218181490048554,0.000853407980429238,0.667253045781818,0.11521426179251,0,0.000366484973980287,0.00134869553070918,0.012321791588235,0.00567335864689711,0.00737304784842185,0.0651974622670766,0.301351229335591,1.26539478751674,0.526676484237649,1.26706787515102
174,"FI","Finland",174,"Finland","FIN",0.00410068731825813,0.0136998302305507,0.108124994230279,0.0850951368461147,3.37470122263086,0.0613204683390183,0.304216274118414,0.0211201993691339,0.00453006052286181,0.43780169479419,0,0,0.0266669883914715,0.0604520740279889,0.00267439562968277,0.11103594003947,0.207200772915424,1.08079256349099,0.627610303515106,0.218258834006702,0.648032277627146
175,"DK","Denmark",175,"Denmark","DNK",0.00214532965931351,0.324819102920317,0.190398329696168,0.098040439490353,4.12634952881023,0.0384487867029308,0.226261004126272,0.00831514948271142,0.214828832082116,0.548893577032825,0,0,0.0282956739541914,0.0718746323658983,0.00468067365545023,0.0616775723510336,0.336984848437675,0.79668435266774,0.845807194275391,0.328194025153686,0.862412349917192
176,"DE","Germany",176,"Germany","DEU",0.00222117816033706,0.302319273402939,0.142789777452092,0.0656743114237164,3.84747802436451,0.0580389085663555,0.230757996648805,0.0133399664138267,0.187013275218769,0.543727641325379,0,0,0.0134378487599377,0.099629582404483,0.0210404826653847,0.0760362150229038,0.254681987370583,0.936608644431302,0.667145172205272,0.233015755357727,0.678121283838895
177,"NL","Netherlands",177,"Netherlands","NLD",0.000836655364282629,0.4000639834305,0.168007892946545,0.0852888638650481,3.8148896053751,0.0517306397615953,0.122467740668132,0.0113755582499635,0.236698658682958,0.562405558396977,4.09310448331378e-05,0,0.0120336270688182,0.0546375885432704,0.0165827204534409,0.0450777702896963,0.24733997221357,0.868535972278378,0.684681883860611,0.247083589352081,0.692533761998256
178,"PL","Poland",178,"Poland","POL",0.00178003672751046,0.0325851214545675,0.201855975067577,0.167823672761492,4.3640891595957,0.0854912630803391,0.101992356024744,0.00922884462176271,0.0249475597922084,0.483991867588167,0,0,0.0584323879109418,0.0832084594920667,0.0223705256743709,0.0429788522077654,0.578813199980585,0.367951002861427,1.48561565616234,0.615022339559043,1.49200557709651
179,"FR","France",179,"France","FRA",0.00430913703367865,0.120002379790173,0.0829465378452134,0.0635274979879957,4.31588164254902,0.0324337979052293,0.056959508376813,0.00595189747591142,0.997451288199045,0.421781457970953,0,0,0.0245579563121688,0.0247081361194783,0.0101521172030522,0.0233434535704115,0.459288858726711,0.102051134287604,1.37240858957458,0.514007896166915,1.38061614609171
180,"GB","United Kingdom",180,"United Kingdom","GBR",0.00117600488286901,0.306949330801959,0.174184809431796,0.0857981921327346,5.03954210843048,0.0162653225744218,0.0624901715755015,0.00394280801662664,0.846927012007773,0.362662501135376,2.32098799817106e-05,0,0.0876442523302199,0.0162836170147392,0.00222183401889196,0.020783577325332,0.41918754665376,0.165501577088639,1.79564578942901,0.671854564425362,1.80982880861015
181,"IE","Ireland",181,"Ireland","IRL",0.00100994499016735,0.220601140814223,0.0822853844547894,0.0335697673560644,4.68141354179197,0.00587595033472733,0.0177278696931219,0.00178996891616481,1.01599923593634,0.285898425125582,0,0,0.0293623405319965,0.00893959524612942,0.00080352473078751,0.0118278343035122,0.269517182898958,0.045610092660641,1.95820474489009,0.692390539525878,1.96657129296905
182,"ES","Spain",182,"Spain","ESP",0.000766958606537548,0.0725260349587176,0.0650025739164915,0.0600295211443568,4.33934193114183,0.0250993152319189,0.02659404302111,0.00406834236379335,1.08174241582964,0.480746742567716,0,4.36735565791031e-07,0.0175860862675071,0.0142948097073552,0.00263184468839009,0.0130043353636923,0.389285563629973,0.0326178614943437,1.45185657233689,0.601488465594912,1.45705743234514
183,"PT","Portugal",183,"Portugal","PRT",0.000617593109730449,0.0733723911353515,0.0427888559768918,0.0699342102962914,4.44548065617823,0.0112066930682383,0.0111764862969965,0.00181165729960972,1.12906253635942,0.484889871136771,0,0,0.0096745453596736,0.00577196015963828,0.00301884038009146,0.00600060822035226,0.371269487676543,0.0249348099952543,1.55126886984775,0.648681223050972,1.55393469940439
184,"IT","Italy",184,"Italy","ITA",0.0018289789473068,0.0755945076938527,0.048489025334771,0.0473260239426265,4.40968678368277,0.0419515535800143,0.0439295035738924,0.0063795920027241,1.05715569322246,0.497563206719123,0,0,0.00935297625214006,0.0263597863893556,0.0105603462636254,0.0220576899902523,0.415487930337,0.0735031264363067,1.50046525145229,0.53168158887698,1.50884334850841
185,"MC","Monaco",185,"Monaco","MCO",0.000250277373893761,0.0868970868033989,0.0823056981093998,0.0919739357670079,4.15149152058142,0.050937718873167,0.0046128472428263,0,1.19637623870814,0.583020053895903,0,0,0.024146627948079,0.00900870699433092,0.0015194266727099,0.00718608093850407,0.51096371717659,0.00259843211115142,1.4996946796223,0,1.4996946796223
186,"ME","Montenegro",186,"Montenegro","MNE",0.0011061913187145,0.0718483624487666,0.0500740876299448,0.0405007623416376,4.35824947079107,0.047893165091106,0.123937842812536,0.0100463040320781,0.926054398505823,0.376325625325064,0,0,0.0054899169566596,0.0247140034323713,0.00441898815032276,0.038653776686685,0.32510402456052,0.155231099464621,1.52936827145834,0.627482656528615,1.54736083935785
187,"HR","Croatia",187,"Croatia","HRV",0.00497938737377682,0.149622771732928,0.0634794962419728,0.119447600611676,4.20869587081398,0.0359593908256466,0.0978193204869351,0.0141003574941763,0.656208428100166,0.445305461390244,0,0,0.00494796180384631,0.0363126147196712,0.00428665863956207,0.0842570542161736,0.425968870673319,0.463663744577779,1.17251090187948,0.429825844530852,1.20370382805287
188,"SI","Slovenia",188,"Slovenia","SVN",0.0090267766909206,0.124804497794269,0.0701004458361701,0.159850087305999,6.19102700551351,0.429555970239857,1.10693969819099,0.155307498696732,0.518046808433315,0.768727404069683,0,0,0.00431244957715817,0.240138884480685,0.0499955768692711,0.413305179169189,0.5044876723529,0.705453384412478,0.930974684485562,0,1.09614761237816
189,"LT","Lithuania",189,"Lithuania","LTU",0.00124474260417418,0.0211012407298839,0.170810386228286,0.1261576922547,4.29009599336565,0.0686184005224497,0.347981621934742,0.0092790149306724,0.0168954386594221,0.47103995384083,0,0,0.0350927088506822,0.0867911619657279,0.024774391107636,0.0469471720442446,0.444672566643047,0.512421242517395,1.31371723305351,0.592551037756373,1.34431601882991
190,"QA","Qatar",190,"Qatar","QAT",0.00145915711901235,0.095193289604901,0.0892915030527857,0.0516526671182626,3.1003756198334,0.0151428969433134,0.175091883064049,0.0111631944224557,0.326112381197803,0.401402046181213,0.051929811808326,0.122202655351513,0.00151106521734748,0.0281440310214403,0.00372345593863312,0.0295051381934621,0.173253545841589,0.75997463040682,0.612828764345566,0.150793517907243,0.617978088565961
191,"IR","Iran",191,"Iran","IRN",0.00196022108925181,0.115047065851917,0.0857606539679851,0.0414828850735259,4.23983935034665,0.0194269813520717,0.0534646612831593,0.00619960710322499,0.811962377865201,0.418820395390182,0.00995800665783235,0.196776683099843,0.00641813907576123,0.00869858728849331,0.00121305560433516,0.0244770953415738,0.39597153854238,0.293051187663141,1.36359445196292,0.385555777707874,1.38304504446753
192,"IQ","Iraq",192,"Iraq","IRQ",0.00532266300369288,0.246381499679849,0.14872518841952,0.0488649986079361,4.71029389719678,0.566567890145562,0.759322741496087,0.0277309045467547,0.389111593408123,0.455906224789952,0.0049721884124639,0.000210120629481414,0.000376765086482069,0.493860127366667,0.242163411467532,0.106464385275233,0.196605913256138,0.380567575282181,0.608926650465723,0.0282131076877953,0.695067493702338
193,"GW","Guinea Bissau",193,"Guinea Bissau","GNB",0.000518400390633248,0.0329485212863315,0.0378702185372766,0.0339531581654274,3.94108531881679,0.00423985220495246,0,6.73583836835543e-05,0.907335883763322,0.237423767472873,0,0.0073516624950183,0.00557058474723956,0.000372536730124561,4.42451058438313e-05,0.0222483752875657,0.160305482011125,0.376185007565512,1.57672388379016,0.537926344347637,1.58892669368087
194,"GN","Guinea",194,"Guinea","GIN",0.000330637238044219,0.0729605762568804,0.125754271370901,0.0422196081251239,4.02880762744682,0.00530350774246295,0.0140028866915914,0.000269132302795411,0.848669235722357,0.269841475830379,0,0.0122001570999899,0.00425714933298599,0.00128111116906863,0.000201258093789282,0.00987398531604098,0.179235345533783,0.400504299962669,1.52472570465289,0.517177282857999,1.52960671138035
195,"CI","Ivory Coast",195,"Ivory Coast","CIV",0.0001504996778646,0.0471438457676796,0.0217589957271634,0.0334192209003862,4.16864250044385,0.0130248583843656,0.00923147578043596,0.000364430555410717,1.1103642138381,0.254222553825382,0.000524193200882593,0.0332935362991989,0.00574991108027294,0.00605702102592811,0.00125219885061577,0.0041591241853534,0.146277803261518,0.042821569236459,1.81087329527655,0.627953708723775,1.81522944746669
196,"NG","Nigeria",196,"Nigeria","NGA",0.00585883551557949,0.201732070236638,0.2313828099685,0.0815543656039,4.7109774687599,0.0185953942741109,0.0314809722591813,0.00172642058155376,1.06069355869332,0.259786814938043,0.0966764265917586,0.440388324018254,0.0135948815487932,0.00729488365807654,0.00198741159390737,0.00994845370312471,0.236053755131058,0.129683119711082,1.51424130447439,0.368297649920752,1.52048827889766
197,"CM","Cameroon",197,"Cameroon","CMR",0.00312871997769663,0.14793039590654,0.421264028164455,0.0941190579168275,3.56022415713496,0.103910548091499,0.161472048834191,0.00383241447163975,0.487907062812268,0.228451086827007,0.0879308673260181,0.020088811118932,0.00170219558753918,0.0261510126192017,0.00993064672071314,0.0656784992777913,0.102793154255174,0.474036108227437,0.886748614309212,0.233148897168683,0.912507705019622
198,"GA","Gabon",198,"Gabon","GAB",0.00355467720456105,0.0286645103983448,0.0356864460658688,0.0166945365940773,3.3729879491355,0.00603876963621988,0.0159259949712395,0.000756564646111935,1.00067897189296,0.158906143413404,0.0102527704364789,0.0378686460894433,0.00259817988389937,0.000973587407985211,0.000164137002455877,0.0064853616272222,0.123093102935879,0.0634158999771738,1.36863384355479,0.492595800102175,1.37375270300516
199,"CD","Democratic Republic of the Congo",199,"Democratic Republic of the Congo","COD",0.00485093256502141,0.209188560490554,0.158438839210146,0.0422858869416675,4.67889662254641,0.536648075926973,0.493032066194012,0.0217867056807531,0.425272631543963,0.359085377345293,0.202512384125382,0.0517474766809547,0.000615948981718178,0.205821589808332,0.055484899328811,0.108037623124011,0.147366126647294,0.698302573648987,0.594427545580641,0.363991403307631,0.657219187719441
200,"AO","Angola",200,"Angola","AGO",0.000382369595507533,0.0955323431081249,0.064305275199922,0.0220940297638415,3.82602287853012,0.00978390763717426,0.0103646668648599,0.000563668019794195,1.04608873801054,0.160938531465269,0.00497780813824334,0.00144653887563638,0.00135658432458102,0.0013094995027567,0.000197013415164229,0.00476809287188513,0.107481308237272,0.046102256912692,1.66269499801705,0.585635223200071,1.66700159099968
201,"XD-NE-ST","Nigeria - Sao Tome and Principe",0,"Joint Regime","-",0,0.0116905876604165,0.013389247647367,0.0166166354683046,4.20892739938441,0,0,0,1.043442960334,0.179136127585283,0,0.60829856723294,0.00275857709610924,0,0,0,0.121263076247523,0,1.68072906927639,0.531602512408317,1.68072906927639
202,"TZ","Tanzania",202,"Tanzania","TZA",0.00204682700955115,0.0385106368474835,0.0742942252687022,0.0183156785329148,3.61879444022972,0.0150716484299642,0.0120968405473071,0.000576554851390463,1.02815212567904,0.0713257723905097,0,0.0133948633144863,0.00243880914682656,0.0047387087938055,0.00043992155331202,0.0156487058099517,0.0379218042511678,0.0747704636867391,1.68792627264221,0.521124532946781,1.69543236571624
203,"IN","India",203,"India","IND",0.000794112596216466,0.196985005729385,0.134237391140679,0.0749845574988542,4.20332947170764,0.022429477184836,0.0182105822200287,0.00140429818637427,0.970640183439682,0.242247196397371,0.000436002252786294,0.0194196428254936,0.0158032396001716,0.0256394027554115,0.00125447895082074,0.00950125081339946,0.168213511780647,0.10612473492896,1.59184986594928,0.603154517658503,1.59606935315947
204,"BD","Bangladesh",204,"Bangladesh","BGD",0.00223924164013708,0.214921093960386,0.295238292824245,0.0536389838587553,3.71433788049674,0.0476767636511143,0,0.000646332713876575,0.696824384542003,0.0249602625236488,0,0.00142479216257695,0.000604685189089959,0.0599678628306828,0.0108647452273068,0.0423939192830192,0.0234590384868329,0.386072781286024,1.34469893340478,0.508705730479393,1.36647773247517
205,"MM","Myanmar",205,"Myanmar","MMR",0.00284342451159032,0.332501304823986,0.229576083237003,0.102139319759306,3.92511519290112,0.0120609135207343,0.00287935372510548,0.000174733855341365,0.858312505645016,0.0386121992676707,2.39267567793902e-05,0.00221341562401954,0.00444209564307393,0.00552170573049216,0.00131864632828587,0.0182312782744079,0.0241312049901331,0.244546202334678,1.4899153207093,0.555671532908914,1.49767061791058
206,"MY","Malaysia",206,"Malaysia","MYS",0.00219108368756382,0.449322281742362,0.339616737432405,0.181316955561953,4.46244500458915,0.0239990409361188,0.0383711321608928,0.00330118090413756,0.738407825616904,0.252400681657073,0.00489765089215242,0.0121970756070833,0.0200399483442324,0.0476835915764569,0.00987818119655156,0.0228039456067946,0.23074612094576,0.417105905477641,1.17982913126339,0.48833651204384,1.18705024759362
207,"VN","Vietnam",207,"Vietnam","VNM",0.000858643165551088,0.411870040306012,0.368683383557301,0.133393768643377,4.24576086593816,0.0161112117956897,0.0151638774369462,0.0018042097672128,0.751336654570312,0.289659144315836,0.00100070811381575,0.00638753160169299,0.0144583074083637,0.0244392713323096,0.00400469458300965,0.0156325624494584,0.222974126386099,0.379457837934997,1.160113726336,0.428411153194585,1.16454536343783
208,"SG","Singapore",208,"Singapore","SGP",0.0295854182748873,0.491467240411438,0.397843920807993,0.248742055922793,8.22542398993517,0.546586210789225,1.86709364738964,0.20090081989306,0.340717109858714,0.878789355097273,0,0.000467092756293886,0.00437100005489652,0.365028401001576,0.0987852232456092,0.527302254444829,0.477838489877057,1.21555278035819,0.534353026922201,0,0.598955292698633
209,"CN","China",209,"China","CHN",0.00202078086657522,0.600809142114385,0.685645718592361,0.191003236287794,5.17144797572778,0.0429233459966227,0.0528976583759145,0.00830392271742068,0.535194858095689,0.443838873265537,0.000366484326094317,0.0103332682003222,0.00314365722841776,0.065111662385072,0.0105170791536561,0.0425071043350041,0.389018491358148,0.554453841667733,1.09454183248544,0.438817021895196,1.10522188792553
210,"JP","Japan",210,"Japan","JPN",0.000781733528783711,0.103952157595322,0.0865582771070271,0.0695617037072916,4.28905075817,0.00569305765395479,0.0139310756152843,0.00186419802481521,1.10810560803942,0.308478132636023,0,0.00814662621938198,0.0234897733165361,0.00410147387229628,0.00141445339889822,0.00806995925357025,0.206861134155264,0.0246457627394293,1.643492512119,0.669903101156682,1.6470019986009
211,"XD-JP-KP","Japan - Korea",0,"Joint Regime","-",0,0.415768703745035,0.237821707121853,0.109875810410337,5.07248659743434,0,0,0,0.99512941786455,0.330124239512358,0,0,0.0120777733010022,0,0,0,0.435142846944799,0.000637788627485178,1.79350856836891,0.742399748581694,1.79350856836891
212,"KI-G","Kiribati",212,"Kiribati","KIR",0.000656503272125098,0.0113687061016451,0.00746380815531946,0.0143135760849144,3.22971279569471,0,0.000164443246278537,2.2598417764578e-05,1.09319302175887,0.0296675323039412,0,2.64499557727188e-05,0.0161932647579092,0,0,0.00144282159313699,0.016394745638626,0.00447644652353427,1.34564002913853,0.688688830405305,1.34583825867881
213,"AQ","Antarctica",213,"Antarctica","ATA",0,0.00246756711445078,9.58672653424215e-06,0.0114020990847953,1.57868303573763,0,0.000135941828136872,0,0.564361238666808,0.0166403860534629,0,0,0.00270885970028506,0,0,0,0.00959225008695171,0.0270553745685708,0.516279748760202,0.42802997161486,0.772518045821426
214,"EG","Egypt",214,"Egypt","EGY",0.00077952183855272,0.0735105994589265,0.0875713381329531,0.0201172012386345,4.63480473015845,0.0136668677653685,0.0426960036592561,0.00530716831308328,1.07603688356849,0.448685015289191,0.000784073638080334,0.0166017611966148,0.00124714900435956,0.016430024935298,0.00379135136839283,0.0162941998857801,0.332612043419079,0.138740995061638,1.8303279637515,0.509604570707172,1.84140493909887
215,"JO","Jordan",215,"Jordan","JOR",0.0696144095715135,0.588847083598375,0.476229617539793,0.247792145907879,6.58636451482773,0.323053195029497,0.804245220422745,0.204995020627975,1.02325513601303,0.591958121657371,0,0.0105930059228558,0.00406910181511193,0.106093593295664,0.0108918165275827,0.403907532691956,0.155121628567576,0.507837004363537,1.05786075592041,0,1.29007409258587
216,"ID","Indonesia",216,"Indonesia","IDN",0.00362185374689746,0.215199138495075,0.160875772450131,0.115214054771875,3.78576258365832,0.0118675269510742,0.00875012858417844,0.000486754794448784,0.939547557958996,0.129229258140661,0.000181247424069915,0.00298018933077731,0.0348199747526144,0.0112791829323917,0.00121645251420795,0.0169376742019845,0.0888215541418266,0.240207741991958,1.27008434410644,0.534442143199846,1.27586557811922
217,"XD-CN-JP","Conflict Zone",0,"Disputed","-",4.86632992572831e-08,0.770993101973426,0.507972705893305,0.195491909011655,5.97106375551108,0,0,0,1.01033853423263,0.362692703898524,0,0.0834347473040773,0.0216030666317499,0,0,0.00028319713877572,0.478391485600803,0.0118468672682495,1.73598537515644,0.792030031348917,1.73598537515644
218,"CA","Canada",218,"Canada","CAN",0.000749391555878761,0.0610144326984856,0.0293842672734195,0.0131205570602825,2.39591853824417,0.00195232438842491,0.00865376486286543,0.000802957020724828,0.564079834466172,0.111408544889408,1.86986335838848e-05,0,0.00732916793863454,0.00135305917614628,0.000227381267454769,0.00466178990216826,0.0982285540769262,0.106078092597546,0.933311408608125,0.453544306571809,1.14480368234179
219,"PM","Saint Pierre and Miquelon",179,"France","SPM",0.000392298677789974,0.221209413230138,0.159161033040964,0.0269498664324687,3.98071810836095,0.00122328758563032,0.0307843583280511,0.00147084224861965,0.628081974601747,0.308861257419825,0,0,0.0118040228895234,4.90244315189349e-06,7.60697166234583e-08,0.012864269447932,0.318961128933578,0.169279427989978,1.66575283597991,0.423917119524648,1.67381886124849
220,"SX","Sint-Maarten",177,"Netherlands","SXM",0.0267552383940096,0.103190547290164,0.0886086269220149,0.0277522713698784,5.14535497456062,0.0586142409680315,0.27555876336862,0.0400458612196952,1.0342409971076,0.672757083634466,0,0,0.0123283730208134,0,0,0.0673514604568481,0.608090321205634,0.236296497467088,1.54760759798907,0.346157104919181,1.58065260008137
221,"MF","Northern Saint-Martin",179,"France","MAF",0.00999878879890592,0.145139129144683,0.128021257967129,0.0410153452413578,4.75188460258561,0.00838562310108126,0.111508479638628,0.00906549921143304,1.02385985005815,0.425475149821061,0,0.00046819230374506,0.0134687817115273,0,0,0.0321321604194108,0.342418672238651,0.199616378937247,1.81640969365811,0.444901583122443,1.82441803162819
222,"SE","Sweden",222,"Sweden","SWE",0.00463075084809922,0.0293438709140716,0.132457307646032,0.102013083955628,3.88059173206735,0.0510612479895936,0.237321735749841,0.0149131311558776,0.0331592640761573,0.479512715857228,0,0,0.05370233616794,0.0308814372812223,0.00166308618124064,0.0685538007920575,0.417142511860987,0.611549226887523,1.16455126812918,0.44813494854368,1.19365185828983
223,"NO","Norway",223,"Norway","NOR",0.000837163689519793,0.192359750626731,0.188955814262652,0.0607071934715849,3.96707880511055,0.00379453229074715,0.0189448462177516,0.00316506199574051,0.942706358469531,0.20525874699629,0.000187270755683266,0,0.0774111381732213,0.00163324035800432,5.44553744496637e-05,0.0134918279333806,0.18601696460662,0.0582226930976701,1.52479549556599,0.488536248126322,1.66938632750845
224,"CL","Chile",224,"Chile","CHL",0.000581659580957185,0.0307840144684147,0.0313515507690511,0.0747128458850917,3.25698932415426,0.0026704216528629,0.00223946273689993,0.000174058558437911,0.961675983871085,0.0996441742071406,1.37016378149069e-06,4.02875392720051e-05,0.000758270585429941,0.00212947584373838,0.000657532527262488,0.00445531682398046,0.059495368447707,0.0315733263451647,1.18610924030625,0.767934944514558,1.19266032572747
225,"CL-XEA","Easter Island",224,"Chile","CHL",5.75352324019999e-06,0.0267988028655379,0.0158255175271372,0.0168375371741467,3.43978328514297,0,0,4.70411782966676e-06,1.07025825711959,0.0214173797246631,0,0,0.0197764968282466,9.83244804188749e-05,1.24835306532372e-05,6.55283588892661e-05,0.012371818523366,0.000144744773231528,1.54279135805252,0.713374563257097,1.54289381439681
226,"XD-JP-KR","Japan - South Korea Conflict Zone",0,"Disputed","-",0,0.137198192748006,0.0628706196090723,0.0412090877549892,3.73862539316363,0,0,4.22370519783516e-05,0.929076274749969,0.285474164995978,0,0,0.00379434113387668,0,0,0,0.205564231485709,0.000146993159890743,1.46434038987972,0.60890885325991,1.46434038987972
227,"JE","Jersey",180,"United Kingdom","JEY",0.00289505671260627,0.189809687338752,0.141793599130969,0.0621993039073048,3.40141332043824,0.0216950604150142,0.261404216570238,0.00884550599376924,0.212368138257775,0.356227693590501,0,0,0.00186987954000453,0.0079432008892173,0.000911840947900005,0.0353617019308445,0.201149228088399,0.903473494446729,0.993465712060601,0,0.997592869321387
228,"GG","Guernsey",180,"United Kingdom","GGY",0.00215328053722246,0.276018693007563,0.23933812430204,0.108974251505728,4.92282944776994,0.00518416192962895,0.114165741158546,0.00276021673643745,0.717389261774269,0.416979168218387,0,0,0.0301668152225144,0.000230014030004814,2.02346253758204e-05,0.0193265805218954,0.577611468352087,0.282261570678475,1.63301289403225,0.497236976991841,1.63400179970082
231,"TL","East Timor",231,"East Timor","TLS",0.00195771394879675,0.0912468772430687,0.0734103092463438,0.0496120355823105,3.59505795566959,0.0215834136812541,0.00127357770461526,0.00057962047989312,1.10594904032406,0.0874338638215367,0,0.000984994173333192,0.00357790238318308,0.00110735197213782,6.04115735573754e-05,0.0230240422115106,0.0551395633415059,0.0634826064269264,1.46818791922548,0.546446678396756,1.47893700069325
232,"BA","Bosnia and Herzegovina",232,"Bosnia and Herzegovina","BIH",0,0.0229959353804588,0.0248567720875144,0.0576383929699659,6.1407431602478,0.465213763713837,1.26954267024994,0.431591758877039,0.293595752120018,0.0239447019994259,0,0,0,0.334976631402969,0.0720877099782228,1.28814718723297,0.232151266932487,1.43092103004456,0.0800185799598694,0.113060972094536,0.400092899799347
237,"TL-OE","Oecussi Ambeno",231,"East Timor","TLS",0.00078850483653317,0.2674663687765,0.250880020760907,0.151749164155049,4.21438847585091,0.034332657744689,0,0.000512053814331536,1.1274515330514,0.266392635509568,0,0.0028393846163929,0.00771698347257437,0.0143837261190207,0.000702359658598377,0.031489328364932,0.162288226759462,0.0339448247379439,1.74278346753749,0.118667212773701,1.76191991345555
238,"XD-AU-TL","Australia - East Timor",0,"Joint Development","-",0,0.1685486101947,0.0794049774532406,0.0438206956668787,3.55395694998534,0,0,0,0.952458177356011,0.0819474486589574,0.00093450956937799,0.0043954428687505,0.00334090194460194,0,0,0,0.0821535893682683,0.157821346671459,1.33730407152176,0.641827136461595,1.33730407152176
239,"XD-AU-PG","Australia - Papua New Guinea",0,"Australia - Papua New Guinea","-",0.000836068421627375,0.0349079872556128,0.024309700820263,0.0177809396772622,1.97526024834175,0.00589402329639805,0,0.000138742476878836,0.0570009223477473,0.098963819247599,0,1.8894553676528e-05,0.000581644659311585,0.00172673291916933,6.29911415956746e-05,0.0263604343456371,0.00896690052249722,1.60784254575359,0.0522451149558749,0.0376228028928296,0.0526834129001356
240,"XD-CL-PE","Chile/Peru",0,"Disputed","-",2.63384464524647e-05,0.013749535267108,0.0316727232663961,0.102299979904354,3.27734131106165,0.000787388663877753,0.000381281639844401,0,1.04517790254013,0.122243385994404,0,0.00076635058060138,0.00251434737067808,0.000122009834868475,1.38871108870953e-05,3.12220340659714e-05,0.0662331300509986,3.16630116843619e-05,1.12425080751639,0.767039330102351,1.12425080751639
244,"CW","Curaao",177,"Netherlands","CW",0.00142859258686943,0.0338183459821115,0.00868314480848434,0.0230929560257144,4.51794897436421,0.0034009028590702,0.00161196818550022,0.00170222121129563,1.18879523675147,0.412325638119148,0,0,0.00213210048122864,0,0,0.00681600602291172,0.30433844682644,0.00873801362757154,1.97326089096448,0.547804469043636,1.97903198314473
245,"BQ-BO","Bonaire",177,"Netherlands","BQ",0.00114415880810457,0.0860307633673761,0.0121764544582882,0.0361566395221364,4.62681851820313,0.00195041438784925,0.00704183455124802,0.00111069876459874,1.18551638350307,0.42755566583233,0,0,0.00181651840383392,0,0,0.0116266896414862,0.298672452808069,0.0204966078202583,1.98628201446822,0.549241203154142,1.99757740911507
247,"BN","Brunei",237,"Brunei","BRN",0.00755325313571436,0.10544149573908,0.0670714851013263,0.0432654950672623,3.74818060049575,0.0228594448303019,0.0654313705031317,0.00520890974086768,1.04245166763464,0.292838081508749,0.00711742569754606,0.00530676380566964,0.012087328361664,0.00487531950341848,0.000742992292353719,0.018392132661372,0.242740697889388,0.178379306205329,1.13784764818758,0.488569765177054,1.14144274344252
248,"BQ-SA","Saba",177,"Netherlands","BES",3.88146987522589e-06,0.0328547466999721,0.0260196549187377,0.0141378424151634,4.13761214150323,0.000166875469484761,0,0.000554779052823256,1.03159586372547,0.375500848244939,0,0.0097213807235845,0.0031846889216537,0,0,0.00131430522727219,0.327771737624721,0.131722016052037,1.80133429006147,0.381729228618014,1.80133429006147
249,"BQ-SE","Sint-Eustasius",177,"Netherlands","ANT",0.00034853762475466,0.0292417462494327,0.0269699276060869,0.0147509552115001,4.47260542207531,0.00189809257990794,0.0248612060034187,0.00359648363474727,1.15040954407617,0.474824641377349,0,0.000809074665031918,0.00744667916285127,4.2770076154189e-05,3.14726485742334e-05,0.0142897846381117,0.354260759092185,0.0183510590166167,1.96450597837271,0.385966718092381,1.96910849140287
250,"AW","Aruba",177,"Netherlands","AW",0.00250898240114602,0.034099015494113,0.0118569877425711,0.0307731339331809,4.48543229407809,0.00316234078116829,0.0192742371187099,0.00185168664052407,1.1734762101478,0.389572091372888,0,0,0.00240554447465935,3.58573580703086e-06,1.54685419962373e-07,0.00731253583078202,0.302155965321535,0.0130360057392844,1.92590745830312,0.568036325376054,1.92976539270188
251,"XD-AU-ID","Australia/Indonesia",0,"Australia/Indonesia","-",0,0.376740587342857,0.153284495944269,0.0978829758567264,3.76497928761124,0,0,0,0.981822302373926,0.0922047901202698,0.000622325924067717,0.00675441681899757,0.0344447320998373,0,0,0,0.0930154068435389,0.041016192814617,1.25219834274781,0.634992663102873,1.25219834274781
252,"XD-EG-SD","Egypt",0,"Egypt","",0.000841153741434301,0.230252761004793,0.181740743212703,0.0560863432550226,4.49971959673834,0.01166354396161,0,0.000425034099685098,1.17090641297892,0.33596988645854,0,0.00300082303763236,6.111868909691e-05,0.00126777437482221,3.58646485350512e-05,0.0156967002147923,0.276908013031432,0.16341315633016,1.73438892315046,0.317061360220353,1.74084257248225
