"eez_id","eez_key","eez_nam","sov_id","sov_nam","eez_iso3","artisanal_fishing","cumulative_impacts.gri","demersal_destructive_fishing","demersal_nondest_high_bycatch","demersal_nondest_low_bycatch","inorganic","night_lights","ocean_acidification","oil_rigs","pelagic_high_bycatch","pelagic_low_bycatch","plumes_fert","plumes_pest","population","sst","uv"
0,"AU","Australia",16,"Australia","AUS",0.000409785842730554,3.06136788755488,0.0243033417337297,0.0143658588711928,0.012300484138877,0.00143932876952312,0.000331104796327561,0.954248938949099,3.24121074321343e-05,0.00677652990969524,0.0108973818051978,0.00384487348200289,0.00034388429807209,0.0037338787282771,1.40768179339025,0.620658289336025
1,"CC","Cocos Islands",16,"Australia","CCK",0,3.48998611256855,0.00179769690064563,0.00389208808310222,0.00408339881504505,1.06615703354039e-06,1.63002073727801e-06,1.1228851259856,0,0,0.00449312831342142,0,0,0.000139449828779249,1.60014162142114,0.75255088923503
2,"CX","Christmas Island",16,"Australia","CXR",9.56911481462551e-05,3.68948568842043,0.00197071186026483,0.00495323047104523,0.0048540554131147,3.76517595059495e-06,3.3709875664993e-05,1.12476212432155,0,5.73359270402391e-06,0.00431544040030716,0,0,0.000200907136620902,1.76255765019999,0.785732648263831
3,"NF","Norfolk Island",16,"Australia","NFK",4.47486731804986e-06,3.44303443402014,0.00592202207192157,0.00274194653681881,0.000744380066446327,0,1.12513914304399e-05,1.26019729433394,0,0,0.000247880629087378,0,0,0.000124444245120852,1.42530320623079,0.747737544762029
4,"AU-XMQ","Macquarie Island",16,"Australia","AUS",3.89007365306084e-07,1.9174082382291,0.00035359465064059,3.94083048801057e-06,2.12959188052588e-05,6.22158443280965e-06,0,0.810638966465956,0,0,2.029228070922e-05,1.87173655803793e-05,1.15981885633618e-06,0.000105169998153675,0.282411359216469,0.823827134553855
5,"NC","New Caledonia",179,"France","NCL",0.00118532160348011,3.30987114643227,0.000476197374993212,0.000277782476389209,0.000400251174982653,0.000103735800562886,0.000102355933025146,1.2311863003059,0,0,0.000431643002040554,8.76672002051524e-05,3.66517912152382e-06,0.00233387730041824,1.45939718929887,0.613885162638997
6,"VU","Vanuatu",6,"Vanuatu","VUT",0.0016265365580614,3.54563578339577,0.0028225718500702,0.00234442900568775,0.00481474123906413,0.000197522231551686,2.71872170092513e-05,1.21696610710895,0,0,0.00680688196652633,9.07306682869638e-05,1.49593277470729e-05,0.00587845916263271,1.72108794912392,0.582957712346507
7,"SB","Solomon Islands",7,"Solomon Islands","SLB",0.00181294335169683,3.58249014645117,0.00453425684259586,0.00348572401664745,0.0232434642369941,0.000563615314707139,8.92977320025054e-06,1.1435722030062,0,0.000454667305544937,0.032685814432314,9.87085451304021e-05,1.55948463104808e-05,0.00551085614020794,1.75110590851788,0.615397458194379
8,"PW","Palau",8,"Palau","PLW",0.000642439519372384,3.59981116505307,0.00384794018991392,0.0141986175513983,0.0166941528325379,4.81166107397583e-05,4.5117720737045e-05,1.1641114483879,0,0.000453531319573476,0.0180337062178167,2.65067278378432e-06,5.95867245558994e-07,0.000857233182515191,1.6644400074201,0.716435604537708
9,"FM","Micronesia",9,"Micronesia","FSM",0.00017625604670525,3.26642855136671,0.00225509305110837,0.00792475426505562,0.0141372447754445,2.19896521335919e-05,1.80273693030554e-05,1.13912323435228,0,0,0.0183699127770634,0,0,0.00053324459999977,1.40380673397782,0.680062052931732
10,"NR","Nauru",10,"Nauru","NRU",8.74698835572698e-06,3.31497259207915,0.0018559923921307,0.0126334873489702,0.0242526782932872,0,3.16043306135828e-05,1.07446631300429,0,3.05491664947234e-05,0.0219297133603743,0,0,8.26693680100841e-05,1.44586473630023,0.733816108159486
11,"MH","Marshall Islands",11,"Marshall Islands","MHL",0.000535976400469371,3.10953743224306,0.000959054043815698,0.00318516530740065,0.00726694213289262,0,2.68956033646916e-05,1.16459837180687,0,0,0.00957699439808234,0,0,0.00144805695609989,1.33094183156049,0.590998139422272
12,"UM-79","Wake Island",163,"United States","UMI",0,3.67932536967365,0.00358815229943828,0.0128890474609165,0.0170372685208783,0,1.35670284231413e-05,1.26098354866805,0,0,0.025187763275861,0,0,0,1.79123578364541,0.568390232582772
13,"MP","Northern Mariana Islands and Guam",163,"United States","MNP",0.000282030594101473,3.78943417469172,0.00654104017712476,0.0227295362628758,0.0415591630152643,0.000267650308429556,0.000130017680140322,1.17491424660402,0,0,0.0588948137481631,0,0,0.000482587901043277,1.79293251586973,0.690700568995507
14,"TW","Taiwan",14,"Taiwan","TWN",0.000636980098457934,3.9320534325394,0.261750382999718,0.203283332842235,0.088298318989667,0.0132150806555404,0.00244981251821992,1.06126755537427,6.80192385138309e-05,0.00257547208495619,0.0154594649332517,0.0110417784649447,0.00105853428884107,0.00848600064911528,1.69225223284986,0.570210459839682
15,"PH","Philippines",15,"Philippines","PHL",0.00937616631066103,3.86203904245461,0.141005294509986,0.235899701788008,0.129159716553035,0.0137484509761458,0.000902674155926775,1.1254055547229,1.504043988758e-05,0.00199618636719112,0.0493230588645883,0.00727682299287991,0.000929740109711126,0.0263865241894141,1.55969936135686,0.560914747955715
17,"PG","Papua New Guinea",17,"Papua New Guinea","PNG",0.00180974442854981,3.39334646842258,0.0136929131364434,0.0121208678397766,0.0660845518477807,0.0029462312284651,5.64502334112946e-05,1.0711912921926,0,0.000116776812738432,0.094854325611357,0.000518126762198062,5.30195814683772e-05,0.00847206205849216,1.5787653038564,0.542664796457447
18,"FJ","Fiji",18,"Fiji","FJI",0.00156616497026205,3.72569139138107,0.00571840122518441,0.00530965255468981,0.00523555781497874,0.00072662799120387,0.000117531858534861,1.22257043267952,0,9.93157280041956e-05,0.00404179524900167,0.000240008816191417,2.69672391410934e-05,0.00459174563520617,1.87150762111994,0.603939571872508
19,"TV","Tuvalu",19,"Tuvalu","TUV",7.30429824926969e-06,3.60167386318388,0.00119133857985158,0.00413201084283639,0.00827008163660065,0,6.22458198332775e-06,1.14839020515846,0,0,0.00987698878382855,0,0,0.000409017797049818,1.79313589532285,0.636254795549479
20,"KR","South Korea",20,"South Korea","KOR",0.000890006057822262,3.71432183011892,0.407025814813284,0.402648716108029,0.16653316704621,0.0180811380379998,0.0105341526775627,0.658169069353263,0,0,0.00409536777771276,0.0218334266750927,0.00440922853272672,0.0347339693955797,1.41089408944158,0.574473680758062
21,"KP","North Korea",21,"North Korea","PRK",0.00105612835649845,2.91630442496426,0.166006275850449,0.105905646475095,0.0514345150171056,0.0339910048769578,0.000729747762365338,0.713035641489307,0,0,0.0145540612242484,0.00639042552136747,0.00184317014562233,0.040960087853111,1.30657431140191,0.473823421465024
22,"XD-PF","Paracel Islands",22,"Disputed","-",0,3.67579634531034,0.14503344357337,0.168013040499769,0.068346428153743,0,1.8563000575819e-05,1.11737022856366,0,0.000973353919422317,0.0152157765341969,0,0,0,1.58646150431451,0.574363996359776
23,"XD-PG","Spratly Islands",23,"Disputed","-",0,3.71341962935242,0.1944099625975,0.269240517865282,0.129654992145322,0,3.25101076477498e-06,1.08868605292519,0,0.0216679900182921,0.0550019136529291,0,0,0,1.38183252156282,0.572922413965296
24,"KH","Cambodia",24,"Cambodia","KHM",0.000988280889804793,2.88179857819359,0.491109812093784,0.383572272435727,0.160588785806741,0.0119391387741615,0.000416391454598609,0.472969482134478,0,1.41712059698567e-05,0.00395806783826904,0.00286738422472993,0.000164298921432566,0.0228272234840728,0.880451781603677,0.449931466789321
25,"TH","Thailand",25,"Thailand","THA",0.00336753683318092,3.08259905884495,0.295774108168989,0.199731427360352,0.106359428350744,0.0234219375705566,0.00478079905741583,0.688563978322565,0.000586101271454729,0.00139660592367721,0.00413078384599351,0.0268444900988846,0.00533816929357949,0.0259637531596046,1.26172571015576,0.434614222678326
26,"IN-XAN","Andaman and Nicobar",203,"India","IND",0.00034931109845504,3.61868867096175,0.0965854442900417,0.086036480670322,0.0434162917540515,0.000851449095970962,0.000117236964692665,1.05653561556767,0,0.0126007256553342,0.0104763079623625,0.00160751826551496,5.79620890348439e-06,0.00541675978622577,1.65933984933176,0.645349892884638
27,"XD-KU","Southern Kuriles",0,"Disputed","-",0.000341330256199007,2.65267310127169,0.0714912515050697,0.0382512685575125,0.0525122175364284,0.000389829476431838,0.00011677845045689,0.842180341129341,0,0,0.00942136464160688,0.000722210985329804,0.000109114455385425,0.00450560374950758,0.83382373410655,0.798808050522016
28,"KM","Comoro Islands",28,"Comoro Islands","COM",0.000467897705075881,3.61211215265082,0.0145941874734004,0.0117096530218625,0.0129457815207963,0.00162254344042504,5.94566418248751e-05,1.12098126593099,0,0.00344787179723224,0.0104862153844788,0.000827159521049026,0.000130224083982343,0.00399844647976292,1.74670673339889,0.684134705455563
29,"YT","Mayotte",179,"France","MYT",0.00037692102084413,3.51855359965516,0.0134797051660802,0.00417206207326188,0.0200853089917275,0.000943689400109609,0.00116676593987082,1.10452344371107,0,0.0023743979356926,0.0260703829669721,0,0,0.00603838937809059,1.63261596254724,0.706706553924326
30,"TF-XGO","Glorioso Islands",179,"France","ATF",0,3.47469014451596,0.00227257091429129,0.000344639373134,0.00709651884047041,0,0,1.13561985631401,0,0,0.00979083533369869,0,0,0,1.69572453976202,0.623841167517577
31,"SC","Seychelles",31,"Seychelles","SYC",6.48129039081753e-05,3.46258338775745,0.00256366420562633,0.00117537661914719,0.00952419028798653,4.37223714546548e-05,6.38066495393635e-05,1.09635006270245,0,0.0067802460313806,0.0131821084614812,1.69595309651125e-06,3.05313631469857e-07,0.000375582396438628,1.70143697502295,0.631020844225668
32,"RE","RŽunion",179,"France","REU",8.97392782570769e-05,3.97225703247052,0.000833397369527179,0.000963189624883942,0.00417936438011864,0.00121638464700782,0.000389528309405559,1.18148909408433,0,0,0.00578879775269453,0,0,0.000929891589137823,1.97312888787703,0.803248747119123
33,"TF-XJU","Juan de Nova Island",179,"France","ATF",0,3.57345882751546,0.00108326299102917,0.000556929794325495,0.00302517127012298,0,0,1.12165166605321,0,0,0.00414528379228689,0,0,0,1.7761378749327,0.666858627096014
34,"TF-XBS","Bassas da India",179,"France","ATF",0,3.73864119542269,6.22774275980754e-07,9.21394601125854e-05,0.00197539241398839,0,0,1.15862102201488,0,0,0.00277613951727321,0,0,0,1.76554833805468,0.809627539076356
35,"TF-XEU","Ile Europa",179,"France","ATF",0,3.72826090482072,0.000260159341120649,0.000417944689550247,0.00237461325890824,0,0,1.1715244013983,0,0.00325664096974933,0.00330711000282026,0,0,0,1.7067694852718,0.840350548397304
36,"TF-XTE","Ile Tromelin",179,"France","ATF",0,3.69583104839099,0.000138519264076298,0.000427187009655579,0.00493154795768943,0,0,1.1316370051697,0,0,0.00694874826727889,0,0,0,1.84463729914661,0.70711072160147
37,"MU","Mauritius",37,"Mauritius","MUS",8.07832813069752e-05,3.58118918459166,0.00528096751136929,0.00330543463064659,0.00743125334111283,0.000417878825299157,0.000133030427811908,1.16763288055932,0,0.000230451855594513,0.00928367223783081,0.000375267070954396,0.000248638962415465,0.000431288580153831,1.77420656868836,0.612131063575829
38,"IO","British Indian Ocean Territory",180,"United Kingdom","IOT",0,3.42745007722034,0.000860227150337103,0.000757157716211638,0.00404405797524359,0,5.92766985316576e-05,1.10790141136623,0,6.90509716814954e-06,0.00600028121508284,0,0,0,1.66286039770233,0.644960345898675
39,"MV","Maldives",39,"Maldives","MDV",0.0016478485727315,3.49110328357785,0.0164702224856758,0.00309279887296351,0.022848917821391,2.8388026464423e-05,0.000556010912652094,1.11754734438365,0,0.000131275765675156,0.033724164312623,0,0,0.00565219054873813,1.61732604443841,0.672078069012459
40,"LK","Sri Lanka",40,"Sri Lanka","LKA",0.000465705414810057,4.35808606901193,0.0615591487085587,0.057180839462045,0.0489843874046185,0.00940966450842268,0.000880861362448199,1.06761858057799,0,0.847677418428607,0.0335575017668945,0.0104420239264661,0.000396433208262233,0.00752619391512827,1.58195964863419,0.630427647479981
41,"MZ","Mozambique",41,"Mozambique","MOZ",0.000954734712259181,3.34901736535306,0.0566905846944316,0.00672710530041328,0.00605795053707401,0.0131596745360082,0.000210142224992727,1.03500720113698,0,0.00193452512219717,0.00250026342503496,0.00568163999044891,0.00107215399301503,0.0113533437624446,1.6587403035743,0.548927739915396
42,"MG","Madagascar",42,"Madagascar","MDG",0.000959576992734422,3.63889116025977,0.0480896525148611,0.0105213625192599,0.0120032119190009,0.00780473608427144,5.25189811034014e-05,1.10901546526917,0,0.000588138499943829,0.00758451684336134,0.000720006275151268,2.05317119490424e-05,0.00816139804261797,1.76366791878144,0.669702117182657
43,"KE","Kenya",43,"Kenya","KEN",0.00211092005235413,3.25703442190851,0.0213626860521387,0.0101129811327513,0.00606866891662772,0.0173743542353741,0.000898464285990884,1.03665549400612,0,0.0122635377958555,0.00268088364892307,0.0121864546018674,0.00197170210083754,0.0127216383638652,1.67254044278563,0.448086202039598
44,"SO","Somalia",44,"Somalia","SOM",0.000234941746800709,3.33460975638334,0.017229577479979,0.00612298467855868,0.00489893890841846,0.00574821256574289,2.46248410063854e-05,1.0521763496453,0,0.00438476011781156,0.00363977083290877,0.000748894065104827,0.000150652586739827,0.00523775764284141,1.67105433279016,0.562957964882773
45,"ER","Eritrea",45,"Eritrea","ERI",0.00392908412317116,2.16303437539512,0.0431958463944664,0.0238319013840315,0.0114899588945659,0.0123291810024096,0.000338454196493622,0.684291344748619,0,1.2620198710724e-05,0.0012868233897522,0.000139645140957947,9.33555336031633e-06,0.0338269564816571,1.0583373691384,0.290015852793354
46,"DJ","Djibouti",46,"Djibouti","DJI",0.00773352961677755,3.33984706441023,0.1734163530567,0.0647226905655805,0.0425348879850295,0.0302789709357378,0.00505484506692745,1.02978804857597,0,0.198640135110026,0.00486503635232481,0.00208752522796712,0.000334553764308409,0.0749703708473813,1.37837799344963,0.327042125487705
47,"YE","Yemen",47,"Yemen","YEM",0.000386558143122791,3.30991901645077,0.0670519474671825,0.0218411051635886,0.0278579939748813,0.00801419604978645,0.000478398719639345,1.02835623141567,0,0.0457039112413474,0.0136416951364651,0.00208977523815793,3.53113130055396e-05,0.00691510187499561,1.59287083706224,0.494675958299201
48,"OM","Oman",48,"Oman","OMN",0.000485198858970775,3.48751658643114,0.0356351006970693,0.0164047178444513,0.0191096898519432,0.00332856717042333,0.0010850307728148,1.01631687134117,5.47532404652841e-05,0.0178691805533686,0.00696808001622596,0.00143036869800449,9.38163857182947e-05,0.0053724514596136,1.76693577696069,0.596426984080297
49,"SD","Sudan",49,"Sudan","SDN",0.00105008702754741,3.00611893129766,0.0647201882974799,0.0202570791508759,0.00887158617842037,0.00955652634775434,0.00059931077668725,1.07522837385948,0,0.000479891359802538,0.000244631541457581,0.000629481275421169,3.00635860137277e-05,0.0189760195030055,1.52352111168857,0.281954577385838
50,"SA","Saudi Arabia",50,"Saudi Arabia","SAU",0.00196218196163574,2.63921981168298,0.0551791780969442,0.0422020436524549,0.0262597264956715,0.0180840220939258,0.00687681594487682,0.898922458429513,0.00331484976914565,0.013782941542986,0.0014974072052262,0.00835594662499571,0.000428814468130944,0.0245191778045514,1.28865033711296,0.249183911940943
51,"KW","Kuwait",51,"Kuwait","KWT",0.00266599919994134,1.5622109161328,0.114719977621702,0.0730074073433386,0.0346441652993299,0.0647660997088575,0.0213072942955949,0.336264142688824,0.000518211430263548,0.0219833226175918,0.00196955310919747,0.0328959294293701,0.00424744766279394,0.0507631903916359,0.603998656183049,0.198459522800312
52,"BH","Bahrain",52,"Bahrain","BHR",0.00313949520938276,1.12787132313479,0.131687093497993,0.09879326333912,0.0495918953206254,0.034604422253194,0.0377728248065728,0.217743576295861,0.000152555305843222,0.0378096225059824,0.00174624041642981,0.0202159411106323,0.000507068133608406,0.0763918382011235,0.345768256200737,0.0719472440995395
53,"PK","Pakistan",53,"Pakistan","PAK",0.00016786919682926,3.53109980688012,0.1404435407091,0.0612668724696297,0.0433906038806349,0.0139661919478573,0.000672657057261116,0.969263932315107,0,0,0.00248793234236867,0.0109352379442518,0.00275368808382021,0.00791679479776338,1.72224305302738,0.555591428094132
54,"AE","United Arab Emirates",54,"United Arab Emirates","ARE",0.00163691770976404,1.65424800766394,0.193257050412837,0.17606203880169,0.10760526285574,0.0286907978172842,0.0142719668384106,0.299448664649192,0.00198557391587176,0.0958203933049362,0.00351566924972738,0.0241636647751598,0.00298290662492511,0.0370513576199989,0.491576428625471,0.176179325010988
55,"PT-20","Azores",183,"Portugal","PRT",1.91233686264158e-05,3.74243869084321,0.00819532276997397,0.000957862550210277,0.00266870145787346,0.000281164267629852,0.000229504634167693,1.17842251686759,0,0,0.00196966798281133,0.000525133694212592,0.000120962028270879,0.000830250202090104,1.80235346435281,0.745865010332649
56,"CV","Cape Verde",56,"Cape Verde","CPV",8.94849924093256e-05,3.9819688779821,0.0019902261862862,0.000763569559525567,0.00446319051043637,0.000465622880508663,0.000106512102069309,1.15044688088583,0,1.33167789800086e-07,0.00495068531132367,0.000109697909390481,1.5927620618342e-05,0.00145324460534235,2.09836004385323,0.718753648070109
57,"PT-30","Madeira",183,"Portugal","PRT",1.7769826030197e-05,3.67996172683056,0.00108423563011489,0.00192535731439008,0.0114846478751128,0.000432693766427827,0.000228786617204115,1.15440398312838,0,0,0.00332406478737214,0.000224718866714257,4.96165532941341e-05,0.00062423447020004,1.67539676622615,0.830764843936886
58,"ES-CN","Canary Islands",182,"Spain","ESP",0.000121453757941031,3.82631917624071,0.0207753927457173,0.0288643125147823,0.0331848644284271,0.00268142630799062,0.00106056924892121,1.1284995728379,0,0.000542586394774505,0.0097620859973898,0.00112446026317326,6.13061787036611e-05,0.00381161449428051,1.80692237631517,0.788907135317317
59,"BE","Belgium",59,"Belgium","BEL",0.0004080139562092,1.44807042468777,0.123165100803493,0.0980400968868139,0.0372252698883817,0.0951384061297955,0.0165616067863445,0.17555445283463,0,0,0.00287851603282557,0.0490979664596057,0.00533068001218194,0.0492595557957021,0.579599242309855,0.215811518509078
60,"GI","Gibraltar",180,"United Kingdom","GIB",0.00179681849637718,3.30166874895192,0.156458599639661,0.127269812033634,0.140593824949529,0.207436954914771,0.0286319201642817,0.9756264063445,0,0,0.024936742237722,0.0784797189667803,0.00697248437905048,0.0605651249789228,1.4929003373541,0
61,"TN","Tunisia",61,"Tunisia","TUN",0.00248373103913632,3.17962547455018,0.1357463813255,0.131455349275026,0.0714507693588516,0.0301575384769278,0.00485226287724425,0.869599358486807,0.00103351058540901,0,0.0127328975641851,0.0169825479697388,0.00252330443398964,0.026834661140225,1.43983169272318,0.433941465579182
62,"MA","Morocco",62,"Morocco","MAR",0.000629032065789247,4.06995696758581,0.125126515815611,0.148716492137353,0.268921158534026,0.0210734067282236,0.0016000761478127,1.06560004595842,0,1.2401373723047e-05,0.0119799803834628,0.0144320141991984,0.00313894973546292,0.0114713558473864,1.70376060540089,0.693494927046422
63,"EH","Western Sahara",62,"Morocco","ESH",0.000107120384030096,3.77506069618044,0.0628750061710921,0.12276028131075,0.0966514911124643,0.000486816748185271,0.000193153820367715,1.01403726847041,0,0.00113779142592805,0.00676109475227945,5.61165166486603e-07,4.04855327101157e-08,0.00288876428072987,1.82584719419633,0.641314097242808
64,"MR","Mauritania",64,"Mauritania","MRT",0.0003266447308487,3.78431860626159,0.0793030858369534,0.117336450842121,0.068581349817287,0.00466133834540256,0.000197103597290603,1.02388693292012,0.000357746446894975,0.00729866744848679,0.00403163009529053,0.000990729678358856,0.000110380471892697,0.00783320172628469,1.91030395073078,0.559099378445075
65,"GM","Gambia",65,"Gambia","GMB",0.000632476178371276,3.85722063617845,0.0549093880393036,0.0563128458097623,0.0655220863512068,0.0172040554301676,0.000997230793010171,1.03641175576324,0,0.0397255567143449,0.00446588850405046,0.0073157913282197,0.0030089422004222,0.00825760452694469,1.88259691274857,0.679860092653483
66,"SN","Senegal",66,"Senegal","SEN",0.000325198096778826,3.89915038787671,0.0465426118620721,0.0431558744965608,0.0540409953386529,0.0102654091624606,0.000665532878603292,1.06582424381308,0,0.0209388080249233,0.00513933516808806,0.00365652462126162,0.000396589181841339,0.0070712072633355,1.94661845557374,0.694509596450972
67,"LY","Libya",67,"Libya","LBY",0.000872610375009869,3.67245921776976,0.0194134810421794,0.0429784428962785,0.0123397815221966,0.00777035692962969,0.00156628129273417,1.10843732175995,0.00159928516676883,0.000223538749976433,0.00251084606335129,0.00591940281017922,0.000895522544058519,0.00760988047840155,1.86970163405855,0.59062083597273
68,"MT","Malta",68,"Malta","MLT",0.000266314315547962,3.59661719940265,0.0649581207423817,0.0644286021309737,0.0392786538161395,0.00561156305236847,0.0013107126511137,1.11853219637944,0,0,0.0164001800599162,0.000709087550026973,0.000366011060556247,0.00501934458249332,1.69961296593142,0.580123449238696
69,"LV","Latvia",69,"Latvia","LVA",0.000539556713701174,2.59165967309048,0.0134158930945795,0.162150444428972,0.167342061763986,0.0448338371957161,0.00310080575365981,0.0176113453028506,0,0,0.107413761776745,0.0487012486923067,0.00957152761670836,0.0272789975205649,1.45170560308879,0.537994593204869
70,"EE","Estonia",70,"Estonia","EST",0.00209763062406615,1.83033800815924,0.00831940196179545,0.101106976297885,0.126000425557919,0.0405208817811991,0.00647830384952418,0.00950199549834732,0,0,0.0502891882133002,0.0378421467307979,0.0018291147237841,0.0652372388534235,0.96484305748373,0.416271652270854
71,"BG","Bulgaria",71,"Bulgaria","BGR",0.00153957129364333,3.60896080661533,0.0104865171525062,0.00567334556868853,0.0325337100187483,0.0235514467953061,0.00337549926759053,0.984674073567575,0,0,0.00159062412896594,0.0262620519780461,0.00490430880215046,0.014791103580672,2.03237721927288,0.467201323256843
72,"RO","Romania",72,"Romania","ROU",0.00120913761776573,3.27007499765931,0.000852756955154582,0.00166409162235228,0.00968925191629924,0.0301126053278172,0.00190793554781545,0.829249312839276,0.000962840379118399,0,3.01037976070764e-05,0.0259196546914462,0.00676750580151481,0.00952480830632154,1.89584314700301,0.456341828422222
73,"RU","Russia",73,"Russia","RUS",0.000275052514675481,2.11850543593447,0.134676061303343,0.0447818837685237,0.0436917264468153,0.0021290873883072,0.000286282125765606,0.575970543168498,4.48480973607461e-06,6.48365870806457e-07,0.000577839665816478,0.00105804831199506,0.000243662876875218,0.00364655261457248,0.863515104961531,0.447648458367452
74,"GE","Georgia",74,"Georgia","GEO",0.00128693669184616,3.67881780642946,0.012366415598799,0.011017295398033,0.0454954360236609,0.0431101202021374,0.00487213450851418,1.11700931415475,0,0.000625270276157169,0.00266236010720045,0.013972461575225,0.00373070410749616,0.0249088735961671,1.96200102159767,0.435759458674859
75,"UA","Ukraine",75,"Ukraine","UKR",0.00151150124537115,2.91964836797862,0.00346426647714927,0.00326355588087887,0.0364469520202633,0.0454458181784771,0.00314541250162508,0.772287562618532,0,0.000227094417714348,0.000207881050316304,0.0443100554699957,0.0141764941224782,0.0297672082852743,1.52729997527233,0.438094588640427
76,"TR","Turkey",76,"Turkey","TUR",0.00171329108302783,3.99323344136034,0.0902007565703924,0.0623334247647485,0.121302327864491,0.0468866487218729,0.00776800749593845,1.07223272782122,0,0.000163989723807557,0.015977055375128,0.0479689867215289,0.0116207897440958,0.0379159660702746,1.93355884964518,0.543590624376558
77,"SY","Syria",77,"Syria","SYR",0.00278677979269452,3.8693250376858,0.0880775542789358,0.101100923195525,0.0530332172318454,0.0646160626316015,0.0120627737242745,1.10770392529984,0,0.00489177358141006,0.0219758845642045,0.0814843074027442,0.0211505218876557,0.0428609630278881,1.88443241580385,0.383147969896106
78,"LB","Lebanon",78,"Lebanon","LBN",0.00108052323562228,4.03144290173879,0.0547200038125915,0.090921400391458,0.0650741082707977,0.0548922868769408,0.00905275481796437,1.1458413620345,0,0.0125381374169117,0.0224847518227117,0.0300463780572932,0.00785070411091791,0.0255034835673009,1.98731180169312,0.524125166883678
79,"IL","Israel",79,"Israel","ISR",0.000608688852278625,3.7490289571893,0.0489768399013489,0.0819875373542564,0.0281574720457196,0.0571244960868144,0.00804708321795744,1.08963468728907,0,0.014785095936133,0.00322303140657936,0.0575049518826481,0.0147681290716973,0.0229104059929941,1.93029870974784,0.391001819681654
80,"GR","Greece",80,"Greece","GRC",0.00197608761511499,3.84264521346526,0.102872725965905,0.0645131649493143,0.077204630256052,0.0224371671732384,0.00537194107950907,1.08805028317695,0,0,0.0214345492842508,0.013085097663129,0.00198187280099126,0.0286343743779989,1.80752095922527,0.607562363720158
81,"CY","Cyprus",81,"Cyprus","CYP",0.000453774095800843,3.90941443411895,0.0268446101753504,0.0215640152464689,0.0146194106891391,0.0079339072785921,0.0025304363907336,1.17300675729512,0,0.000766678496186517,0.00430164239260271,0.00563402918227935,0.00161854387723005,0.0095779350501906,1.97566987845155,0.664892820279405
82,"AL","Albania",82,"Albania","ALB",0.00925156317757276,2.71847591167073,0.0926500471676828,0.065931420979579,0.0348896307355096,0.0974216685033677,0.00569433950390886,0.774902766578829,0,0,0.00326446908556005,0.0850384298128298,0.0127047612573847,0.0607089881071193,1.18723254666416,0.288785280227398
84,"DZ","Algeria",84,"Algeria","DZA",0.00126191289942515,3.73146419054125,0.0427430945281122,0.121771427133903,0.0996489035052989,0.0333968820878297,0.00355034518669108,1.11791940290703,0,0,0.0101063579057082,0.0114083788808373,0.00226180360009559,0.0166261789333218,1.5566158990557,0.714153592390741
85,"SH-AC","Ascension",180,"United Kingdom","ASC",1.20360562464571e-06,3.75420136485738,7.20189682176102e-05,4.02558514972626e-05,0.00100498037274941,1.11017719981605e-05,1.46644837579798e-05,1.10896462441709,0,0,0.00137598172765882,0,0,0.000109938335595915,1.92468039418201,0.717926202696419
86,"SH-HL","Saint Helena",180,"United Kingdom","SHN",4.13171377926678e-06,3.3455342132489,0.000251303366638492,6.18703262893465e-05,0.000853217963959847,2.3213653014488e-05,9.105160743841e-07,1.06474831856365,0,5.52603523823908e-05,0.000468306664149446,0,0,8.87926766140974e-05,1.47906344262229,0.799915448265766
87,"BR-XTR","Trindade",171,"Brazil","BRA",0,3.06891532766669,0.0103595863261258,0.0108898886874836,0.00847530702222102,0,0,1.15325737012187,0,0.0157866366421715,0.0125612945083854,0,0,0,1.0343130146768,0.823272225156705
88,"SH-TA","Tristan da Cunha",180,"United Kingdom","TAA",3.36671754006348e-08,3.48863003330935,1.80662187525232e-05,0.000694311038764481,0.000214503438245403,2.68517563772793e-06,0,1.01060029983059,0,0,0.000301195118740669,0,0,3.63852407761588e-05,1.7739047845236,0.702857784426568
89,"GS","South Georgia and the South Sandwich Islands",180,"United Kingdom","SGS",0,2.78318393831575,0.00205793920153317,4.94116749286791e-07,0.0037694522992164,0,3.46071552417423e-07,0.764890973721044,0,0,9.58260904045834e-05,0,0,0,1.21596403183792,0.796404878888428
90,"ZA-XPE","Prince Edward Islands",102,"South Africa","ZAF",0,1.96692717154194,0.00153681653206603,4.12845846980948e-05,1.50669333024808e-05,0,0,0.880639754270893,0,0,4.77331321594629e-05,0.000272138583777689,3.86954604026603e-05,0,0.498672049811551,0.585663630940974
91,"TF-XCR","Crozet Islands",179,"France","ATF",0,1.8960597795497,0.00243068374046371,0.000167913840294821,7.74557551589729e-05,0,0,0.874889712651036,0,0,0.000116125138429294,0,0,0,0.390424098439035,0.627953788323271
92,"TF-XAM","Amsterdam Island and Saint Paul Island",179,"France","ATF",0,2.73830897432761,0.000378246660436417,0.000449219987474242,0.000262761190864449,0,0,1.13464667858904,0,0,0.000409748801223324,0,0,0,0.913278595461234,0.688883720841372
93,"TF-XKE","Kerguelen Islands",179,"France","ATF",0,1.99630495438914,0.028854724784187,0.000152763563288276,3.91917939864882e-05,0,5.60730695954205e-07,0.763369656825642,0,0,0.00016020707983321,0,0,0,0.559696226924417,0.644031628077255
94,"HM","Heard and McDonald Islands",16,"Australia","HMD",0,2.76396233741788,0.022342628073546,0,4.76695612819937e-06,0,0,0.714680962007739,0,0,0.00217753756515636,0,0,0,1.35515962376816,0.669596827768915
95,"FK","Falkland Islands",180,"United Kingdom","FLK",6.92398171811356e-05,2.9341934633726,0.0923985506461478,0.00975171088305524,0.00344972176051152,0,1.8319120539144e-05,0.871123537481186,0,5.41530090041954e-07,3.20394632054954e-05,0,0,0.00128438898298518,1.31837689090801,0.637688520832773
96,"SL","Sierra Leone",96,"Sierra Leone","SLE",0.000213747217271385,3.77624939939222,0.0700195584723072,0.0890675917803354,0.0398909251514936,0.00680789723573984,0.000118655828146542,1.03655411976001,0,0.0192045595072099,0.00745622917617724,0.00432500583135274,0.000493275214262715,0.00804015751156051,1.80401339060453,0.690044269328939
97,"LR","Liberia",97,"Liberia","LBR",0.000156400381970704,3.71279966651965,0.01793091638701,0.0226827344635091,0.0114218743746894,0.00692753995764513,0.000146027109043427,1.0986172856498,0,0.0416575708385171,0.00444042399147308,0.00233005117249179,0.00020838256134396,0.003644876629432,1.85952104932164,0.643114516791161
98,"TG","Togo",98,"Togo","TGO",0.000818864941007348,3.70715223126844,0.151803744006696,0.0740101248680325,0.100599002069944,0.0135512409300675,0.00143192434934273,1.24343376441186,0,0.178911960583745,0.0330544578986824,0.00300005829997529,0.00045496348641714,0.00715491527045815,1.58786888472445,0.311058322782425
99,"BJ","Benin",99,"Benin","BEN",0.00192006626439285,3.42922620377627,0.0718779537314012,0.0659425041948869,0.0469676457144852,0.0225117204175138,0.00104365985276578,1.2403847718724,0,0.0888644419998785,0.0301489275888306,0.00718543733542296,0.00102659695405604,0.00746018377320271,1.57525109328874,0.268641201194482
100,"CG","RŽpublique du Congo",100,"RŽpublique du Congo","COG",0.000286211982943709,3.51979586236111,0.0698712800247314,0.12255878676275,0.0288939475612546,0.0147738190239167,0.00119780494505568,0.946878915169445,0.0312451467803074,0.164388600858838,0.00223014412267,0.000513652624497257,6.31155332109186e-05,0.00768755640780666,1.58938802800123,0.539818847859961
101,"NM","Namibia",101,"Namibia","NAM",0.00012430527539759,3.22070971769177,0.0177458463387324,0.00676108835077609,0.0838409494172762,0.00234323568297697,0.000114062107270553,1.01732749658087,0,0,0.000260533241116874,0.000513117079264678,0.000333095757879682,0.00117205268604095,1.46796540734308,0.622208524500233
102,"ZA","South Africa",102,"South Africa","ZAF",0.000187786926904604,3.49330181249427,0.0171835343013412,0.00435618583579116,0.0596681630606409,0.00549955713839662,0.000540246387371696,1.11624570468198,2.05284513306814e-05,0.000876190319244465,0.00163548323414676,0.00377750765094647,0.00062466561844207,0.00396966877530632,1.56641890531153,0.712297684528634
103,"ST","Sao Tome and Principe",103,"Sao Tome and Principe","STP",0.000163239059553464,3.42762750060477,0.00861859970269123,0.00569438404158216,0.00998570391617049,0.000890697825257258,0.000149336477674656,1.01571125179563,0,0.102706346126268,0.00672842911275979,0,0,0.00256209522874126,1.66064946428179,0.61376795197339
104,"GQ","Equatorial Guinea",104,"Equatorial Guinea","GNQ",0.000147480390349072,3.30749307250596,0.00540753594911291,0.011811164596274,0.00785092682135624,0.00125330100119321,0.000158763491407328,1.00270811059926,0.0062144725271418,0.0141567257668672,0.00575108643070741,0.000798585826877362,0.000115715733154105,0.00181184071312277,1.57191429049972,0.677393080771857
105,"BV","Bouvet Island",223,"Norway","BVT",0,1.95541826821555,0,0,0,0,0,0.752021666145829,0,0,0,0,0,0,0.575812509692062,0.627584102900954
106,"GH","Ghana",106,"Ghana","GHA",7.9623841876074e-05,3.88117159240031,0.0821220354102094,0.0409792177357644,0.0834922861240085,0.00887050741315635,0.000626785071108232,1.10382989998923,0,0.174224228844434,0.00935780250191968,0.00441308240040957,0.00199888016924601,0.00456442094660592,1.77323941062209,0.593373399583254
107,"CP","Clipperton Island",179,"France","CPT",0,3.33327934782258,0.000240229645161652,0.00220025981529219,0.00134579860699373,0,0,1.07294593585333,0,0.00672804619990228,0.00199875223385582,0,0,0,1.47451954434574,0.773300785929865
108,"BM","Bermuda",180,"United Kingdom","BMU",0.000171381094397758,3.16304821397668,0.000365222272499142,0.000472806002476994,0.00203598518918314,8.97742608018281e-05,0.00020212375403871,1.20531834367217,0,0.000445866069546794,0.000705512918243132,0,0,0.000407654751693186,1.12863116812786,0.824202372695475
109,"EC-XGL","Galapagos Islands",137,"Ecuador","ECU",2.6722010891527e-05,2.67674978667453,0.0128984071381782,0.00903215519073101,0.0195235414672877,0.000105518623515254,1.47647170244396e-05,0.907823500177388,0,0.00221039900624385,0.012426033097797,0.000447527804495634,8.71570033926904e-05,0.000560557674083829,1.08478323662465,0.626810278578224
110,"BS","Bahamas",110,"Bahamas","BHS",0.00127963501316478,2.98871086380313,0.00664841673613655,0.018682292466322,0.00371542776527087,0.00081577628245762,0.000805514030757975,1.07318353420971,0,0.00137186779133859,0.000440409654431307,0.000289174460431938,2.57066930215839e-05,0.00748559515708385,1.26505675521445,0.608910760384327
111,"TC","Turks and Caicos Islands",180,"United Kingdom","TCA",0.000796530160507709,3.67698346952939,0.0209254397795604,0.0120739833814543,0.0106654323949762,0.000390220813450087,0.000601110855222234,1.20958848667526,0,0.00310556841786594,0.00138445977785753,0,0,0.00355440852571504,1.75336207780166,0.660535751400095
112,"CU","Cuba",112,"Cuba","CUB",0.00139307667628211,3.30254871962838,0.0376963277072812,0.027286510539113,0.0123938952338499,0.0155335210998966,0.00112562957037793,1.081423037768,0,0.00778616102436691,0.00028539158743436,0.011696901938216,0.00105752175496939,0.0189414674789883,1.58705672031957,0.498872554990027
113,"KY","Cayman Islands",180,"United Kingdom","CYM",0.000214676192555122,3.67316544618771,0.00103105845639914,0.000321639285969286,0.000705036322863711,0.000521179946350561,0.000738918651636027,1.25599640583897,0,0.00112883982787534,0.000135178000535585,0,0,0.00208393096374965,1.81558670874589,0.594701878068803
114,"HT","Haiti",114,"Haiti","HTI",0.00318705053557967,3.85954932655671,0.0448352142081197,0.0253671423902763,0.0125615258388938,0.0217535722650547,0.000591596094098828,1.18815545941552,0,0.00348969340186867,0.000554390418373666,0.00108282899050119,0.000619456156995269,0.0220367039206445,1.97589767672071,0.55941701493602
115,"DO","Dominican Republic",115,"Dominican Republic","DOM",0.000707751290978247,3.96248297293028,0.0228398725261114,0.0157144471492172,0.0109302623011653,0.0106968082119181,0.00113565018783449,1.20801685474935,0,0.00682811690089222,0.00300285741410093,0.00587217458243996,0.00228489342718151,0.00810608791709606,2.02907093820763,0.637276262205131
116,"PR","Puerto Rico and Virgin Islands of the United States",163,"United States","PRI",0.00433003320501869,3.93455723816612,0.0193926927074674,0.0117449074710526,0.0108386686885032,0.0102979042552789,0.0032229023765497,1.20430771082521,0,0.0101100000981226,0.00160384667544338,5.22477287490161e-09,0,0.00775331635853764,2.05129604537022,0.59965920605805
117,"VG","British Virgin Islands",180,"United Kingdom","VGB",0.000234437727187735,3.93553246167259,0.00581044565623349,0.00519572573346341,0.00468470739463227,0.000314110381789214,0.000995501352583304,1.22124211505866,0,0.0068327473508574,0.00159170264651079,0,0,0.00558098964841687,2.01484063699671,0.668209340292903
118,"AI","Anguilla",180,"United Kingdom","AIA",3.55204393672263e-05,4.07862582591322,0.00934005638052405,0.00712844114267476,0.00396370786229931,0.000199266036414989,0.000371510736098831,1.22006564576905,0,0.00075179250840425,0.00180684418482245,0,0,0.00138579331669305,2.09866177077419,0.734915472830144
119,"KN","Saint Kitts and Nevis",119,"Saint Kitts and Nevis","KNA",0.00322658006806208,3.57120842804834,0.0175040145833399,0.0192614001091937,0.0115709499332415,0.0050118583274595,0.00539132207366854,1.13899891484821,0,0.000402946457542637,0.0026605598947627,0.000247601444479406,0.000177583346691283,0.0199817405029144,1.96746910235643,0.379303830172445
120,"AG","Antigua and Barbuda",120,"Antigua and Barbuda","ATG",0.000542846308432642,4.06290877160023,0.0177317210639147,0.0263809012539016,0.0141292084463065,0.000884458745830619,0.000699861260688182,1.20141089268011,0,0.000292427312848451,0.00505625815508341,1.62500235361253e-05,1.06129838736798e-05,0.00291848370937004,2.09928327994276,0.693551572606425
121,"MS","Montserrat",180,"United Kingdom","MSR",0.000407074730002331,3.70854055011768,0.0857823881239827,0.0972061331337803,0.0810814578425984,0.00122799179151804,0.000788055226301608,1.11093959684717,0,0.000954744574167355,0.0118860383769878,0,0,0.00747757714743938,1.9330866577057,0.377702821085795
122,"LC","Saint Lucia",122,"Saint Lucia","LCA",0.000482314195578311,3.99148770075849,0.0313246756354439,0.0477135422747864,0.0179044098344343,0.0133805957610331,0.00345800159752678,1.1732867390252,0,0,0.00798076096550256,0.00164719380974368,0.000278016168377261,0.0105020396832277,2.12057577800848,0.562953638182686
123,"DM","Dominica",123,"Dominica","DMA",0.000307092378852567,4.04780568352617,0.0209670596970359,0.0369619868832048,0.0207173910528635,0.00325528285024433,0.00123670148947512,1.17992486838563,0,0.000343260405067724,0.00825121735313295,0.0015374930649573,0.000244684827671183,0.0073697793842152,2.14141095336204,0.625277917245721
124,"BB","Barbados",124,"Barbados","BRB",4.96525434163618e-05,4.0349819939459,0.000839780108633005,0.001299315872557,0.00264668357427191,0.000978277215265713,0.000263874036573925,1.19498472661764,0,0.00440198701063029,0.00122990731816482,0.000377457364428719,7.85702710128077e-05,0.000774735365096068,2.15627078005246,0.670786252208688
125,"GD","Grenada",125,"Grenada","GRD",0.00239423219610359,3.8492720678812,0.00277212396596593,0.00320181105262082,0.00815015223855304,0.00295988668381543,0.00219320616989328,1.13714733059129,0,6.29326792177146e-05,0.00141909700729148,0.000620696996499114,0.00010618466129757,0.0107842944495422,2.06954836416119,0.607911740605949
126,"TT","Trinidad and Tobago",126,"Trinidad and Tobago","TTO",0.000480321168814572,3.52450663025355,0.017803127486244,0.00617149651719512,0.0154488818921645,0.00738127142147724,0.00318047346130523,1.03594799417955,0.00156958521209023,0.00362154465872231,0.00106908655899526,0.0108420183168329,0.00125159782473219,0.0119508743781398,1.96513676505461,0.442651596861947
127,"VC","Saint Vincent and the Grenadines",127,"Saint Vincent and the Grenadines","VCT",0.000682034159249109,3.95150833119979,0.00856702866617069,0.0073689937370381,0.00494595502825908,0.00255609624439757,0.00158689956516615,1.15821562019557,0,0.000105503139629924,0.00245657658604215,0.000664290793368498,0.000122576129576283,0.00773171106059489,2.11582763930632,0.640677394758241
129,"PA","Panama",129,"Panama","PAN",0.00619456879929453,3.20056824267294,0.0600163895151501,0.00615751405298225,0.0791861614364461,0.00882248399485867,0.000560246371517717,0.992730474932955,0,0.00194619511968301,0.0044404711064789,0.00406172980016588,0.00242258506997216,0.0140414234722569,1.38977314361212,0.630214856133131
130,"CR","Costa Rica",130,"Costa Rica","CRI",0.00107170920946546,2.33725981291211,0.0319851535583512,0.0135140067719048,0.00812494802774559,0.00378594187298174,0.000424527038467503,0.942864626060231,0,0.039053826268401,0.00429346573094262,0.0031096085206097,0.0019329678416044,0.00363859790922787,0.63096254526109,0.65249788831533
131,"NI","Nicaragua",131,"Nicaragua","NIC",0.0023875206143075,3.09270082859087,0.0892155522857423,0.065847906710741,0.0196086712007599,0.0140650030552201,0.000344557295000302,0.977468934087166,0,0.00574667862403335,0.00782489602755147,0.0111025504946675,0.00543211319843708,0.0106918985040723,1.50515704649425,0.37780749951229
132,"CO","Colombia",132,"Colombia","COL",0.00122515620170767,3.34833145305558,0.0141657509793348,0.0047414031799847,0.00780659646550554,0.00556215320086686,0.000437013256079939,1.02818958118881,0,0.00016761928143932,0.000781460385819029,0.00622922081170676,0.00303185258045196,0.00507646446477375,1.63824105073085,0.632676135726321
133,"HN","Honduras",133,"Honduras","HND",0.00288614585992722,3.39339476546721,0.0317816238481035,0.018412376691479,0.00483562329803181,0.00932116641153946,0.000692657359437426,1.08629543348849,0,0.0022046708153472,0.000386393367921371,0.00761193483378711,0.00313461430852371,0.00926883393488294,1.7366027569021,0.479960533341137
134,"SV","El Salvador",134,"El Salvador","SLV",0.00153521959170006,3.30717004676975,0.0427911500667473,0.0467712429951027,0.0296921900006169,0.0137996719621456,0.000719508316402331,0.95168452548141,0,0.0248943712497662,0.0315278222058468,0.0127151934862861,0.00482987730847997,0.00605561408489095,1.46065728587995,0.679496397065901
135,"MX","Mexico",135,"Mexico","MEX",0.000627994181106115,2.88894567483442,0.0513842611296137,0.0270120120237577,0.0378130936258851,0.00646741593714503,0.000466992904701735,1.0230808994355,0.0004248280713403,0.0170063803554453,0.00512542974409852,0.00586642703284339,0.00233353165851173,0.00484131147665869,1.10725603910236,0.599239057675981
136,"GT","Guatemala",136,"Guatemala","GTM",0.000514966171435129,2.97604463584479,0.0405201916324326,0.0181626312157031,0.0122671708765085,0.0171821924245789,0.000634612887327749,0.950682674955623,0,0.02799106520617,0.0104737411778136,0.0134842878767278,0.00574874784029128,0.0055918561966773,1.14191366978388,0.730876827919804
137,"EC","Ecuador",137,"Ecuador","ECU",0.000579073668662668,2.72744474039236,0.088285599650548,0.0205370036849016,0.0918969212420432,0.00637257282838587,0.000934058685813388,0.781001871778345,0,0.00230711513384518,0.00792706787047162,0.00714666218436413,0.00341032775542033,0.00866076105042034,1.10831741996739,0.600068282043134
138,"PE","Peru",138,"Peru","PER",0.000210848596251702,2.33866033783025,0.053730510588207,0.0192568456397824,0.113441075383373,0.00696032284239202,0.000493170784287649,0.955007466630668,0,0.00334029293319272,0.00387520040201949,0.00381366221477117,0.00106874754681299,0.00375299299243085,0.493694664370924,0.680014538318059
139,"VE","Venezuela",139,"Venezuela","VEN",0.00115297591339634,3.66972454455253,0.0439982066369697,0.0148030270970492,0.0404309759465034,0.0140271636680173,0.00233281577533314,1.07936929265512,1.12843640731459e-05,0.000232390371896033,0.00171681598886476,0.0132237947234662,0.00232351936506351,0.0132200836692709,1.9142542181762,0.52862798071717
140,"GP_MQ","Guadeloupe and Martinique",179,"France","GP-MQ",0.00122307437445557,3.99109857093323,0.0196727563534561,0.0281323777961678,0.0142807906949428,0.00476638372596268,0.00252725517703112,1.19718869437911,0,0.00193629761424157,0.0064809621415709,2.77579209315457e-07,4.22457957606144e-08,0.00801661880014877,2.10144707116537,0.605425971707877
141,"FO","Faeroe Islands",175,"Denmark","FRO",0.000197797526444548,4.13697435739292,0.257580001738043,0.0778265805849448,0.0398395761732844,0.000431634956079662,0.000326164323693772,1.10044811083813,0,0,0.0536671345901927,0,0,0.00307969032318409,2.00638617086959,0.597191489997583
143,"IS","Iceland",143,"Iceland","ISL",0.000450820421633731,3.97889461877566,0.239951038965849,0.13863878646604,0.119606781470704,0.000940755323722833,0.000445919945417743,0.966359406811817,0,0,0.0348921121880118,0.00107134898895376,1.22669559312611e-06,0.00361413012010408,1.9650771427901,0.507845145526075
144,"SJ","Jan Mayen",223,"Norway","SJM",0,3.40669481420327,0.0243058036282818,0.00159446248154208,0.0101005351033866,0,0,1.09622659421795,0,0,0.00223038024518211,0,0,0,1.75093500936822,0.521302027493483
145,"GL","Greenland",175,"Denmark","GRL",0.000462549613505329,2.58434443609717,0.0892245949641148,0.0187162220812683,0.0203064261392448,0,4.68284118572077e-05,0.822336210302258,0,0,0.00070032667173637,3.47004953283614e-06,2.19767879477143e-07,0.00152835943832727,1.20127253179309,0.429746694642814
146,"PN","Pitcairn",180,"United Kingdom","PCN",0,2.54814751463882,0.000123863599661244,0.000289470539666068,0.000794189020317911,0,0,1.23649312188715,0,0,0.00117698890870211,0,0,7.48751565857017e-06,0.649919170454607,0.659343220226591
147,"PF","French Polynesia",179,"France","PYF",0.000188054211448617,3.02513951233722,0.000574949607145675,0.000171544145190868,0.000460388625034397,2.47611285319151e-05,5.63015948940157e-05,1.21832715136498,0,0,0.00067027583219846,8.6279568967805e-06,1.3886181952904e-06,0.00113080962670231,1.14781079789195,0.655714460913374
148,"KI-L","Line Group",212,"Kiribati","KIR",4.42189523033617e-05,2.02677947606813,0.000166918336133432,0.00016363640111099,0.00138130723206107,0,4.02860739307512e-06,1.03220779137155,0,8.32995313616978e-05,0.00199747554294619,5.74095011110778e-06,1.00543636085858e-06,0.00025082877880141,0.292593813950182,0.69787941167694
149,"UM-86","Jarvis Island",163,"United States","UMI",0,1.75477162504485,0.000294667225731021,0.000390592024846676,0.00220240344048719,0,0,0.959211192979525,0,0,0.00232555440967868,0,0,2.12276576063172e-06,0.0243597883131179,0.765985304247043
150,"UM-95","Palmyra Atoll",163,"United States","UMI",0,2.29872845931421,0.00101707636374384,0.000669957401159892,0.00210174336016357,0,0,1.07169855330949,0,0,0.00217463636125621,0,0,0,0.503407910879447,0.717658583801088
151,"AS","American Samoa",163,"United States","ASM",4.53205446722702e-05,3.8208907417177,0.00720658361317492,0.00345059781550592,0.010040433655841,0,8.13440211678749e-05,1.20903200723696,0,0,0.0139926214020843,0,0,0.00059109388164039,1.89772235605252,0.678728369775319
152,"WS","Samoa",152,"Samoa","WSM",0.00120109887341999,3.88217026570979,0.057717042177381,0.0330904413512345,0.00504514921260618,0,0.000255858710362556,1.21781916359714,0,0,0.00233749680272709,1.80222040508267e-05,3.8711231900407e-06,0.0051295368478047,1.89547089950308,0.664081672344056
153,"CK","Cook Islands",162,"New Zealand","COK",1.73112135594345e-05,3.58227639040629,0.000273417045861619,0.000221247361152196,0.000974471370830982,0,8.50927100011572e-06,1.17710991884242,0,0,0.0014645563970019,4.37432078864552e-07,2.42566395954456e-07,0.000173987449705105,1.72772712904575,0.674305163027919
154,"NU","Niue",162,"New Zealand","NIU",1.08801849752619e-05,3.82721268636116,0.000637673611251517,0.000241611495746638,0.00108584276980986,0,3.19248753709931e-06,1.242139448796,0,0,0.00160627163079889,0,0,0.000166131168227127,1.9056638065132,0.675657837618372
155,"TO","Tonga",155,"Tonga","TON",0.000318889317633955,3.67210266048123,0.00435118959402476,0.00460435603187907,0.00246572283699557,3.85628642173181e-05,5.51627097354883e-05,1.21509507913921,0,0,0.00163203261748237,0.000160253082957889,2.38547829772504e-05,0.00177364678399676,1.84792620704632,0.593657703300056
156,"TK","Tokelau",162,"New Zealand","TKL",0,3.6456027112345,0.000917570640586124,0.00210312353817012,0.00393589477759867,0,0,1.18395803742166,0,0,0.00459484681634928,0,0,0.000477916723284283,1.81940101141795,0.630214313613821
157,"KI-P","Phoenix Group",212,"Kiribati","KIR",6.19358061834761e-07,2.83292818496227,0.00029700543232084,0.00102787513437383,0.00449948239113822,0,0,1.07693408891223,0,8.20742483432045e-05,0.00624569235358163,0,0,5.81011661070263e-05,1.06107714973575,0.682706099866409
158,"UM-84","Howland Island and Baker Island",163,"United States","UMI",0,2.91195038884219,0.000830309659739633,0.00420577594471053,0.0143162732234857,0,0,1.03989526843377,0,0,0.0178176124842908,0,0,0,1.08268005630188,0.752205100464333
159,"UM-67","Johnston Atoll",163,"United States","UMI",0,3.14440465797202,0.000755172807632895,0.000661621093848977,0.00318882233836587,0,0,1.17563657141239,0,0,0.00462775507406819,0,0,4.77088647236431e-05,1.33132162112463,0.628165384204325
160,"US-HI","Hawaii",163,"United States","USA",0.000164000928776957,3.26060345024524,0.0016701309490533,0.00252452736704378,0.00591674148338157,0.000517310770421665,0.000139404372331178,1.17497234256364,0,0.00245119676262045,0.00297822586785241,0.00058800750415216,7.45691391972449e-05,0.000631343068507411,1.3332609341446,0.734714713907117
161,"WF","Wallis and Futuna",179,"France","WLF",0.000171111563981547,3.71094896311295,0.000239533010211471,0.000199570511185889,0.000257115995883341,0,5.11143633746683e-05,1.1968695388645,0,0,0.000238391541007241,0,0,0.000977707956479226,1.91657810701702,0.595366769853274
162,"NZ","New Zealand",162,"New Zealand","NZL",0.000137201153640577,2.50388723044442,0.0536747756322159,0.00874788800184954,0.00353990574621611,0.00288375214873921,0.000160267505779912,1.02444358769639,0,0.000115120843970894,0.000324279202025995,0.00224929547277066,0.000166587093615926,0.00248062114327101,0.757882628078657,0.647081322257568
163,"US","United States",163,"United States","USA",0.0011640842529976,2.67185181388912,0.0814756124994823,0.0309669531557302,0.0424226452952026,0.0147115540268266,0.00382942713063869,0.884281803257507,0.000100321867227774,0.00211288393315416,0.00233717839694197,0.0127051638171558,0.0024639068481974,0.0153500295754197,1.0000196706336,0.577910582569914
164,"BZ","Belize",164,"Belize","BLZ",0.0152643287808223,3.07669066795664,0.0492807082295608,0.0321946034439486,0.0125545201699161,0.015505159833026,0.00274328310427161,1.11186136917444,0,0.00623594519572795,0.000248129913320492,0.0143940142978349,0.00614031319602199,0.03363773797735,1.50212968686121,0.274500861498708
165,"XD-CO-JM","Colombia - Jamaica",0,"Joint Regime","-",0,3.73434156601988,0.0213752489034688,0.0267169941759044,0.00615888777159724,0,0,1.16241530427425,0,0,0.000116890239237966,0,0,0,1.9480138011718,0.569544448492229
166,"JM","Jamaica",166,"Jamaica","JAM",0.000641549538826529,3.7345829246968,0.0228235833679323,0.0141606358484381,0.00716348537211916,0.00577005573671805,0.00132493170934876,1.18449739398193,0,0.000653159389619886,0.000263496523609522,0.00146354766248626,0.000160639247408401,0.00515242788254145,1.96631114379439,0.524196880770076
167,"GY","Guyana",167,"Guyana","GUY",0.0002020902999462,3.40619938161201,0.0740132805047906,0.0200008709171637,0.0165093387012258,0.00649122668655885,0.000674031183759345,0.920794926949814,0,0.0155240873311845,0.000742310410028352,0.00647062721571438,0.000477917808142293,0.0081660921046722,1.76506777246413,0.57106480376896
168,"SR","Suriname",168,"Suriname","SUR",6.7163482764715e-05,3.59687834559862,0.0447964538188605,0.00636507560390938,0.00717459870433215,0.00329009688697365,0.000152123360691528,1.01750644421342,0,0.00744306289054301,0.000490436767148753,0.00437040011423527,0.000727498380275435,0.00371525054215868,1.90407961697682,0.596700130951288
169,"GF","French Guiana",179,"France","GUF",0.000280098469527298,3.52583834812505,0.0219776114333465,0.00366981607610831,0.00284089368026222,0.00212965725435287,0.000306840492049785,1.01890640053114,0,0.00471329925649257,0.000679700967646674,0.000892502565247952,5.45318899462636e-05,0.00430377607527904,1.82018154792764,0.644901667073601
170,"US-AK","Alaska",163,"United States","USA",3.53166059753667e-05,2.50796417418231,0.129128020934309,0.0195336907831117,0.0170654923016383,0.00126466821942538,0.000261244601828416,0.632510936083078,1.1552052399765e-05,0,0.000702767573395257,0.00139647559345445,0.000115996365512517,0.00166763554250658,1.05293128594958,0.651339083110152
171,"BR","Brazil",171,"Brazil","BRA",0.000712436042204633,3.44102468526539,0.0740463972686802,0.0383992484294305,0.020459437296389,0.00814456986006845,0.00107302292154271,1.00424379160851,0.000550712040312141,0.0441374043748721,0.00971501663176147,0.00999689131850564,0.00120858474632909,0.0072901332767332,1.60330938024643,0.617737660065965
172,"AR","Argentina",172,"Argentina","ARG",7.45712229653343e-05,2.70076665575335,0.207971634972343,0.040011142458455,0.021842317108387,0.00267325601077859,0.000459115021554186,0.74989173110018,4.17076019015867e-06,1.26055252073675e-05,0.000224871902100107,0.00365030817117553,0.00106268694047139,0.00436195019795127,0.962069173972984,0.706457125553999
173,"UY","Uruguay",173,"Uruguay","URY",5.95540055429434e-05,2.69904170885105,0.157049988627089,0.0366430206005631,0.0154125921436784,0.00687158158333218,0.000848960587163757,0.667253045781818,0,0.000364743172250972,0.00134869553070918,0.0123217917054354,0.0056696934188803,0.00737304784842185,1.26114851198101,0.526676484237649
174,"FI","Finland",174,"Finland","FIN",0.00410068731825813,1.33931478276225,0.0136998302305507,0.104967722277733,0.0850951368461147,0.0613204683390183,0.0210101350183329,0.00453006052286181,0,0,0.0266669883914715,0.0604520745876466,0.00267266785648097,0.11103594003947,0.625504235495065,0.218258834006702
175,"DK","Denmark",175,"Denmark","DNK",0.00214532965931351,2.2090814538546,0.324819102920317,0.184838659828718,0.098040439490353,0.0384487867029308,0.00827181649515727,0.214828832082116,0,0,0.0282956739541914,0.0718746330075307,0.00467764974656401,0.0616775723510336,0.842968925647518,0.328194025153686
176,"DE","Germany",176,"Germany","DEU",0.00222117816033706,1.87521041997059,0.302319273402939,0.138620287065588,0.0656743114237164,0.0580389085663555,0.0132704474337241,0.187013275218769,0,0,0.0134378487599377,0.0996295833016727,0.0210268896134434,0.0760362150229038,0.664906438223074,0.233015755357727
177,"NL","Netherlands",177,"Netherlands","NLD",0.000836655364282629,2.00686691865166,0.4000639834305,0.163102028942182,0.0852888638650481,0.0517306397615953,0.0113162764860276,0.236698658682958,4.09310448331378e-05,0,0.0120336270688182,0.0546375890507882,0.0165720073324085,0.0450777702896963,0.682384301209879,0.247083589352081
178,"PL","Poland",178,"Poland","POL",0.00178003672751046,2.82039867932451,0.0325851214545675,0.195961740095892,0.167823672761492,0.0854912630803391,0.00918075007590412,0.0249475597922084,0,0,0.0584323879109418,0.0832084602366902,0.022356073406476,0.0429788522077654,1.48063038464925,0.615022339559043
179,"FR","France",179,"France","FRA",0.00430913703367865,3.26873568155435,0.120002379790173,0.0805244821007088,0.0635274979879957,0.0324337979052293,0.0059208801628671,0.997451288199045,0,0,0.0245579563121688,0.0247081363488756,0.0101455585124046,0.0233434535704115,1.36780321750196,0.514007896166915
180,"GB","United Kingdom",180,"United Kingdom","GBR",0.00117600488286901,4.0185664728947,0.306949330801959,0.169098577328146,0.0857981921327346,0.0162653225744218,0.00392226073992892,0.846927012007773,2.32098799817106e-05,0,0.0876442523302199,0.0162836171685018,0.0022203986215365,0.020783577325332,1.78962015215811,0.671854564425362
181,"IE","Ireland",181,"Ireland","IRL",0.00100994499016735,4.0536762608629,0.220601140814223,0.0798826347050884,0.0335697673560644,0.00587595033472733,0.00178064079469369,1.01599923593634,0,0,0.0293623405319965,0.00893959533190207,0.000803005619839823,0.0118278343035122,1.95163361953281,0.692390539525878
182,"ES","Spain",182,"Spain","ESP",0.000766958606537548,3.40330474626777,0.0725260349587176,0.0631044856129908,0.0600295211443568,0.0250993152319189,0.00404714087841748,1.08174241582964,0,4.34659882205553e-07,0.0175860862675071,0.0142948098379221,0.00263014440641846,0.0130043353636923,1.4469845943985,0.601488465594912
183,"PT","Portugal",183,"Portugal","PRT",0.000617593109730449,3.54674358368388,0.0733723911353515,0.0415394127608319,0.0699342102962914,0.0112066930682383,0.00180221615472385,1.12906253635942,0,0,0.0096745453596736,0.00577196021352747,0.00301689008796333,0.00600060822035226,1.54606329264313,0.648681223050972
184,"IT","Italy",184,"Italy","ITA",0.0018289789473068,3.37271196301716,0.0755945076938527,0.0470731359177866,0.0473260239426265,0.0419515535800143,0.00634634584558393,1.05715569322246,0,0,0.00935297625214006,0.0263597866376124,0.0105535238430578,0.0220576899902523,1.49543015412848,0.53168158887698
185,"MC","Monaco",185,"Monaco","MCO",0.000250277373893761,3.04285965216013,0.0868970868033989,0.0799023568656089,0.0919739357670079,0.050937718873167,0,1.19637623870814,0,0,0.024146627948079,0.00900870705766993,0.00151844505995137,0.00718608093850407,1.49466218109484,0
186,"ME","Montenegro",186,"Montenegro","MNE",0.0011061913187145,3.37100142063142,0.0718483624487666,0.0486119150731906,0.0405007623416376,0.047893165091106,0.00999394934002567,0.926054398505823,0,0,0.0054899169566596,0.0247140037155406,0.00441613331781836,0.038653776686685,1.52423618846245,0.627482656528615
187,"HR","Croatia",187,"Croatia","HRV",0.00497938737377682,2.77007402552446,0.149622771732928,0.0616258821873417,0.119447600611676,0.0359593908256466,0.0140268758894193,0.656208428100166,0,0,0.00494796180384631,0.0363126150571428,0.00428388927895484,0.0842570542161736,1.16857631819705,0.429825844530852
188,"SI","Slovenia",188,"Slovenia","SVN",0.0090267766909206,3.09940620100117,0.124804497794269,0.0680534997572229,0.159850087305999,0.429555970239857,0.154498140017192,0.518046808433315,0,0,0.00431244957715817,0.240138886045648,0.0499632776923239,0.413305179169189,0.927850615692465,0
189,"LT","Lithuania",189,"Lithuania","LTU",0.00124474260417418,2.50452010217638,0.0211012407298839,0.165822688716902,0.1261576922547,0.0686184005224497,0.00923065886295406,0.0168954386594221,0,0,0.0350927088506822,0.0867911628301583,0.0247583857729374,0.0469471720442446,1.30930879003518,0.592551037756373
190,"QA","Qatar",190,"Qatar","QAT",0.00145915711901235,1.58534835219639,0.095193289604901,0.0866841725440794,0.0516526671182626,0.0151428969433134,0.0111050193439775,0.326112381197803,0.051929811808326,0.121621861241303,0.00151106521734748,0.0281440313279597,0.00372105041842311,0.0295051381934621,0.610772305021472,0.150793517907243
191,"IR","Iran",191,"Iran","IRN",0.00196022108925181,3.07048322812023,0.115047065851917,0.0832564254251992,0.0414828850735259,0.0194269813520717,0.00616729889014247,0.811962377865201,0.00995800665783235,0.195841459192309,0.00641813907576123,0.00869858735587097,0.00121227192228495,0.0244770953415738,1.35901865146424,0.385555777707874
192,"IQ","Iraq",192,"Iraq","IRQ",0.00532266300369288,2.91120334084217,0.246381499679849,0.144382384762253,0.0488649986079361,0.566567890145562,0.0275863897970127,0.389111593408123,0.0049721884124639,0.000209121986720485,0.000376765086482069,0.493860131489295,0.242006964291926,0.106464385275233,0.606883278599492,0.0282131076877953
193,"GW","Guinea Bissau",193,"Guinea Bissau","GNB",0.000518400390633248,3.16073888512473,0.0329485212863315,0.0367644010255535,0.0339531581654274,0.00423985220495246,6.70073558764366e-05,0.907335883763322,0,0.00731672214719315,0.00557058474723956,0.000372536734983419,4.42165213173233e-05,0.0222483752875657,1.5714328681514,0.537926344347637
194,"GN","Guinea",194,"Guinea","GIN",0.000330637238044219,3.15637552825079,0.0729605762568804,0.122082220858581,0.0422196081251239,0.00530350774246295,0.000267729764155826,0.848669235722357,0,0.0121421731520283,0.00425714933298599,0.00128111118006436,0.00020112807266943,0.00987398531604098,1.51960918353002,0.517177282857999
195,"CI","Ivory Coast",195,"Ivory Coast","CIV",0.0001504996778646,3.70921603198698,0.0471438457676796,0.0211236286310507,0.0334192209003862,0.0130248583843656,0.000362531390703326,1.1103642138381,0.000524193200882593,0.0331353015182094,0.00574991108027294,0.00605702108816233,0.00125138987787649,0.0041591241853534,1.8047965711888,0.627953708723775
196,"NG","Nigeria",196,"Nigeria","NGA",0.00585883551557949,4.04003172363209,0.201732070236638,0.224626383512514,0.0815543656039,0.0185953942741109,0.00171742363172205,1.06069355869332,0.0966764265917586,0.438295282251666,0.0135948815487932,0.00729488371716775,0.00198612764267329,0.00994845370312471,1.50915997976889,0.368297649920752
197,"CM","Cameroon",197,"Cameroon","CMR",0.00312871997769663,2.57807323557483,0.14793039590654,0.408963030332768,0.0941190579168275,0.103910548091499,0.00381244252304302,0.487907062812268,0.0879308673260181,0.019993334546755,0.00170219558753918,0.0261510128620782,0.0099242311149858,0.0656784992777913,0.883772961904891,0.233148897168683
198,"GA","Gabon",198,"Gabon","GAB",0.00355467720456105,3.00582801579209,0.0286645103983448,0.0346443945949975,0.0166945365940773,0.00603876963621988,0.00075262193927719,1.00067897189296,0.0102527704364789,0.037688667096628,0.00259817988389937,0.000973587416903902,0.000164030964800187,0.0064853616272222,1.36404113896651,0.492595800102175
199,"CD","Democratic Republic of the Congo",199,"Democratic Republic of the Congo","COD",0.00485093256502141,2.97409402912843,0.209188560490554,0.153812394010777,0.0422858869416675,0.536648075926973,0.0216731682989248,0.425272631543963,0.202512384125382,0.0515015360855336,0.000615948981718178,0.205821591750827,0.0554490540108551,0.108037623124011,0.592432831961764,0.363991403307631
200,"AO","Angola",200,"Angola","AGO",0.000382369595507533,3.49366893505002,0.0955323431081249,0.0624275483240779,0.0220940297638415,0.00978390763717426,0.000560730559118683,1.04608873801054,0.00497780813824334,0.00143966386731672,0.00135658432458102,0.00130949951428177,0.000196886135856674,0.00476809287188513,1.65711551126216,0.585635223200071
201,"XD-NE-ST","Nigeria - Sao Tome and Principe",0,"Joint Regime","-",0,3.8996061368556,0.0116905876604165,0.0129982788914888,0.0166166354683046,0,0,1.043442960334,0,0.60540750605385,0.00275857709610924,0,0,0,1.67508906743954,0.531602512408317
202,"TZ","Tanzania",202,"Tanzania","TZA",0.00204682700955115,3.41477898791325,0.0385106368474835,0.0721248182419437,0.0183156785329148,0.0150716484299642,0.000573550233075873,1.02815212567904,0,0.0133312013178502,0.00243880914682656,0.00473870884005743,0.000439637346657855,0.0156487058099517,1.68226211153106,0.521124532946781
203,"IN","India",203,"India","IND",0.000794112596216466,3.65917148906354,0.196985005729385,0.130317632389902,0.0749845574988542,0.022429477184836,0.00139697992402366,0.970640183439682,0.000436002252786294,0.0193273467941564,0.0158032396001716,0.0256394029943128,0.00125366850428936,0.00950125081339946,1.58650811296227,0.603154517658503
204,"BD","Bangladesh",204,"Bangladesh","BGD",0.00223924164013708,3.26669520874197,0.214921093960386,0.286617276835217,0.0536389838587553,0.0476767636511143,0.00064296446514773,0.696824384542003,0,0.00141802052513721,0.000604685189089959,0.0599678633948657,0.0108577261503384,0.0423939192830192,1.34018654533962,0.508705730479393
205,"MM","Myanmar",205,"Myanmar","MMR",0.00284342451159032,3.60323055851658,0.332501304823986,0.222872415561555,0.102139319759306,0.0120609135207343,0.000173823258101616,0.858312505645016,2.39267567793902e-05,0.00220289587049609,0.00444209564307393,0.00552170578110631,0.00131779442817786,0.0182312782744079,1.48491562729661,0.555671532908914
206,"MY","Malaysia",206,"Malaysia","MYS",0.00219108368756382,3.50986357523476,0.449322281742362,0.329699859074518,0.181316955561953,0.0239990409361188,0.00328397735987639,0.738407825616904,0.00489765089215242,0.0121391063671177,0.0200399483442324,0.0476835920329522,0.00987179948083005,0.0228039456067946,1.17586999132838,0.48833651204384
207,"VN","Vietnam",207,"Vietnam","VNM",0.000858643165551088,3.32380491402687,0.411870040306012,0.357917754206369,0.133393768643377,0.0161112117956897,0.00179480743588276,0.751336654570312,0.00100070811381575,0.00635717347585758,0.0144583074083637,0.0244392715587947,0.00400210738866029,0.0156325624494584,1.15622074530702,0.428411153194585
208,"SG","Singapore",208,"Singapore","SGP",0.0295854182748873,3.77162649708646,0.491467240411438,0.386226797025817,0.248742055922793,0.546586210789225,0.199853860542109,0.340717109858714,0,0.000464872792341642,0.00437100005489652,0.365028404273403,0.0987214041059085,0.527302254444829,0.532559906756749,0
209,"CN","China",209,"China","CHN",0.00202078086657522,3.70744600343955,0.600809142114385,0.665624724913071,0.191003236287794,0.0429233459966227,0.00826064823268841,0.535194858095689,0.000366484326094317,0.0102841570785521,0.00314365722841776,0.0651116629849808,0.0105102846754432,0.0425071043350041,1.09086889038368,0.438817021895196
210,"JP","Japan",210,"Japan","JPN",0.000781733528783711,3.72704271729703,0.103952157595322,0.0840307579238296,0.0695617037072916,0.00569305765395479,0.00185448307411214,1.10810560803942,0,0.00810790764046893,0.0234897733165361,0.00410147391080393,0.00141353960331622,0.00806995925357025,1.63797745950835,0.669903101156682
211,"XD-JP-KP","Japan - Korea",0,"Joint Regime","-",0,4.29361883650921,0.415768703745035,0.230877265641863,0.109875810410337,0,0,0.99512941786455,0,0,0.0120777733010022,0,0,0,1.78749011482659,0.742399748581694
212,"KI-G","Kiribati",212,"Kiribati","KIR",0.000656503272125098,3.17427586759764,0.0113687061016451,0.00724586343597222,0.0143135760849144,0,2.24806500556674e-05,1.09319302175887,0,2.63242470400819e-05,0.0161932647579092,0,0,0.00144282159313699,1.3411244789843,0.688688830405305
213,"AQ","Antarctica",213,"Antarctica","ATA",0,1.52352631933001,0.00246756711445078,9.30679218930116e-06,0.0114020990847953,0,0,0.564361238666808,0,0,0.00270885970028506,0,0,0,0.514547273032474,0.42802997161486
214,"EG","Egypt",214,"Egypt","EGY",0.00077952183855272,3.66326255176159,0.0735105994589265,0.085014237198831,0.0201172012386345,0.0136668677653685,0.00527951090625632,1.07603688356849,0.000784073638080334,0.0165228577548531,0.00124714900435956,0.0164300250983888,0.00378890200416062,0.0162941998857801,1.82418595603507,0.509604570707172
215,"JO","Jordan",215,"Jordan","JOR",0.0696144095715135,4.50862085103989,0.588847083598375,0.462323612757027,0.247792145907879,0.323053195029497,0.20392672419548,1.02325513601303,0,0.0105426600808278,0.00406910181511193,0.106093594115227,0.0108847799291834,0.403907532691956,1.05431088805199,0
216,"ID","Indonesia",216,"Indonesia","IDN",0.00362185374689746,3.30977677202794,0.215199138495075,0.156178167246388,0.115214054771875,0.0118675269510742,0.000484218154827281,0.939547557958996,0.000181247424069915,0.00296602533133074,0.0348199747526144,0.0112791830378598,0.00121566663528925,0.0169376742019845,1.26582233456275,0.534442143199846
217,"XD-CN-JP","Conflict Zone",0,"Disputed","-",4.86632992572831e-08,5.09707785656918,0.770993101973426,0.49313980223818,0.195491909011655,0,0,1.01033853423263,0,0.0830382055479488,0.0216030666317499,0,0,0.00028319713877572,1.73015994566759,0.792030031348917
218,"CA","Canada",218,"Canada","CAN",0.000749391555878761,2.06755531267447,0.0610144326984856,0.0285262407186493,0.0131205570602825,0.00195232438842491,0.000798772545884708,0.564079834466172,1.86986335838848e-05,0,0.00732916793863454,0.00135305918853222,0.000227234369670338,0.00466178990216826,0.930179505205871,0.453544306571809
219,"PM","Saint Pierre and Miquelon",179,"France","SPM",0.000392298677789974,3.14258699781729,0.221209413230138,0.154513500369206,0.0269498664324687,0.00122328758563032,0.0014631772093025,0.628081974601747,0,0,0.0118040228895234,4.90244318669805e-06,7.60205694917204e-08,0.012864269447932,1.66016308718624,0.423917119524648
220,"SX","Sint-Maarten",177,"Netherlands","SXM",0.0267552383940096,3.34466295442722,0.103190547290164,0.0860212346837444,0.0277522713698784,0.0586142409680315,0.0398371694706874,1.0342409971076,0,0,0.0123283730208134,0,0,0.0673514604568481,1.54241431340939,0.346157104919181
221,"MF","Northern Saint-Martin",179,"France","MAF",0.00999878879890592,3.66298287758797,0.145139129144683,0.124283009380892,0.0410153452413578,0.00838562310108126,0.00901825596425344,1.02385985005815,0,0.000465967127950122,0.0134687817115273,0,0,0.0321321604194108,1.81031438910347,0.444901583122443
222,"SE","Sweden",222,"Sweden","SWE",0.00463075084809922,2.12721109188794,0.0293438709140716,0.12858952720936,0.102013083955628,0.0510612479895936,0.0148354138992796,0.0331592640761573,0,0,0.05370233616794,0.030881437573377,0.00166201175708575,0.0685538007920575,1.16064339382838,0.44813494854368
223,"NO","Norway",223,"Norway","NOR",0.000837163689519793,3.48798472675725,0.192359750626731,0.183438266125836,0.0607071934715849,0.00379453229074715,0.00314856781247676,0.942706358469531,0.000187270755683266,0,0.0774111381732213,0.00163324037298782,5.44201939921431e-05,0.0134918279333806,1.5196787492147,0.488536248126322
224,"CL","Chile",224,"Chile","CHL",0.000581659580957185,3.05913975112178,0.0307840144684147,0.030436079172839,0.0747128458850917,0.0026704216528629,0.000173151482351484,0.961675983871085,1.37016378149069e-06,4.0096064551449e-05,0.000758270585429941,0.00212947586368202,0.000657107734073463,0.00445531682398046,1.18212902348406,0.767934944514558
225,"CL-XEA","Easter Island",224,"Chile","CHL",5.75352324019999e-06,3.40021005158814,0.0267988028655379,0.0153634091976268,0.0168375371741467,0,4.67960313058875e-06,1.07025825711959,0,0,0.0197764968282466,9.83244812403253e-05,1.24754657337253e-05,6.55283588892661e-05,1.53761422832179,0.713374563257097
226,"XD-JP-KR","Japan - South Korea Conflict Zone",0,"Disputed","-",0,3.24069007045624,0.137198192748006,0.0610347850459585,0.0412090877549892,0,4.2016941110635e-05,0.929076274749969,0,0,0.00379434113387668,0,0,0,1.45942652211635,0.60890885325991
227,"JE","Jersey",180,"United Kingdom","JEY",0.00289505671260627,1.67163781650875,0.189809687338752,0.137653196244842,0.0621993039073048,0.0216950604150142,0.00879940924280924,0.212368138257775,0,0,0.00186987954000453,0.00794320098486972,0.00091125186372396,0.0353617019308445,0.99013193555828,0
228,"GG","Guernsey",180,"United Kingdom","GGY",0.00215328053722246,3.51932848898278,0.276018693007563,0.232349401874596,0.108974251505728,0.00518416192962895,0.00274583233780791,0.717389261774269,0,0,0.0301668152225144,0.000230014031561982,2.02215529345409e-05,0.0193265805218954,1.62753300302953,0.497236976991841
231,"TL","East Timor",231,"East Timor","TLS",0.00195771394879675,3.38065018865133,0.0912468772430687,0.0712667140106188,0.0496120355823105,0.0215834136812541,0.00057659988044366,1.10594904032406,0,0.000980312771786604,0.00357790238318308,0.00110735198296717,6.03725453631816e-05,0.0230240422115106,1.4632611377804,0.546446678396756
232,"BA","Bosnia and Herzegovina",232,"Bosnia and Herzegovina","BIH",0,3.18089330196381,0.0229959353804588,0.0241309499368072,0.0576383929699659,0.465213763713837,0.429342599958181,0.293595752120018,0,0,0,0.334976637363434,0.0720411382615566,1.28814718723297,0.0797500669956207,0.113060972094536
237,"TL-OE","Oecussi Ambeno",231,"East Timor","TLS",0.00078850483653317,3.73857216112738,0.2674663687765,0.243554270902144,0.151749164155049,0.034332657744689,0.000509385357678075,1.1274515330514,0,0.00282588988060097,0.00771698347257437,0.0143837262154222,0.000701905904986521,0.031489328364932,1.73693522135817,0.118667212773701
238,"XD-AU-TL","Australia - East Timor",0,"Joint Development","-",0,3.22520741952403,0.1685486101947,0.077086336289019,0.0438206956668787,0,0,0.952458177356011,0.00093450956937799,0.00437455259685359,0.00334090194460194,0,0,0,1.33281649839492,0.641827136461595
239,"XD-AU-PG","Australia - Papua New Guinea",0,"Australia - Papua New Guinea","-",0.000836068421627375,0.258600980854527,0.0349079872556128,0.0235998529478392,0.0177809396772622,0.00589402329639805,0.000138019445140401,0.0570009223477473,0,1.88047528131979e-05,0.000581644659311585,0.00172673293551084,6.29504466303266e-05,0.0263604343456371,0.0520697967553326,0.0376228028928296
240,"XD-CL-PE","Chile/Peru",0,"Disputed","-",2.63384464524647e-05,3.08375067457973,0.013749535267108,0.0307478732085449,0.102299979904354,0.000787388663877753,0,1.04517790254013,0,0.000762708343606431,0.00251434737067808,0.000122009835920486,1.38781392593668e-05,3.12220340659714e-05,1.1204781735365,0.767039330102351
244,"CW","Curaao",177,"Netherlands","CW",0.00142859258686943,3.7840508037553,0.0338183459821115,0.00842959546350078,0.0230929560257144,0.0034009028590702,0.00169335036398542,1.18879523675147,0,0,0.00213210048122864,0,0,0.00681600602291172,1.96663925742515,0.547804469043636
245,"BQ-BO","Bonaire",177,"Netherlands","BQ",0.00114415880810457,3.86602527961685,0.0860307633673761,0.0118208994832923,0.0361566395221364,0.00195041438784925,0.00110491056223871,1.18551638350307,0,0,0.00181651840383392,0,0,0.0116266896414862,1.97961669100194,0.549241203154142
247,"BN","Brunei",237,"Brunei","BRN",0.00755325313571436,2.96296152393731,0.10544149573908,0.0651129838724062,0.0432654950672623,0.0228594448303019,0.00518176441477681,1.04245166763464,0.00711742569754606,0.00528154225335436,0.012087328361664,0.00487531954594345,0.00074251228731534,0.018392132661372,1.13402938736562,0.488569765177054
248,"BQ-SA","Saba",177,"Netherlands","BES",3.88146987522589e-06,3.2957639460649,0.0328547466999721,0.0252598757589916,0.0141378424151634,0.000166875469484761,0.000551887906397791,1.03159586372547,0,0.00967517786763639,0.0031846889216537,0,0,0.00131430522727219,1.79528957404756,0.381729228618014
249,"BQ-SE","Sint-Eustasius",177,"Netherlands","ANT",0.00034853762475466,3.59290539498546,0.0292417462494327,0.0261824001874855,0.0147509552115001,0.00189809257990794,0.00357774123769866,1.15040954407617,0,0.000805229352033227,0.00744667916285127,4.27700766714707e-05,3.14523160686995e-05,0.0142897846381117,1.95791371919601,0.385966718092381
250,"AW","Aruba",177,"Netherlands","AW",0.00250898240114602,3.75457534424916,0.034099015494113,0.0115107614186371,0.0307731339331809,0.00316234078116829,0.00184203688233503,1.1734762101478,0,0,0.00240554447465935,3.5857358346179e-06,1.54585485140982e-07,0.00731253583078202,1.91944472429079,0.568036325376054
251,"XD-AU-ID","Australia/Indonesia",0,"Australia/Indonesia","-",0,3.53003281820667,0.376740587342857,0.148808559308822,0.0978829758567264,0,0,0.981822302373926,0.000622325924067717,0.00672231496258799,0.0344447320998373,0,0,0,1.24799635481194,0.634992663102873
252,"XD-EG-SD","Egypt",0,"Egypt","",0.000841153741434301,3.7122851246423,0.230252761004793,0.176433875852344,0.0560863432550226,0.01166354396161,0.000422819105108653,1.17090641297892,0,0.0029865609578578,6.111868909691e-05,0.00126777438513188,3.58414785032341e-05,0.0156967002147923,1.7285688598865,0.317061360220353
