"ECO_CODE","ECOREGION","PROV_CODE","PROVINCE","RLM_CODE","REALM","ALT_CODE","ECO_CODE_X","Lat_Zone","artisanal_fishing","cumulative_impacts.gri","demersal_destructive_fishing","demersal_nondest_high_bycatch","demersal_nondest_low_bycatch","inorganic","night_lights","ocean_acidification","oil_rigs","pelagic_high_bycatch","pelagic_low_bycatch","plumes_fert","plumes_pest","population","sst","uv"
20001,"North Greenland",1,"Arctic",1,"Arctic",8,1,"Polar",2.97773145575615e-05,1.12302224560259,0.0460714882514902,0.00333261160281914,0.000754935323392081,0,0,0.720885185684406,0,0,0,1.78210011229443e-05,1.12860620717196e-06,0.000119153680036583,0.200764867877796,0.151045277059529
20002,"North and East Iceland",1,"Arctic",1,"Arctic",10,2,"Polar",7.77289414963088e-05,3.5693964316055,0.157479733323013,0.0913708481511933,0.0979830154054524,0.000141561343525017,8.26494180081966e-05,1.00504781388654,0,0,0.0226748452348813,0.000357116539543016,3.57617186836482e-07,0.00123675374383761,1.72326708160977,0.469676923766076
20003,"East Greenland Shelf",1,"Arctic",1,"Arctic",7,3,"Polar",0.000195332112881155,2.74089949097614,0.0697197132470405,0.0337184113408603,0.0574317962976906,0,2.51048893564817e-05,0.833940970935732,0,0,0.00202873645067955,0,0,0.000800723688826515,1.29340802832825,0.449630668346625
20004,"West Greenland Shelf",1,"Arctic",1,"Arctic",9,4,"Polar",0.00159699961334621,3.19135548841171,0.187196121761891,0.033147100651035,0.00397555793448596,0,0.000165386406817092,0.734609519627965,0,0,2.63560577710635e-05,0,0,0.00511402454541566,1.64445739703266,0.581067018576403
20005,"Northern Grand Banks - Southern Labrador",1,"Arctic",1,"Arctic",5,5,"Polar",0.00207318660275732,3.46512560988203,0.24675927740303,0.115383548857945,0.0297099448624518,0.00318899059138762,0.00194201157946647,0.712032005767688,0,0,0.0171964042147491,0.00112451795621374,6.34221856439393e-05,0.0132045099124122,1.76092381533724,0.561523955820675
20006,"Northern Labrador",1,"Arctic",1,"Arctic",6,6,"Polar",2.85738844606236e-05,2.8054643985865,0.17446535427155,0.0127833859334593,0.0136542048409516,2.52773293959162e-06,0.000165274574746613,0.711323396127872,0,0,0.0101369341982343,0.000343600103630034,1.32852936661794e-05,0.000852104109752183,1.36105666763161,0.520639089754843
20008,"Hudson Complex",1,"Arctic",1,"Arctic",3,8,"Polar",7.66175488610003e-05,1.99552383884727,0.000543517690095829,4.17277953889494e-05,1.11557080028778e-05,0.00131162575479777,0.00017115184722552,0.322611318196228,0,0,6.60110834696707e-07,0.00251876785930899,0.000585881472318388,0.00147249081493762,1.07975522715322,0.586423706796068
20011,"Beaufort-Amundsen-Viscount Melville-Queen Maud",1,"Arctic",1,"Arctic",19,11,"Polar",5.08506550252343e-05,0.793563780102827,9.63419953826598e-05,1.69359914578247e-05,0,3.72041021592436e-06,7.78208899900059e-05,0.370582136343482,0,0,0,0.000256585648691178,1.00466852372203e-05,0.000482076794728675,0.271180721460022,0.150806544024028
20012,"Beaufort Sea - continental coast and shelf",1,"Arctic",1,"Arctic",18,12,"Polar",4.3470539202821e-06,1.08075285396891,3.51503328326007e-05,5.86567402691456e-06,0,2.42234814610921e-05,0.000471242186007724,0.63286867652529,3.17949420906999e-05,0,0,0.00200342478333157,0.000128614285847894,0.000372126447954979,0.311172919452522,0.133634470904083
20013,"Chukchi Sea",1,"Arctic",1,"Arctic",16,13,"Polar",2.56896707578495e-05,1.79556079495336,4.83930216983347e-05,1.02994735699183e-05,1.03711209625983e-07,0.00019460134034822,0.000204589773209889,0.439603668383275,0,0,0,0.000845335019185016,5.47453593165221e-05,0.00135695889231852,0.923671364064789,0.429545034737169
20015,"East Siberian Sea",1,"Arctic",1,"Arctic",15,15,"Polar",1.29399813965507e-05,0.961159542734909,6.1854789895718e-07,1.3556179568025e-07,0,0.00046666778226148,1.9529543747461e-05,0.305512570813548,0,0,0,3.05267486058202e-05,7.15030550389975e-07,0.000600709673410322,0.319963043694113,0.334552084298466
20016,"Laptev Sea",1,"Arctic",1,"Arctic",14,16,"Polar",1.39355211537126e-05,0.64902944537838,0,0,0,0.00127552514199752,2.54387195926073e-05,0.229085948544935,0,0,0,0.000637707624942147,8.002339564668e-05,0.00153195556696933,0.220753333763192,0.195625579524182
20017,"Kara Sea",1,"Arctic",1,"Arctic",13,17,"Polar",4.80049113716639e-05,1.2566391864101,3.50229735580768e-05,5.92330958045162e-08,1.08853417563307e-05,0.00134399964852661,0.000127443342716728,0.485594644385664,7.23748436198481e-07,0,0,0.000497998753350428,0.000139845771380556,0.00407597518447608,0.482400057904128,0.282364527513822
20018,"North and East Barents Sea",1,"Arctic",1,"Arctic",11,18,"Polar",9.32197355720938e-06,2.70317345876297,0.157595555637673,0.155503678873053,0.0414112447093837,0.000274197105788337,3.18198047562073e-05,0.839354584540812,0,0,0.0148486377158904,5.63516227871364e-05,2.88133558221067e-06,0.000680530077784971,1.0519259641003,0.441478692312494
20019,"White Sea",1,"Arctic",1,"Arctic",12,19,"Polar",0.00193387656745695,2.23607877985573,0.0568730735654765,0.118394025295108,0.0719071506532137,0.0226528466048568,0.0025543711697135,0.402009913560391,0,0,0.00134639747885272,0.00337646974408487,0.000188006125844963,0.0360617988801814,1.10286372590263,0.415917134546502
20020,"South and West Iceland",2,"Northern European Seas",2,"Temperate Northern Atlantic",27,20,"Temperate",0.000823105009875159,4.19763809207617,0.281093609470143,0.163190550291267,0.13249642342756,0.00173875254187178,0.000813113267123679,0.954777405878763,0,0,0.0338167122441753,0.00178129577439849,2.09196686270383e-06,0.00599099256880058,2.10114587869114,0.519968160697629
20021,"Faroe Plateau",2,"Northern European Seas",2,"Temperate Northern Atlantic",31,21,"Temperate",0.000259742710173397,4.14359760531322,0.263026678726836,0.0925114203420885,0.0457692693706555,0.000566812109903394,0.000428310742408824,1.08204976282567,0,0,0.0662448813907436,0,0,0.00404417145865005,2.00074152384901,0.587955025928044
20022,"Southern Norway",2,"Northern European Seas",2,"Temperate Northern Atlantic",33,22,"Temperate",0.0034599442763404,4.17088771116356,0.306215741168891,0.312633210842047,0.13183173139289,0.0128511660614555,0.0113953282534337,0.876769050067553,0.000636419947502151,0,0.168690621147148,0.00597574240013755,0.000109044918125396,0.054207748177915,1.82959192619644,0.4565200321859
20023,"Northern Norway and Finnmark",2,"Northern European Seas",2,"Temperate Northern Atlantic",28,23,"Temperate",0.00134490746228197,4.06526776256025,0.231226372934868,0.242663923150292,0.102358038077342,0.00810796935380556,0.00704922722612843,0.974596874454085,0,0,0.130044690564257,0.000595723370041453,7.13960106527231e-06,0.0295364557946399,1.82051830140171,0.517218137530525
20024,"Baltic Sea",2,"Northern European Seas",2,"Temperate Northern Atlantic",29,24,"Temperate",0.00343901981845912,1.96226068343864,0.0150848227265157,0.130491638242445,0.112487021079051,0.0556699409201479,0.0128232183160366,0.012386425038918,0,0,0.0474692801059168,0.0482578497862273,0.00554046720257272,0.0703857442514237,1.03518246497076,0.41304278483479
20025,"North Sea",2,"Northern European Seas",2,"Temperate Northern Atlantic",32,25,"Temperate",0.00235203878450229,3.46951623681605,0.357174840123051,0.204920359778079,0.105055765087213,0.0321265595637924,0.00733567355275208,0.598734480985108,0.000262735482020533,0,0.0972486500524366,0.038074918950535,0.00684950040437713,0.0330801848765245,1.41324814370168,0.573052389590995
20026,"Celtic Seas",2,"Northern European Seas",2,"Temperate Northern Atlantic",30,26,"Temperate",0.00173030288558858,3.99274359114416,0.248855146608212,0.114189342416431,0.0541939440582563,0.0116501179330782,0.00336324960289611,0.938568620672173,0,0,0.0429619093626188,0.0118542310503826,0.00154302277651202,0.0207595507972712,1.87238104732744,0.67069309647906
20027,"South European Atlantic Shelf",3,"Lusitanian",2,"Temperate Northern Atlantic",40,27,"Temperate",0.00097342487253949,3.4669721531982,0.0969221385120167,0.0600866865672523,0.0628082154585314,0.0164914103922324,0.00325688153408848,1.070930285203,0,0,0.0187065030790347,0.0122923008233533,0.00470590287506161,0.0114634851917175,1.46342164576899,0.644913266983249
20028,"Saharan Upwelling",3,"Lusitanian",2,"Temperate Northern Atlantic",38,28,"Temperate",0.000346646829789789,3.91811560192745,0.0956319146351163,0.139873426308452,0.185423574650659,0.0089743556976915,0.000762599161249076,1.03587675167361,0,0.000699951149780366,0.00780241741072043,0.00625477136396074,0.00139446398954363,0.00663722421830604,1.75832988737501,0.670107607796566
20029,"Azores Canaries Madeira",3,"Lusitanian",2,"Temperate Northern Atlantic",36,29,"Temperate",4.94569164917201e-05,3.73726299709304,0.00961629774384969,0.00736502873575107,0.0106099023683346,0.00102073009222736,0.000488837660447942,1.15890572179999,0,0.00012448733348384,0.00354054604688583,0.000677936860697214,0.000101274378185205,0.00170501446070388,1.76928658672658,0.773771166575338
20030,"Adriatic Sea",4,"Mediterranean Sea",2,"Temperate Northern Atlantic",0,30,"Temperate",0.00407639322255704,3.04652105626908,0.163007330700537,0.0725696126028137,0.10960136980058,0.0789474353795005,0.014041909231596,0.71674095055144,0,0,0.00528380710336879,0.0654663530306103,0.0196167913654051,0.0653367480870087,1.25363926967524,0.478193083852646
20037,"Gulf of St. Lawrence - Eastern Scotian Shelf",5,"Cold Temperate Northwest Atlantic",2,"Temperate Northern Atlantic",23,37,"Temperate",0.00372283218391704,3.12989960338111,0.132869158110542,0.117335353272842,0.0503770249658132,0.01104175994536,0.0055062847992636,0.603522674967568,0,0,0.0315285501309243,0.00607619984009769,0.000854865944851706,0.0234240647828591,1.59036327940191,0.553277557599945
20038,"Southern Grand Banks - South Newfoundland",5,"Cold Temperate Northwest Atlantic",2,"Temperate Northern Atlantic",25,38,"Temperate",0.000786027290597327,3.34266859385947,0.206519607730771,0.100051814538554,0.0336705625418985,0.00109951405175601,0.000450529369735777,0.739131166467431,0.000314950424470222,0,0.0132220343968881,0.0007597372100153,4.33591261173381e-05,0.0038715357871538,1.49553572665947,0.747212038848692
20039,"Scotian Shelf",5,"Cold Temperate Northwest Atlantic",2,"Temperate Northern Atlantic",24,39,"Temperate",0.00092327847544682,3.23449252275752,0.111674423509256,0.0696959286005448,0.0465650406879583,0.00291748706597589,0.00115749550575879,0.842771390010692,0,0,0.0393876882850716,0.000424264297850728,1.90948533157135e-05,0.00694924267583972,1.35240250468446,0.759604689323589
20041,"Virginian",5,"Cold Temperate Northwest Atlantic",2,"Temperate Northern Atlantic",26,41,"Temperate",0.00157513286435189,2.63376825950273,0.174426024566503,0.0556334718789084,0.0479380234089917,0.0220002496947223,0.00969719332261446,0.753062195585678,0,0,0.0064438188736487,0.017854525047273,0.0039901755380912,0.0409565654813703,0.928178329206241,0.57201255597026
20043,"Northern Gulf of Mexico",6,"Warm Temperate Northwest Atlantic",2,"Temperate Northern Atlantic",20,43,"Temperate",0.000294125929799517,2.87258445557486,0.0646068752189686,0.0255681724457043,0.0611331651843518,0.0190807977995668,0.00321334034912394,0.826560000250325,0.00040609729109837,0.00542978537047156,0.000424766376064926,0.02479509008452,0.00540861628543157,0.0132667256037494,1.35695037293842,0.465446524755944
20044,"Black Sea",7,"Black Sea",2,"Temperate Northern Atlantic",41,44,"Temperate",0.00192044832393821,3.52892935427697,0.0127598248109695,0.0115575460246814,0.0578791007966882,0.0374584960131001,0.00332600667771311,0.971171754180614,6.09887418594324e-05,0.00010972334930314,0.00297418668768295,0.0327561152498446,0.00962462546982185,0.0211001116353607,1.83326563893186,0.532964789824256
20045,"Sea of Okhotsk",8,"Cold Temperate Northwest Pacific",3,"Temperate Northern Pacific",48,45,"Temperate",0.000333084698657069,2.89191641439763,0.51727525054864,0.096905051099932,0.112326376020181,0.00162074253526514,0.000529510260176535,0.581036007812457,3.73586641794576e-05,0,0.000268543918090546,0.00140559714549465,0.000284029215890794,0.00542631204870888,1.01614630265239,0.558322241524067
20047,"Oyashio Current",8,"Cold Temperate Northwest Pacific",3,"Temperate Northern Pacific",46,47,"Temperate",0.000128214893179103,2.72867564245429,0.11200467077601,0.0339200286664046,0.0534024288815861,0.000913292453867138,0.00022831874422336,0.775119706704893,0,0,0.00464775690937306,0.00142283314386436,0.000538463906512995,0.00267678028286892,1.01327693368295,0.73039621520195
20048,"Northeastern Honshu",8,"Cold Temperate Northwest Pacific",3,"Temperate Northern Pacific",45,48,"Temperate",0.00110622160324292,3.17601572745836,0.0989468454950844,0.0574929934038552,0.074196264956568,0.014224217138407,0.00333503949366697,1.03805866057345,0,0,0.0110650729632429,0.00953380854842508,0.00417968055863434,0.0128871487526152,1.28397457092548,0.567015200812558
20049,"Sea of Japan/East Sea",8,"Cold Temperate Northwest Pacific",3,"Temperate Northern Pacific",47,49,"Temperate",0.00124759786873479,3.37967720620702,0.192260674041928,0.0801375082673143,0.0869382477424532,0.0123188893941696,0.00273564064064379,0.849011698909857,0,0,0.00441271233212027,0.00832221939440798,0.00285553825973594,0.0145649447629459,1.57220567085552,0.552665874552011
20050,"Yellow Sea",8,"Cold Temperate Northwest Pacific",3,"Temperate Northern Pacific",49,50,"Temperate",0.000998217080879732,3.25141813245586,0.456979594111849,0.590086622610028,0.212584844365177,0.0497490967282955,0.00841452208331986,0.381742503394311,0.00027402174273606,0,0.00341255686532005,0.0695857588854314,0.0146095706784436,0.04229283687409,0.976975912268773,0.443712062728466
20051,"Central Kuroshio Current",9,"Warm Temperate Northwest Pacific",3,"Temperate Northern Pacific",42,51,"Temperate",0.00215291849849945,3.70112629947344,0.123411067163633,0.0802228767190084,0.0918940248079319,0.0168282887067373,0.00575092277031193,1.06732083355958,0,1.96194893004749e-05,0.0134040724538081,0.0106688559081907,0.00353258873257588,0.02524075690335,1.68828697124643,0.572392502807218
20052,"East China Sea",9,"Warm Temperate Northwest Pacific",3,"Temperate Northern Pacific",43,52,"Temperate",0.00104138824925929,4.14752989553074,0.567321579599981,0.485810770981551,0.164881795738756,0.0190061234781976,0.00703203457999841,0.761391713215634,4.68601806727532e-05,0.0169267022818262,0.0104169700675485,0.0213578966731026,0.00309561395002156,0.0309536873407938,1.45849324894582,0.599753511182325
20053,"Aleutian Islands",10,"Cold Temperate Northeast Pacific",3,"Temperate Northern Pacific",50,53,"Temperate",8.68342910011273e-06,3.0132737918398,0.0252945364040867,0.00390335547199471,0.0102545075166499,0.000299467674427964,4.3892470447258e-05,0.696831708835784,0,0,0.000251230517150912,0.000361462071706974,1.85908799407641e-05,0.00037685725623809,1.5158223485807,0.759807140514068
20054,"Gulf of Alaska",10,"Cold Temperate Northeast Pacific",3,"Temperate Northern Pacific",51,54,"Temperate",8.43678186356067e-05,2.67972973936552,0.0786828892611293,0.0106882185821308,0.0201542626343053,0.00327019078079463,0.000502955095935329,0.740940234349005,3.99511714679388e-05,0,0.000431436942600118,0.00183309101801167,0.000125301080337443,0.00278456586650349,1.07348481390957,0.746707440119218
20060,"Cortezian",11,"Warm Temperate Northeast Pacific",3,"Temperate Northern Pacific",56,60,"Temperate",0.00129580977630307,2.98523876962124,0.0821859873620216,0.0126192714655119,0.125849265726515,0.0202537841580382,0.00168099979601026,0.890776221009248,0,0.00326658998201348,0.00452623878740922,0.0180058648318475,0.00839080813620884,0.0197700354423942,1.38279498301085,0.413822904475069
20061,"Magdalena Transition",11,"Warm Temperate Northeast Pacific",3,"Temperate Northern Pacific",57,61,"Temperate",0.000178325010848306,2.67607818899607,0.0302553184914572,0.0106763320225689,0.102832638799764,0.00357645024099172,0.000146622527607493,0.944839866814216,0,0.00916337200892914,0.00420438641112596,0.00202726087443787,0.00066355510341015,0.00478801983533552,0.949430797100965,0.613295246435986
20062,"Bermuda",12,"Tropical Northwestern Atlantic",4,"Tropical Atlantic",67,62,"Tropical",0.000203782843022825,3.14135254911157,0.000240144486419679,0.000269574168490536,0.000826241953436445,0.000106824002367482,0.000243178372552755,1.20456242661795,0,6.92287270573927e-05,0.000385782512610158,0,0,0.00048843440724274,1.11187165989458,0.822085267720047
20063,"Bahamian",12,"Tropical Northwestern Atlantic",4,"Tropical Atlantic",66,63,"Tropical",0.000939852586176871,3.22415119799803,0.0114583742065038,0.0159032799649245,0.00542058409316424,0.000581396044750534,0.000611754656996877,1.12396664911187,0,0.00266081202109782,0.000900740141075262,0.00018289086317671,1.62545614740463e-05,0.0053388876167611,1.44669292704677,0.609476796199015
20064,"Eastern Caribbean",12,"Tropical Northwestern Atlantic",4,"Tropical Atlantic",68,64,"Tropical",0.000735907986053551,3.97601738483103,0.0121420289485513,0.0147433805551738,0.00894488071251085,0.00206842062352469,0.00128063403226558,1.19001398635951,0,0.00207957578857246,0.00311008141440811,0.000217793490046284,4.27267144290494e-05,0.00463681525713875,2.09843794328237,0.637563209884351
20065,"Greater Antilles",12,"Tropical Northwestern Atlantic",4,"Tropical Atlantic",70,65,"Tropical",0.00188996900320461,3.65039486775666,0.0296696403401187,0.0192937204418871,0.0104008566511762,0.0136803647435171,0.00161297984355124,1.15892613683352,0,0.00540062211608784,0.000794228014772986,0.00588479044557421,0.00103842115803436,0.0135935105338537,1.84915463227539,0.539054997561304
20066,"Southern Caribbean",12,"Tropical Northwestern Atlantic",4,"Tropical Atlantic",71,66,"Tropical",0.00138402572481657,3.75704406140115,0.0368517135659582,0.01066413056511,0.0348035209443102,0.010640041911842,0.00221937180238302,1.12172809834526,4.94536125114642e-05,0.000487407405357706,0.00154133419826971,0.0115889167222265,0.00303114604059764,0.0119946922745742,1.96388293973647,0.546177270455326
20067,"Southwestern Caribbean",12,"Tropical Northwestern Atlantic",4,"Tropical Atlantic",73,67,"Tropical",0.00218478740236174,3.49105523102017,0.0263686174043923,0.0202366510497336,0.00423742761672288,0.00808767856650431,0.000488889602250525,1.08135742348719,0,0.000281835335659787,0.000153794743242343,0.00592375048653236,0.00320025297282447,0.00725372378474461,1.80992567132057,0.521354724822155
20068,"Western Caribbean",12,"Tropical Northwestern Atlantic",4,"Tropical Atlantic",74,68,"Tropical",0.00689568799938949,3.63939888621529,0.0760417605779613,0.0458750111587337,0.0219612894241166,0.0116616911864728,0.00187207174661749,1.15757619851536,0,0.0157872094092789,0.000630894601366063,0.0082336830475476,0.00411470859194067,0.0156030154749717,1.7718055271304,0.501340137171209
20069,"Southern Gulf of Mexico",12,"Tropical Northwestern Atlantic",4,"Tropical Atlantic",72,69,"Tropical",0.000351909426119586,3.38511455979009,0.099484760448847,0.0621817429346519,0.0287410759803933,0.00876406605823196,0.000631441857608044,1.00927834506522,0.00187055002331885,0.0175278517520457,0.0010890530214757,0.0109633088016009,0.00391311432121314,0.00484796020955836,1.53337283925082,0.602096535436965
20070,"Floridian",12,"Tropical Northwestern Atlantic",4,"Tropical Atlantic",69,70,"Tropical",0.00412669556367898,2.50898166852937,0.107326792518478,0.0523605833351866,0.049009402800648,0.0262037237951784,0.0082213268949656,0.768864724808386,0,0.00703105650064654,0.000457569263179893,0.0169109065340898,0.00204517711520071,0.0256656838274731,0.997601464562928,0.443156562014636
20071,"Guianan",13,"North Brazil Shelf",4,"Tropical Atlantic",65,71,"Tropical",0.000213123541609518,3.37423692839667,0.0517640349360708,0.013699249094264,0.0136282082070432,0.0072422286315094,0.000805673777465142,0.936344522144423,0.000219012043726152,0.00781653131005315,0.000625954372002485,0.00843440625190788,0.00137880740188164,0.00827582457262583,1.75683197372553,0.566957377885201
20072,"Amazonia",13,"North Brazil Shelf",4,"Tropical Atlantic",64,72,"Tropical",0.00032429396852776,2.97389036169875,0.102462507102946,0.0636471959848335,0.0317851509322774,0.0105992080819286,0.000657898714342026,0.738882679662785,0,0.0518884286687912,0.00445691052166756,0.0159640852792495,0.00228111517686871,0.0164915732045469,1.43297560489569,0.501473711626737
20073,"Sao Pedro and Sao Paulo Islands",14,"Tropical Southwestern Atlantic",4,"Tropical Atlantic",62,73,"Tropical",0,3.6919167102917,0.00391427170485252,0.00245744269382746,0.00268419142589323,0,0,1.13237527064884,0,0,0.00400393534439312,0,0,0,1.89612126234224,0.650360339844333
20074,"Fernando de Naronha and Atoll das Rocas",14,"Tropical Southwestern Atlantic",4,"Tropical Atlantic",60,74,"Tropical",6.54446575261965e-07,3.83421619973679,0.0104723964605196,0.00966940902581778,0.00780428412310703,9.58062996397953e-06,2.95202760723848e-05,1.08806507650341,0,0.0617279535568994,0.00719973265381276,0,0,0.000137184658519876,1.96152211452963,0.687578304000463
20075,"Northeastern Brazil",14,"Tropical Southwestern Atlantic",4,"Tropical Atlantic",61,75,"Tropical",0.000566230006927875,3.63879445701814,0.115599706748984,0.048068672260581,0.0341085498972077,0.0132261047317348,0.00132752970312246,1.03114695573895,2.73111382281288e-05,0.0893080858304559,0.00965765502369245,0.0176097318375941,0.00192632947151858,0.00599536422185712,1.68806980240467,0.582156427398772
20076,"Eastern Brazil",14,"Tropical Southwestern Atlantic",4,"Tropical Atlantic",59,76,"Tropical",0.00196633695546409,3.21742835530594,0.0794978673138921,0.0378220103764321,0.0205490815176812,0.0101749839965637,0.00117064058955141,1.10804753161094,0.0027387741594596,0.0386005970807748,0.0177585889877662,0.00931614813299936,0.000993959397520093,0.00536083053121362,1.20416839721588,0.679262606315981
20077,"Trindade and Martin Vaz Islands",14,"Tropical Southwestern Atlantic",4,"Tropical Atlantic",63,77,"Tropical",0,2.96805529745848,0.0111163459813101,0.0105856836942564,0.00816249004222495,0,0,1.16002252270849,0,0.019211450949137,0.0117281113899397,0,0,0,0.922478152403666,0.82475053789769
20078,"St. Helena and Ascension Islands",15,"St. Helena and Ascension Islands",4,"Tropical Atlantic",82,78,"Tropical",2.76085158642058e-06,3.54868555101848,0.000153523599237065,4.52483187710813e-05,0.000838378495993192,1.7745716177259e-05,8.02177666497672e-06,1.08725548798667,0,2.58264240372465e-05,0.000815644087370117,0,0,0.000102616201476046,1.70135000963266,0.758070290212904
20079,"Cape Verde",16,"West African Transition",4,"Tropical Atlantic",75,79,"Tropical",9.32142749673713e-05,3.98148639384385,0.00201298881066817,0.000768916433402917,0.00437805085869163,0.00048502769063554,0.000110950988566063,1.15010097889575,0,0,0.0048458464427233,0.000114269564247115,1.65914034065379e-05,0.00151380850117962,2.09816801795689,0.718877721720896
20082,"Gulf of Guinea Upwelling",17,"Gulf of Guinea",4,"Tropical Atlantic",80,82,"Tropical",0.000106911177556161,3.81178529652535,0.0601378340226133,0.0295324529016019,0.0564961094595694,0.00956002655407131,0.000475347621602619,1.10046615636253,0.000254540456474314,0.107345028999792,0.0079803421463101,0.0042187148558409,0.000937239462321985,0.00400044416207013,1.79679885685702,0.633475277230332
20083,"Gulf of Guinea Central",17,"Gulf of Guinea",4,"Tropical Atlantic",77,83,"Tropical",0.00467159079075072,3.60051058634753,0.12967252727684,0.144943145043154,0.0655249613168596,0.0188399438057272,0.00153275215312713,1.02186083229821,0.0529549210888839,0.263472934661122,0.0119776747003262,0.00712059159644377,0.00233690995397977,0.0121721476053712,1.48167471569052,0.381754936010921
20084,"Gulf of Guinea Islands",17,"Gulf of Guinea",4,"Tropical Atlantic",78,84,"Tropical",5.19103273479878e-05,3.44544119107213,0.00361291744506444,0.00295291495450079,0.00727029594041989,0.000283243580327672,4.74892802145059e-05,1.03763241963569,0,0.0737613115988973,0.00622860125264218,0,0,0.000814751091953683,1.63196379771683,0.68082154297135
20087,"Northern and Central Red Sea",18,"Red Sea and Gulf of Aden",5,"Western Indo-Pacific",97,87,"Tropical",0.00192258700080601,3.28437026354044,0.116102725766534,0.0768457969621949,0.032366700405439,0.0142362233944306,0.00646879898800794,1.11932974757571,0.000798034165607433,0.00104631333505265,0.000368989171005991,0.00350440605727432,0.000244269276858119,0.0232567793544129,1.61826343785097,0.269615454255634
20088,"Southern Red Sea",18,"Red Sea and Gulf of Aden",5,"Western Indo-Pacific",98,88,"Tropical",0.00200716140031446,2.30271213691825,0.0578078153010002,0.0259128199147993,0.017956247029535,0.0174288418792259,0.00162601488394313,0.781418516673288,0,4.51987511130362e-05,0.00073076116606418,0.00794608106903089,0.000341892957258033,0.0252346425504801,1.11421604754116,0.250040094680941
20089,"Gulf of Aden",18,"Red Sea and Gulf of Aden",5,"Western Indo-Pacific",96,89,"Tropical",0.000432419821314887,3.35776695917121,0.0541400250511237,0.0185585819023565,0.0233191913165421,0.00621103287353509,0.000299174676803022,1.05281694970157,0,0.0480012612052745,0.0129337986026417,0.000712441490592088,1.5185455840967e-05,0.00692432174344962,1.62265105571438,0.510751524089772
20090,"Arabian (Persian) Gulf",19,"Somali/Arabian",5,"Western Indo-Pacific",92,90,"Tropical",0.00239690404845469,2.2694545056907,0.13461293379085,0.115820457310735,0.0645550240788337,0.0279584325241939,0.0131641029193879,0.490776950353858,0.0172660293834438,0.156138052682373,0.00382214858838432,0.0200595658281124,0.00289432983934529,0.0379925263789023,0.866511393436044,0.315485668636914
20091,"Gulf of Oman",19,"Somali/Arabian",5,"Western Indo-Pacific",94,91,"Tropical",0.000888193903872642,3.44710338726408,0.112158135978963,0.0466587728922799,0.0319735107601749,0.0098243479057903,0.00220338161854653,1.00314964443414,0.000107028404243424,0.0617393183013138,0.00586871788873362,0.00231445604133031,0.000116147562890075,0.0117071601896368,1.66221641494938,0.49617815680668
20092,"Western Arabian Sea",19,"Somali/Arabian",5,"Western Indo-Pacific",95,92,"Tropical",0.000148662102001542,3.37767924644318,0.034796635605489,0.0123948154641903,0.0174960376492476,0.00312006903710853,0.000446235929842305,1.0140741849154,0,0.00384280863705772,0.00650747511396227,0.000806665103384848,5.39691762633173e-05,0.00417566930052994,1.74865533760231,0.531160681074609
20093,"Central Somali Coast",19,"Somali/Arabian",5,"Western Indo-Pacific",93,93,"Tropical",9.71949206222962e-05,3.34148418574278,0.0126384990983485,0.00460426033268,0.0039351824212961,0.00458926202133353,0,1.03299053225588,0,0.000689440677700651,0.00336885610787979,0,0,0.00388064434286455,1.65647965197792,0.618210666392637
20094,"Northern Monsoon Current Coast",20,"Western Indian Ocean",5,"Western Indo-Pacific",89,94,"Tropical",0.000467747128891005,3.39032266336939,0.0107631638381402,0.00572250524291388,0.00393708300290951,0.00538699951329129,3.61121316247968e-05,1.05987107126259,0,0.00704420428734275,0.00359410996019544,0.0032104033205004,0.000548911187583767,0.00572959701114788,1.70711274566969,0.576898022146713
20095,"East African Coral Coast",20,"Western Indian Ocean",5,"Western Indo-Pacific",88,95,"Tropical",0.00207014560079083,3.4107782512577,0.0495456498949766,0.0435053894582017,0.0123947481108317,0.0162710930826771,0.000574452403322943,1.04074946665249,0,0.00733708369318874,0.00289798798577233,0.00637912722371882,0.000741821359876582,0.0146586722677358,1.6861347958922,0.527517819189718
20096,"Seychelles",20,"Western Indian Ocean",5,"Western Indo-Pacific",86,96,"Tropical",7.34433533021314e-05,3.44137888613817,0.00245309463173322,0.000902054191184991,0.00866203705169962,4.954441755149e-05,7.23031066743123e-05,1.09719186090849,0,0.00748134670990528,0.0119744933971852,1.92178524553362e-06,3.45969020856802e-07,0.000425594734572971,1.69039383741634,0.621697012012447
20097,"Cargados Carajos/Tromelin Island",20,"Western Indian Ocean",5,"Western Indo-Pacific",83,97,"Tropical",9.78405025281167e-08,3.56676821862971,0.0465035148461764,0.0203459350857261,0.0190977248487722,0,0,1.08902489687638,0,0.00386214120315054,0.0119194857709587,0,0,5.42337429306508e-05,1.78121867427172,0.594741511219198
20098,"Mascarene Islands",20,"Western Indian Ocean",5,"Western Indo-Pacific",85,98,"Tropical",0.000130463371736796,3.75050706046206,0.00272182731432059,0.00225626302212403,0.00577771921729645,0.000911126707348044,0.000290774283235727,1.21145128127813,0,0,0.00792248418399335,0.000475711060807274,0.000315189670833269,0.000793845615370233,1.83421979774045,0.68324056820004
20099,"Southeast Madagascar",20,"Western Indian Ocean",5,"Western Indo-Pacific",87,99,"Tropical",0.000556915830136572,3.76809291747961,0.0398036308621694,0.00783263382629706,0.0102019058543175,0.0063594519297995,1.87789599289574e-05,1.15484584970218,0,0,0.00744702231348021,0.000356492791629998,9.21405193007197e-06,0.00485951306186612,1.83380558777753,0.701995920989735
20100,"Western and Northern Madagascar",20,"Western Indian Ocean",5,"Western Indo-Pacific",91,100,"Tropical",0.000877707677935894,3.57461571250862,0.038071841995755,0.00979852202018217,0.0118898177856267,0.00603320100166917,0.000119801459199568,1.09862399929938,0,0.000862139188498398,0.00843322847057131,0.000733910592460777,3.6508065803088e-05,0.00757867144476894,1.72637947468936,0.665176876152837
20101,"Bight of Sofala/Swamp Coast",20,"Western Indian Ocean",5,"Western Indo-Pacific",90,101,"Tropical",0.000288745891955905,3.25170490036601,0.0437622632683062,0.00345213313357111,0.0031330414080507,0.0148846167020617,9.07372313767965e-05,0.984590695960503,0,0,0.00204829800231032,0.00622246678266087,0.00127371645869365,0.00831782570773902,1.64279205795206,0.540848295164176
20102,"Delagoa",20,"Western Indian Ocean",5,"Western Indo-Pacific",84,102,"Tropical",0.000599518180698585,3.48268641005306,0.026852804815576,0.00254158096903312,0.00641844471718638,0.00406173965210011,0.000202721679793974,1.11631191122672,0,0.00159489216144816,0.00230799707312918,0.00246496414624407,0.000647663273013967,0.00681528560188073,1.70490073554428,0.606966149785646
20103,"Western India",21,"West and South Indian Shelf",5,"Western Indo-Pacific",100,103,"Tropical",0.00106651266159255,3.67462418071347,0.273369059781115,0.179172530048763,0.0881655073995822,0.0304633860681235,0.00235209792014653,0.889941014870696,0.000994588937845459,0,0.00498225476150061,0.0351051812778496,0.00241542377093378,0.0139158490511269,1.55448230849421,0.598198462837608
20104,"South India and Sri Lanka",21,"West and South Indian Shelf",5,"Western Indo-Pacific",99,104,"Tropical",0.00087489006132056,4.2032599540478,0.102016998001209,0.0822463653380864,0.0614243302257221,0.0139954123567173,0.00124266753778885,1.04071659367998,0,0.711926867695705,0.0300280808584127,0.0156197810107362,0.000465875313151917,0.00897105371900012,1.5359708221515,0.597760206513045
20105,"Maldives",22,"Central Indian Ocean Islands",5,"Western Indo-Pacific",102,105,"Tropical",0.00117237407151928,3.49936161581683,0.0356244363126397,0.0199003198313612,0.030572965689741,2.58912887116599e-05,0.00040939111233017,1.10558489393822,0,8.17920854524052e-05,0.0342003770934326,2.56264336887511e-08,6.90749396625746e-11,0.00422412612041014,1.59946510519221,0.668099911657491
20106,"Chagos",22,"Central Indian Ocean Islands",5,"Western Indo-Pacific",101,106,"Tropical",0,3.42538037553779,0.000738104901745771,0.000648702201897797,0.00375558482666282,0,6.03039347248483e-05,1.10694035443564,0,2.80913051344963e-06,0.005542785822321,0,0,0,1.66252278134348,0.645168932554468
20107,"Eastern India",23,"Bay of Bengal",5,"Western Indo-Pacific",103,107,"Tropical",0.000577050812459863,3.7813657873405,0.17241858864922,0.104644055611354,0.067532952027863,0.0269345263822653,0.00104852961495293,1.00683202466527,0.000197492211591012,0.0335345624711032,0.00887646200735541,0.0289638209950336,0.00169390960231189,0.00741501138260761,1.71921466034181,0.601482144791058
20108,"Northern Bay of Bengal",23,"Bay of Bengal",5,"Western Indo-Pacific",104,108,"Tropical",0.0019359412562541,3.47841359573255,0.250758207320339,0.184319156956439,0.0721517088746857,0.0275135851743698,0.000349593567850462,0.835997505873919,1.55583336841585e-05,0.00525868194113269,0.0044417642535554,0.0261207764518085,0.00391132585040494,0.021578731005076,1.50714556362631,0.536915497240982
20109,"Andaman and Nicobar Islands",24,"Andaman",5,"Western Indo-Pacific",105,109,"Tropical",0.000300062384620381,3.61418489089246,0.0984208150577946,0.0834152139213582,0.0406121785101331,0.000726776554293488,9.99600754290821e-05,1.05317178480851,0,0.0131305304620027,0.00884875223221884,0.00137134866754378,4.94676991549389e-06,0.0047247022739835,1.66767648062028,0.641681346360792
20110,"Andaman Sea Coral Coast",24,"Andaman",5,"Western Indo-Pacific",106,110,"Tropical",0.00414443644597657,3.5151210578039,0.443912096854068,0.309418428222722,0.145702129416747,0.00983529398080996,0.0019952970672614,0.787116146074549,1.84517319466577e-05,0.00119767364951785,0.0023902438861509,0.00791768833727675,0.000822394255046494,0.0301556332919168,1.32797884246882,0.442516304987055
20111,"Western Sumatra",24,"Andaman",5,"Western Indo-Pacific",107,111,"Tropical",0.00333970062061841,3.19722303235821,0.10995479100516,0.0949660805390974,0.0639089810645703,0.00843606995584224,0.000144377144540802,1.05962050484882,0,0.00245696360072583,0.00771601373546105,0.006992321953397,0.000741896983573289,0.010511175112275,1.2166010266898,0.611833120337393
20112,"Gulf of Tonkin",25,"South China Sea",6,"Central Indo-Pacific",116,112,"Tropical",0.00327951423191906,3.48992555396446,0.439172279642317,0.394759577763727,0.0984853271208794,0.0348257763880577,0.00476959292521145,0.792531053816304,0.000424588951761398,0.0120531125985497,0.00368117631594052,0.0630818565170875,0.00770898178367128,0.0357447207743493,1.18214050085291,0.417267493887404
20113,"Southern China",25,"South China Sea",6,"Central Indo-Pacific",118,113,"Tropical",0.00209874370084739,4.04394795179204,0.637037507015008,0.579295261741516,0.162071005699948,0.0318686830418992,0.00803760361120546,0.724627597724141,0.000223355731048533,0.0170272416891854,0.00373008425390533,0.0379570338389788,0.00449941388015162,0.0345148340204882,1.30663695595379,0.494322616474031
20114,"South China Sea Oceanic Islands",25,"South China Sea",6,"Central Indo-Pacific",117,114,"Tropical",0,3.66459793944127,0.129992056943203,0.177573009438107,0.089412100125232,0,5.44657278618401e-06,1.10913042523629,0,0.0100666146368311,0.0395180968616292,0,0,0,1.52517563748916,0.583724540804921
20115,"Gulf of Thailand",26,"Sunda Shelf",6,"Central Indo-Pacific",113,115,"Tropical",0.00296906766715213,2.93938419851157,0.413782556892802,0.31247033605519,0.14465782101329,0.025381841615262,0.00410683640286508,0.521190390103368,0.000612824151722358,6.46703394029833e-05,0.00443203471245341,0.0288424635086678,0.00592406113005156,0.025973452179384,1.02851258722368,0.420463241383562
20116,"Southern Vietnam",26,"Sunda Shelf",6,"Central Indo-Pacific",114,116,"Tropical",0.00129688407907839,3.06548058303215,0.481731544787855,0.428815003446402,0.153212839016254,0.0243930032909831,0.00271619123780196,0.610187285995855,0.0031523267936956,0.00234950568756097,0.00987271928969466,0.0378502616722688,0.00695615897865553,0.0215503918173518,0.942567017587753,0.338829442166259
20117,"Sunda Shelf/Java Sea",26,"Sunda Shelf",6,"Central Indo-Pacific",115,117,"Tropical",0.00392456825932046,3.27475868539359,0.502276755468238,0.355259576952604,0.20173963541118,0.0157388878385554,0.000855715884568035,0.610611735499535,0.00162593167595661,0.00713320936292422,0.0348255195367011,0.0211197319047897,0.00345710632382904,0.0148578934994597,1.07336171409138,0.42797069665831
20118,"Malacca Strait",26,"Sunda Shelf",6,"Central Indo-Pacific",112,118,"Tropical",0.00251153162102576,3.17904422189029,0.494729072887412,0.356696136665455,0.192057297215302,0.0531337092805739,0.00776981536651743,0.547043470635948,0.00011602957603033,0.00126958569266286,0.0048823383617239,0.0896689403902725,0.015379976159303,0.0562542664870844,0.992726179034053,0.36480585768871
20119,"Southern Java",27,"Java Transitional",6,"Central Indo-Pacific",109,119,"Tropical",0.00612740764297168,3.47093516191174,0.0777918096417087,0.0622093745830425,0.0448355890111957,0.0162352757172793,0.000553433844106692,1.07598053361657,0.000535868983715611,0.00117934966603461,0.00790863045183921,0.011332049801589,0.0020617560297961,0.00912441422242444,1.50495474294212,0.650104913924103
20120,"Cocos-Keeling/Christmas Island",27,"Java Transitional",6,"Central Indo-Pacific",108,120,"Tropical",3.79349317397208e-05,3.57638028411353,0.00187305173379786,0.00438277075594478,0.00439036287219288,2.0947177953361e-06,1.42841511731759e-05,1.12370410019994,0,1.55275688369885e-05,0.00428288357941267,0,0,0.00015839661282852,1.66969316442812,0.76782569331764
20121,"South Kuroshio",28,"South Kuroshio",6,"Central Indo-Pacific",119,121,"Tropical",0.000948209209933224,3.69302119810098,0.108375572524803,0.105763709407965,0.0643694368567379,0.00141997163716044,0.000705321611261863,1.1651679212336,0,0.0186978701538416,0.0261653632321641,0.00144448446817557,0.000183092389274106,0.00454204529462109,1.51595156113241,0.679286634877744
20122,"Ogasawara Islands",29,"Tropical Northwestern Pacific",6,"Central Indo-Pacific",141,122,"Tropical",3.27919557185348e-07,3.89376453670673,0.041414543161285,0.0641159581901374,0.0527027149157648,7.05893041978949e-06,1.14953473604505e-05,1.18829587646134,0,0.00669162248851732,0.0272167785416488,0,0,0.000177425883790945,1.7873351274213,0.725795600880589
20123,"Mariana Islands",29,"Tropical Northwestern Pacific",6,"Central Indo-Pacific",140,123,"Tropical",0.000278442711487562,3.75366096789921,0.00452907009134594,0.0135186253923604,0.0324535723748623,0.000264245366170432,0.000128363646202754,1.17489562127374,0,0,0.046418531859439,0,0,0.000476448607023233,1.7894400501054,0.691257991597267
20124,"East Caroline Islands",29,"Tropical Northwestern Pacific",6,"Central Indo-Pacific",139,124,"Tropical",0.000223494818516347,3.18323746416555,0.0021437821623955,0.00577687124984698,0.0109483502635074,2.3589266048077e-05,1.57380926328741e-05,1.13725361401583,0,0,0.0143418402005114,0,0,0.000671885697492385,1.34562452369355,0.666213768205896
20125,"West Caroline Islands",29,"Tropical Northwestern Pacific",6,"Central Indo-Pacific",142,125,"Tropical",0.000422596122585887,3.55503951895971,0.00272127431334879,0.00774617763605421,0.0100353996292895,4.28198170949252e-05,4.66747110342169e-05,1.16127686625549,0,0.000214890902821714,0.0111928817041599,1.61931287080223e-06,3.6401909203051e-07,0.000624455528387764,1.63989054499051,0.720822946804397
20126,"Palawan/North Borneo",30,"Western Coral Triangle",6,"Central Indo-Pacific",125,126,"Tropical",0.00676914442708358,3.60635804091586,0.265458378079104,0.311193172878829,0.13991727431695,0.014042440173279,0.00113276389971531,0.99844244028747,0.00169075048828491,0.00513318227188891,0.0343215562957685,0.0131470893183424,0.00186164710182653,0.0336447476003552,1.34424320483674,0.435360246582828
20127,"Eastern Philippines",30,"Western Coral Triangle",6,"Central Indo-Pacific",121,127,"Tropical",0.0158427526478082,4.04808869289028,0.149092559098342,0.268504722168908,0.155134320032301,0.0236990129725518,0.00162186114262644,1.13614754646607,0,0.00165049931304707,0.0593448405810844,0.0127137592635067,0.00169135862819229,0.0383632698734047,1.62239048905829,0.561891706663997
20128,"Sulawesi Sea/Makassar Strait",30,"Western Coral Triangle",6,"Central Indo-Pacific",127,128,"Tropical",0.00240244902967681,3.50044363951629,0.209954224990042,0.15399516513762,0.127105761962771,0.00929956914681804,0.000532778058189475,0.998698347758957,5.80181512298268e-05,0.0030582410165785,0.048438795943998,0.00832490266428906,0.000624616626645904,0.0128905385249737,1.39772550553938,0.527334722876904
20129,"Halmahera",30,"Western Coral Triangle",6,"Central Indo-Pacific",122,129,"Tropical",0.000894640589222792,3.6862725215071,0.132859388413374,0.116716227189308,0.144844252563436,0.00500331151903818,0.000185312432476254,1.06014911121266,0,0.00364999902045491,0.0521515958065389,0.00183398481624337,4.08534770369389e-05,0.0200882101287521,1.59593877673621,0.551916851429965
20130,"Papua",30,"Western Coral Triangle",6,"Central Indo-Pacific",126,130,"Tropical",0.000989599084454045,3.54897076915446,0.119197451846151,0.117727598142862,0.10652498729285,0.00724810201256377,0.000179705616079552,1.05088139579457,2.39002430129392e-07,0.00210780049903051,0.0514737908721232,0.00247475885656377,0.000140955925104634,0.0165065709131312,1.49788373793545,0.575634077816787
20131,"Banda Sea",30,"Western Coral Triangle",6,"Central Indo-Pacific",120,131,"Tropical",0.00288606256520261,3.36933248613677,0.17014108744111,0.112494987926901,0.108758741309125,0.00776388899192889,0.000220351858412872,1.08121717691542,1.95150256831416e-05,0.00330325964089864,0.0523637332584761,0.00692355534990007,0.000428945296870118,0.0197403653363661,1.24486551470788,0.558205295097663
20132,"Lesser Sunda",30,"Western Coral Triangle",6,"Central Indo-Pacific",123,132,"Tropical",0.00633054800543317,3.51247109688912,0.125548559940742,0.0904775915976133,0.0640027083612096,0.0134631129794409,0.000616829323115977,1.09903808215567,0,0.0019924448283806,0.0124820720663061,0.0116805160962175,0.000846547857468507,0.0214259328110031,1.47284443123503,0.591721713919073
20133,"Northeast Sulawesi",30,"Western Coral Triangle",6,"Central Indo-Pacific",124,133,"Tropical",0.00373941719472683,3.09416415084552,0.318605205228579,0.248431563584155,0.197857587357423,0.0251129543412553,0.000571042591701398,0.897975508800641,0,0.00335602947282235,0.0373756990675623,0.0349959489118734,0.00223834977268502,0.0368151807299066,1.08777194093504,0.199317726093292
20134,"Bismarck Sea",31,"Eastern Coral Triangle",6,"Central Indo-Pacific",128,134,"Tropical",0.00236430610089834,3.38761372394788,0.0121968944775894,0.00826086011868516,0.0536363278634422,0.00342602859648558,8.93647621392779e-05,1.08588094654199,0,0,0.078520038424209,0.000326911592764517,6.8768183379142e-05,0.0104061754008096,1.60222306143997,0.530214033935108
20135,"Solomon Archipelago",31,"Eastern Coral Triangle",6,"Central Indo-Pacific",129,135,"Tropical",0.00179604066452364,3.51743840041656,0.00635464286892597,0.00641738131441158,0.0445355260381421,0.000911244894122837,2.22290051173715e-05,1.10621340499571,0,0.000386033675188101,0.0637912404912673,0.00011236685984688,1.60241082277499e-05,0.00653031598181222,1.69519851760089,0.58515342542499
20136,"Solomon Sea",31,"Eastern Coral Triangle",6,"Central Indo-Pacific",130,136,"Tropical",0.00299548360955131,3.43740327937269,0.0117782516706048,0.00613691035386831,0.0671445152368005,0.00298521825409473,2.97505554634126e-05,1.09548533756893,0,0,0.102061536834987,0.00049047002881936,5.22452345327873e-05,0.0106385113624686,1.61248527768167,0.525119763452036
20137,"Southeast Papua New Guinea",31,"Eastern Coral Triangle",6,"Central Indo-Pacific",131,137,"Tropical",0.00151328175676562,3.34288477679312,0.00392367383616371,0.00323848059891249,0.0625608765262773,0.00240921580976691,9.70721957521148e-05,1.11829650140886,0,0.000473042845416714,0.0918732037676809,0.00084332962795399,4.95245178920921e-05,0.00549498006853726,1.49775001399878,0.55436157397649
20138,"Gulf of Papua",32,"Sahul Shelf",6,"Central Indo-Pacific",135,138,"Tropical",0.000986074674252252,1.83576142617825,0.0265735453498282,0.0113632661139482,0.0330512229330002,0.0181254998571754,3.68375682189431e-05,0.717949868707764,0,0.00099455533016677,0.032583519910239,0.00548321606540157,0.000380770215780967,0.0285092022571983,0.592947052179094,0.366776793426839
20139,"Arafura Sea",32,"Sahul Shelf",6,"Central Indo-Pacific",133,139,"Tropical",0.000213059777100337,2.16884970339617,0.322931652036633,0.212511897801863,0.124980293042126,0.00595405923421961,3.12163228492675e-05,0.520068105096795,0,0.000852133475065567,0.0342062804266228,0.00746514299872464,0.00034922211618863,0.010334503524495,0.505108693353865,0.42384344173651
20140,"Arnhem Coast to Gulf of Carpenteria",32,"Sahul Shelf",6,"Central Indo-Pacific",132,140,"Tropical",4.92808716861209e-05,1.5489387519633,0.0648069912259039,0.0318179941952659,0.0243977685936124,0.00145150478184001,0.00014301662692453,0.48719587664249,0,0.0013681339693752,0.0169569391607972,0.00823133098597645,0.000314356127060285,0.00421007686644874,0.439352271899508,0.468643207179681
20141,"Bonaparte Coast",32,"Sahul Shelf",6,"Central Indo-Pacific",134,141,"Tropical",0.000105440135933798,2.29168246796335,0.133256316220825,0.0563538238517257,0.0330351338806342,0.00120755765467686,0.000241701278369435,0.682884004165208,0.000172821967205657,0.00595681068220164,0.00949697429146678,0.00880531946349211,0.000410261923355953,0.0038319452981281,0.790578978211469,0.565345376816492
20142,"Torres Strait Northern Great Barrier Reef",33,"Northeast Australian Shelf",6,"Central Indo-Pacific",137,142,"Tropical",0.000228953940743345,1.65573699685599,0.0294141979875705,0.0163754560421729,0.0224353044160598,0.000618296230635131,5.91805959801695e-05,0.654981997388278,0,0.00188582467651216,0.0190810030180633,0.00671906908153602,0.000179991952750765,0.00347301185525406,0.599010422884057,0.301274285636404
20143,"Central and Southern Great Barrier Reef",33,"Northeast Australian Shelf",6,"Central Indo-Pacific",136,143,"Tropical",0.00281737762671854,1.84616394269711,0.0390073950259063,0.0182954316473727,0.0201533640813018,0.00701035846763189,0.00146278183511968,0.604749390240927,0,0.00157257577213601,0.0216364017461035,0.0136908345703536,0.000814931755207318,0.0155820362650269,0.879736165853508,0.219634894908113
20144,"Exmouth to Broome",34,"Northwest Australian Shelf",6,"Central Indo-Pacific",110,144,"Tropical",7.97722649971296e-05,3.13040271262989,0.0588545274446679,0.0298535586363637,0.0119203361900016,0.00028462705270159,0.000238453183909241,0.926095118180189,0.000190119329831674,0.0103924992587051,0.00126227339490993,0.000352013411697661,8.24940777882466e-06,0.00228547996721967,1.53929109950361,0.54929458535106
20145,"Ningaloo",34,"Northwest Australian Shelf",6,"Central Indo-Pacific",111,145,"Tropical",2.25661131947099e-05,3.45853324253237,0.00654290471242221,0.00489454503279946,0.00303808459171987,4.74074735917458e-05,1.70694611929674e-05,1.09563437052006,0.000176436410734447,0.0585555376855184,0.00152731934716494,1.71042692172019e-05,5.63016082270045e-07,0.000967939041569141,1.70613233659232,0.580959052384743
20146,"Tonga Islands",35,"Tropical Southwestern Pacific",6,"Central Indo-Pacific",146,146,"Tropical",0.000280300724267641,3.73884774469072,0.00163516320058299,0.0021580783965624,0.00146437333999571,3.37376045778397e-05,4.95910546466625e-05,1.22779906504213,0,0,0.00108920836357025,0.000140201078289849,2.08699029937519e-05,0.00156226015548492,1.86871309920976,0.633901800119931
20148,"Vanuatu",35,"Tropical Southwestern Pacific",6,"Central Indo-Pacific",147,148,"Tropical",0.000849632457847797,3.65171507242607,0.00183390296661378,0.00166975859130737,0.00883376762388171,8.45425419785812e-05,1.16359778311641e-05,1.22379798947887,0,0.000100086289202602,0.0124490472426667,4.28211925781736e-05,7.0029616104907e-06,0.00290833198494113,1.75543082408647,0.643695733449317
20149,"New Caledonia",35,"Tropical Southwestern Pacific",6,"Central Indo-Pacific",145,149,"Tropical",0.00145000032798157,3.22934443411765,0.00293401331507113,0.00191011519514708,0.00205763753647381,0.000126955216424371,0.000126492402108326,1.21217125144098,0,0,0.00210243948168926,0.000107342425429973,4.49036573745067e-06,0.00286334906039886,1.4122160083375,0.591274340390802
20150,"Coral Sea",35,"Tropical Southwestern Pacific",6,"Central Indo-Pacific",143,150,"Tropical",0,3.2033940732111,0.002970296252141,0.000877652272464407,0.0320040957057332,0,0,1.14433889344743,0,0.00225350775023039,0.0429990112130859,0,0,0,1.42170711189121,0.556243500845681
20151,"Lord Howe and Norfolk Islands",36,"Lord Howe and Norfolk Islands",6,"Central Indo-Pacific",138,151,"Tropical",2.60093995599757e-06,3.52134275905887,0.00694888813119442,0.0028720584010115,0.000965623306020787,0,6.53967848699323e-06,1.23033386245465,0,0,0.000305271261235735,0,0,0.000142081869230382,1.5667434911487,0.713022348423614
20153,"Marshall Islands",38,"Marshall, Gilbert and Ellis Islands",7,"Eastern Indo-Pacific",149,153,"Tropical",0.000489570224329355,3.17136247305426,0.000840232574364958,0.00253802976790347,0.0054682755189981,0,2.7098481450807e-05,1.18432128231775,0,0,0.0081103889310959,0,0,0.0013226805661941,1.39111324098502,0.577131669591233
20155,"Line Islands",39,"Central Polynesia",7,"Eastern Indo-Pacific",150,155,"Tropical",4.88689838776188e-05,1.87711453450659,0.00029995649233372,0.000273683710579677,0.00158882672000213,0,4.45225269904182e-06,0.99283168822288,0,9.205924706675e-05,0.00189110440045321,6.34466408198032e-06,1.11116728799191e-06,0.000275917428520143,0.147034760125456,0.732765762626907
20156,"Phoenix/Tokelau/Northern Cook Islands",39,"Central Polynesia",7,"Eastern Indo-Pacific",151,156,"Tropical",3.6310519393625e-06,3.18286261359442,0.000539258627925739,0.00111193426508105,0.00420826343226345,0,0,1.11019369168304,0,2.4548933440044e-05,0.00554094985255243,0,0,0.000139703132826533,1.38542034992856,0.675680285613273
20157,"Samoa Islands",39,"Central Polynesia",7,"Eastern Indo-Pacific",152,157,"Tropical",0.000293375143576327,3.73583278270739,0.013647976124582,0.00770022124656699,0.0042622556266369,0,0.000104964927625084,1.21189220439299,0,0,0.00490897978941031,3.11865352161327e-06,6.69878774825294e-07,0.0015878514655219,1.87995454843861,0.611476609252078
20158,"Tuamotus",40,"Southeast Polynesia",7,"Eastern Indo-Pacific",156,158,"Tropical",0.000163029189624908,2.84307498319136,0.0007030720660774,0.000173893437217566,0.000570953897838596,0,2.25496388687711e-05,1.21853458934741,0,0,0.000842623856336658,0,0,0.00160219850776198,1.02407758011238,0.59638449273908
20159,"Rapa-Pitcairn",40,"Southeast Polynesia",7,"Eastern Indo-Pacific",153,159,"Tropical",1.83145264035698e-06,2.886328875456,4.93014971741262e-05,0.000163003392535526,0.000390510062990243,0,5.46393004277917e-07,1.21764101904817,0,0,0.000563898036739179,0,0,2.57231351800743e-05,0.965078628162858,0.702414411199542
20160,"Southern Cook/Austral Islands",40,"Southeast Polynesia",7,"Eastern Indo-Pacific",155,160,"Tropical",2.85616677015694e-05,3.76943752533113,0.000316910506143577,0.000157644553274437,0.000582054153166683,0,1.58345433521173e-05,1.22621242362586,0,0,0.000844537473883014,5.07633570776647e-07,2.81494777539876e-07,0.000223262974473824,1.81369228808468,0.727363216459737
20161,"Society Islands",40,"Southeast Polynesia",7,"Eastern Indo-Pacific",154,161,"Tropical",0.000816072766877316,3.68295241428754,0.00123155704080158,0.000126163754700726,0.000252154876394771,7.49803329015014e-05,0.000415472123382055,1.22197513494916,0,0,0.000387806108564031,2.79533464661061e-05,4.21548448564899e-06,0.001910104580169,1.78287788621083,0.672852912554177
20162,"Marquesas",41,"Marquesas",7,"Eastern Indo-Pacific",157,162,"Tropical",0.000122713188227065,1.81095748565861,0.000252769854170669,0.000136843623981368,0.000677929661493511,0.000111377064747886,7.42165740406843e-06,1.12079864029174,0,0,0.000836443449466352,3.7625616044188e-05,6.23925740184108e-06,0.000590694088035559,0.0360731339446635,0.651305654268026
20163,"Easter Island",42,"Easter Island",7,"Eastern Indo-Pacific",159,163,"Tropical",6.26179454773201e-06,3.39586801850409,0.0247521461767605,0.01365553452989,0.0138696138308914,0,5.09300339032814e-06,1.06811119506796,0,0,0.013785936990991,0.000107010552462433,1.35775593580714e-05,7.1317191794357e-05,1.5425721361292,0.718918200216706
20164,"Revillagigedos",43,"Tropical East Pacific",8,"Tropical Eastern Pacific",170,164,"Tropical",0,2.70354563414752,0.00681815385032576,0.0121842390210419,0.00458482317202653,0,1.44006885843658e-06,1.11616279069304,0,0.0235230967769717,0.0072018195873932,1.05283754207427e-05,3.67353335291785e-06,0.000135667193777274,0.971664886111326,0.561254514966268
20165,"Clipperton",43,"Tropical East Pacific",8,"Tropical Eastern Pacific",164,165,"Tropical",0,3.33929430195473,0.000251347128334171,0.00216955410591254,0.0013975634875734,0,0,1.07356058493051,0,0.00796277036718422,0.00209068909611697,0,0,0,1.47914577944404,0.77271601787723
20166,"Mexican Tropical Pacific",43,"Tropical East Pacific",8,"Tropical Eastern Pacific",167,166,"Tropical",0.000748299804859184,2.99599455771815,0.0351370052837872,0.011282029713873,0.00893551934076666,0.00672100883638747,0.000330280755548042,1.08141071624358,0,0.0202991293836698,0.0066903669253973,0.00343691803532649,0.0016500423012072,0.00279543068373471,1.13437019462229,0.682187619971226
20167,"Chiapas-Nicaragua",43,"Tropical East Pacific",8,"Tropical Eastern Pacific",163,167,"Tropical",0.00128273189361372,3.12201002782082,0.0608582741751047,0.0287034861542158,0.0203496714479072,0.0134640291349592,0.000604243717430819,0.947807853442166,0,0.0211614133535166,0.0153266960701733,0.0122447040946755,0.00442099457801987,0.0072377013957545,1.3205569482266,0.667991286739407
20168,"Nicoya",43,"Tropical East Pacific",8,"Tropical Eastern Pacific",168,168,"Tropical",0.00293867182887243,2.58277628155736,0.0674529979435383,0.0175477751250628,0.0435043661365155,0.00684750185365374,0.00066679621766554,0.937904229029649,0,0.0326884991202295,0.00402397750523543,0.0053898547296771,0.00277532808154898,0.00830699762168566,0.800779958497054,0.651949329758097
20169,"Cocos Islands",43,"Tropical East Pacific",8,"Tropical Eastern Pacific",165,169,"Tropical",0,2.05082202789703,0.00948642293470784,0.00725823233460367,0.00606306415860428,0,0,0.927753728249534,0,0.0391871741532295,0.00537697462396715,0,0,0,0.377548562829058,0.678147868023933
20170,"Panama Bight",43,"Tropical East Pacific",8,"Tropical Eastern Pacific",169,170,"Tropical",0.00251607306264658,2.93242357202562,0.049940553704225,0.00617507046241925,0.0563185107194068,0.00631755496076487,0.000397348775279493,0.879992639881095,0,0.000545179248246549,0.0041226400205839,0.00465599858815702,0.00201935698029727,0.00747273127437393,1.25317728905002,0.65877263665984
20171,"Guayaquil",43,"Tropical East Pacific",8,"Tropical Eastern Pacific",166,171,"Tropical",0.000477182680902499,2.47627888693301,0.0701195092308059,0.0185611244490967,0.0828926179607607,0.0068837430736955,0.00102763628476341,0.8050429373861,0,0.00311466976564206,0.00509143047067285,0.00749697132472935,0.00337179468503041,0.00795228746002449,0.864999005383967,0.599247978888027
20172,"Northern Galapagos Islands",44,"Galapagos",8,"Tropical Eastern Pacific",161,172,"Tropical",1.63480411540168e-09,2.31725792556047,0.0108673439853603,0.0068091321799129,0.0175311171803272,1.16760118316959e-06,0,0.98698211802872,0,0.00380999557143384,0.0171265048876081,1.32561057059331e-06,2.57013843936228e-07,0,0.695361826626384,0.578767137313216
20173,"Eastern Galapagos Islands",44,"Galapagos",8,"Tropical Eastern Pacific",160,173,"Tropical",5.47849197518785e-05,2.73035904830732,0.0194605798674065,0.0108320586609064,0.0249088186112711,0.000189045084032513,2.40065628579135e-05,0.871722299528446,0,0.00227941849037339,0.0115204746659402,0.000794309894200946,0.00015583051506627,0.00102908434412868,1.17862491106972,0.608763434351855
20174,"Western Galapagos Islands",44,"Galapagos",8,"Tropical Eastern Pacific",162,174,"Tropical",3.45491242918496e-06,2.89224636842637,0.00362224531192323,0.00735847155452741,0.0119854424898477,5.90148651305503e-05,1.25716105720028e-05,0.894585582662673,0,9.53019592680669e-05,0.00952428363049111,0.000266368762057833,4.99416948965378e-05,0.000277035806010908,1.26560963437317,0.69879704768262
20175,"Central Peru",45,"Warm Temperate Southeastern Pacific",9,"Temperate South America",174,175,"Temperate",0.000297408496478003,2.3191784263924,0.0628420013704514,0.0173045450278642,0.135036185136169,0.00723824972489082,0.000506659944960954,0.883777526851966,0,0.00304074051685154,0.00362120521396435,0.00421949983515919,0.00102607115637455,0.00414784170955852,0.536907650598958,0.659212842364288
20176,"Humboldtian",45,"Warm Temperate Southeastern Pacific",9,"Temperate South America",175,176,"Temperate",0.000361416310096256,2.58049052017335,0.0415418393619191,0.0310718764175779,0.128252367828886,0.00559985653735524,0.000365474257887533,1.0384286384987,0,0.00204280009392002,0.00310384969064461,0.00180185564420016,0.000456419911935936,0.00256049839522415,0.595857248813353,0.729046381329559
20177,"Central Chile",45,"Warm Temperate Southeastern Pacific",9,"Temperate South America",173,177,"Temperate",0.00111385068666309,3.11278958173616,0.0155867390300061,0.0412493433021371,0.151823167176665,0.00697792775657924,0.000423880738899956,1.03363976336179,0,0,0.000374548398138447,0.00208565490658842,0.000526578950493548,0.00418635860110359,1.04706986478181,0.807731913227314
20178,"Araucanian",45,"Warm Temperate Southeastern Pacific",9,"Temperate South America",172,178,"Temperate",0.00211076546504546,3.19205374014603,0.0243429494940732,0.0302822815984329,0.117352856481284,0.0102441528693722,0.000522418490333459,0.986374937653268,0,0,9.67715665753604e-05,0.00972827007747986,0.00484317890429108,0.00559231730613697,1.24499393677958,0.755568916710507
20179,"Juan Fernandez and Desventuradas",46,"Juan Fernandez and Desventuradas",9,"Temperate South America",171,179,"Temperate",0,3.25231791388265,0.00563551162526426,0.0340997160621569,0.0620465513529992,0,1.6448654725977e-07,1.04563167674322,0,0,0.000942289502245537,0,0,0,1.29167558119173,0.812286434878347
20180,"Southeastern Brazil",47,"Warm Temperate Southwestern Atlantic",9,"Temperate South America",183,180,"Temperate",0.00107989317592066,3.44383480956317,0.0808930466065829,0.0500277922538847,0.0155677663511769,0.00991524663624387,0.00300739330877274,1.0202942722694,8.15550449950834e-06,0.0180182116950289,0.0125727800046409,0.00593136510839285,0.00037641399054678,0.0120819115405791,1.54461136240046,0.669449192678992
20181,"Rio Grande",47,"Warm Temperate Southwestern Atlantic",9,"Temperate South America",182,181,"Temperate",0.00026017805534225,3.20045872829567,0.0605462505622906,0.0272839089083859,0.0120337045397759,0.00457311391705336,0.00115973262036612,0.9434526225891,0,0.00652911889399061,0.00628033599349228,0.0124063554149406,0.00209537313543085,0.00843081934212184,1.50570714348983,0.609700067720684
20182,"Rio de la Plata",47,"Warm Temperate Southwestern Atlantic",9,"Temperate South America",181,182,"Temperate",0.00108014706098135,0.964243352553574,0.144110930199357,0.0230767299325492,0.0075713044531435,0.0719495939615734,0.00702155394944514,0.0174403287345313,0,8.60938062125591e-07,4.36874477163339e-06,0.0953029737421579,0.0480026627502744,0.0522273189589724,0.494836672437296,0.00161790670579364
20183,"Uruguay-Buenos Aires Shelf",47,"Warm Temperate Southwestern Atlantic",9,"Temperate South America",184,183,"Temperate",6.11403471469997e-05,2.52753469844251,0.181690227316401,0.038036941089558,0.0290285247823307,0.00287790640053971,0.000494490628721232,0.645963565854623,0,0.000105501902786286,0.000727555353090418,0.00531425669116759,0.000868797951785436,0.00403441546082162,1.06511629880574,0.553215079553048
20186,"Malvinas/Falklands",48,"Magellanic",9,"Temperate South America",178,186,"Temperate",9.25011102065405e-05,2.90873370743208,0.0923337087227816,0.00304692795155754,0.0034368395506417,0,2.41772537040003e-05,0.860893589237773,0,2.63786357440503e-07,1.10467220802837e-05,0,0,0.00174559830451329,1.33074588225527,0.616403170793729
20187,"Channels and Fjords of Southern Chile",48,"Magellanic",9,"Temperate South America",176,187,"Temperate",0.000331844957671132,2.70095400855148,0.0723193013636602,0.00788311032205925,0.00568967043357428,0.00139286959371783,0.000117710213303852,0.776994914350174,6.00516462038747e-06,0,1.96089603045699e-06,0.00313109983183545,0.000311266631439095,0.00682248570068566,1.14572316274583,0.680228606351733
20188,"Chiloense",48,"Magellanic",9,"Temperate South America",177,188,"Temperate",0.00156313165825846,3.03222750107053,0.113095064913431,0.0386286836237,0.0951291634918766,0.00390669699109502,0.000360730016968011,0.858133026611392,0,0,3.20128756549093e-05,0.00311001244938774,0.000444848762958374,0.0242147787125415,1.25190228504166,0.641707069239508
20189,"Tristan Gough",49,"Tristan Gough",9,"Temperate South America",185,189,"Temperate",2.63963945891009e-08,3.5937420303916,0.000100370300897815,0.000666306347170676,0.000905592991984711,2.10528370233193e-06,0,0.973910773978385,0,1.709691976955e-05,0.000386084638603884,0,0,2.85274651442492e-05,1.86394612929358,0.753779034196271
20191,"Namaqua",50,"Benguela",10,"Temperate Southern Africa",187,191,"Temperate",0.000127431764056418,3.23895508717465,0.0189273190060106,0.00837939086935673,0.11027812538645,0.0037481764669444,0.000413412725847622,1.05852203118006,0,0,0.000286392122985468,0.00249858321990857,0.000915382628414441,0.0031624432347694,1.3519601802442,0.67973621324822
20192,"Agulhas Bank",51,"Agulhas",10,"Temperate Southern Africa",189,192,"Temperate",0.000137371505592829,3.41610240915679,0.0215496952995415,0.00465875812976396,0.0740983455947801,0.00341268641021847,0.000629951730259529,1.08607044587965,5.99817669213177e-05,0,0.000587864680723812,0.00319691633199855,0.000384849813139338,0.00363775918434072,1.49594942507572,0.721728358220747
20193,"Natal",51,"Agulhas",10,"Temperate Southern Africa",190,193,"Temperate",0.000338598096738779,3.69041507907407,0.0142241992077308,0.00194737830634572,0.0165966729769091,0.0106043282541409,0.000618089723229618,1.15800531546121,0,0.000925710255640494,0.00219295304617712,0.00614549904958991,0.000983000010060892,0.00525334687197988,1.73456322836616,0.73801676269162
20194,"Amsterdam-St Paul",52,"Amsterdam-St Paul",10,"Temperate Southern Africa",191,194,"Temperate",0,2.67143817299585,0.00019253242794705,0.000130808023052621,9.7672722610204e-05,0,0,1.13921313812931,0,0,0.000207226439281435,0,0,0,0.86913712394059,0.662459668585222
20197,"Three Kings-North Cape",53,"Northern New Zealand",11,"Temperate Australasia",204,197,"Temperate",7.94251485305556e-06,3.27239514843132,0.0230988463481834,0.0290711097761222,0.00324936518864273,5.92408027724925e-06,0,1.20375588346482,0,0.000289621974693921,0.000661869268035526,3.133032003675e-05,5.74998293744788e-07,0.000297117544940526,1.35035594460726,0.661569615994209
20200,"South New Zealand",54,"Southern New Zealand",11,"Temperate Australasia",208,200,"Temperate",0.000243775630200403,1.93427528928786,0.0896454359831239,0.00784475178041402,0.0030207195880871,0.00874185908716744,0.00018826226733724,0.934148059544136,0,0.000205182816521152,0.000209496666838472,0.00264587846772534,0.000131181926481638,0.00429922225030819,0.264594163673009,0.618357301440015
20201,"Snares Island",54,"Southern New Zealand",11,"Temperate Australasia",207,201,"Temperate",0,1.97174690335697,0.133549231767056,0.00559383830807797,0.00373917804159129,0,0,0.897119434819226,0,0.000134433818544964,0.000181958593863266,0,0,0,0.273471485872137,0.657957343302866
20202,"Tweed-Moreton",55,"East Central Australian Shelf",11,"Temperate Australasia",201,202,"Temperate",0.00212519222046144,3.50645451641792,0.0218653897389699,0.00833157041700578,0.0130327871753232,0.00686238727960005,0.00158165209616052,1.09625598974376,0,0.000471466518280394,0.0135620527282085,0.00783830552346972,0.000699280837177645,0.010832507456315,1.62546006337125,0.697535879147207
20203,"Manning-Hawkesbury",55,"East Central Australian Shelf",11,"Temperate Australasia",200,203,"Temperate",0.00317565389792805,3.6512139367597,0.0266269255465134,0.0113294129819656,0.00697501550374581,0.00918655641235563,0.0019643623708613,1.13246229513266,0,0.000302674263410559,0.00178352212280567,0.00545473450562846,0.000650734306863162,0.00995143723412453,1.68970596709857,0.751644642783025
20204,"Cape Howe",56,"Southeast Australian Shelf",11,"Temperate Australasia",198,204,"Temperate",0.00083470413784231,3.21097085556166,0.0197426801154456,0.013681540225567,0.00519971449355825,0.00257923895391037,0.00045319656796183,0.989543395520795,0.00030198077553367,0.000267392477947161,0.000745565279637829,0.00438951942902421,0.000355957820815634,0.00831284942514815,1.54990451294211,0.614658603220178
20205,"Bassian",56,"Southeast Australian Shelf",11,"Temperate Australasia",197,205,"Temperate",0.00101882280518586,3.00684221913073,0.0150720759403616,0.008165518083225,0.00253010701139199,0.00263654781832265,0.000936479119009089,0.961610567789536,2.37443211498583e-05,0.000112962442777786,0.000353909894741655,0.00420211161917419,0.000434977626980412,0.00961985909255593,1.28593833272938,0.714186203654871
20206,"Western Bassian",56,"Southeast Australian Shelf",11,"Temperate Australasia",199,206,"Temperate",7.53753659461287e-05,3.47011681305153,0.0194943552448206,0.0143849411407486,0.00292087954298632,0.00150767731220457,0.000132614747397131,0.944904564361042,0,0.000232588549122423,0.000551477409327799,0.00488785836780463,0.00122369757313649,0.00291527506755545,1.7724724829189,0.704413038327647
20207,"South Australian Gulfs",57,"Southwest Australian Shelf",11,"Temperate Australasia",196,207,"Temperate",0.000764264183205815,3.23272961993999,0.032147226198517,0.0315290702859128,0.0057660469395773,0.00261502684995002,0.000703210572092451,0.775725000468258,0,0.000563598204233895,0.000497552162647414,0.0167888943974162,0.00158316978207648,0.013108622218498,1.72327775003857,0.627660186679342
20208,"Great Australian Bight",57,"Southwest Australian Shelf",11,"Temperate Australasia",194,208,"Temperate",7.40880026370288e-06,3.26165435054686,0.0305835208379615,0.0345080321201453,0.00601453802933011,4.37312583755253e-05,2.09645874862984e-05,0.875452206549351,0,0.000855024320027786,0.000773713486895606,0.000780089529122646,4.35643949538692e-05,0.000600392292861074,1.77099078172949,0.540980381740664
20209,"Leeuwin",57,"Southwest Australian Shelf",11,"Temperate Australasia",195,209,"Temperate",0.000210566403718893,3.44925063980605,0.00943377500775168,0.00953151980131852,0.00246375445934889,0.000946537839568152,0.000297605899754263,1.0094407107411,0,0.000380289897803936,0.000774172151537901,0.00449684753073367,0.000758384037685139,0.0024496125149328,1.64824233259556,0.759824532743615
20210,"Shark Bay",58,"West Central Australian Shelf",11,"Temperate Australasia",193,210,"Temperate",2.30565835616454e-05,3.18733119895543,0.0108973647927389,0.00995188235131164,0.00316094262749054,0.000242163402706907,9.36427384785483e-05,0.986471497982123,0,0.00643608728282329,0.000814285625834109,0.000570112127649996,2.89177569758044e-05,0.00294959528756337,1.51461254060518,0.651079099964021
20211,"Houtman",58,"West Central Australian Shelf",11,"Temperate Australasia",192,211,"Temperate",0.000210518023256905,3.31047850516786,0.00918876707976254,0.015679299356643,0.00278430382060011,0.0011394896401194,0.000391287050520627,1.03166607147083,0,0.000953553721317692,0.000732771769607677,0.00573783907601166,0.000877018494906632,0.00335410399403481,1.51450988348905,0.723253588428376
20212,"Macquarie Island",59,"Subantarctic Islands",12,"Southern Ocean",224,212,"Polar",7.06152370633461e-07,1.86285038219028,2.68511816688913e-05,4.90594013574424e-07,1.93842932670641e-06,1.12938391098789e-05,0,0.810083011440591,0,0,1.94732642813406e-06,3.39770226874707e-05,2.10538130624535e-06,0.00019091166424908,0.227313666537401,0.825183484594174
20213,"Heard and Macdonald Islands",59,"Subantarctic Islands",12,"Southern Ocean",222,213,"Polar",0,2.64557045714013,0.0264337628334207,0,8.83177784485827e-06,0,0,0.710963338704792,0,0,0.0034134365141756,0,0,0,1.30495836638962,0.599792724645053
20214,"Kerguelen Islands",59,"Subantarctic Islands",12,"Southern Ocean",223,214,"Polar",0,1.88350521761825,0.0307628089109455,0.000216262554793129,5.45146161723042e-05,0,7.93621159842515e-07,0.748788528899727,0,0,0.000164035855755268,0,0,0,0.511502914198607,0.592015364569133
20215,"Crozet Islands",59,"Subantarctic Islands",12,"Southern Ocean",221,215,"Polar",0,1.89126985278415,0.00153250438204906,5.71256099329718e-05,3.45566205476996e-05,0,0,0.883142027704139,0,0,6.2798839164678e-05,0,0,0,0.422859189851114,0.583581648428983
20216,"Prince Edward Islands",59,"Subantarctic Islands",12,"Southern Ocean",226,216,"Polar",0,2.06520681426052,0.000991711394503162,5.90851971559426e-06,5.59673675701056e-06,0,0,0.879339031504602,0,0,1.72135071403291e-05,0.000394337290730939,5.60709283004008e-05,0,0.598234004190405,0.586162937735359
20217,"Bouvet Island",59,"Subantarctic Islands",12,"Southern Ocean",220,217,"Polar",0,1.8532135321016,0,0,0,0,0,0.760709865278526,0,0,0,0,0,0,0.518478446507232,0.574025230952908
20218,"Peter the First Island",59,"Subantarctic Islands",12,"Southern Ocean",225,218,"Polar",0,2.03963174434986,0,0,0,0,0,0.699395038480573,0,0,0,0,0,0,0.619699189416996,0.720537511977105
20219,"South Sandwich Islands",60,"Scotia Sea",12,"Southern Ocean",218,219,"Polar",0,2.45277894148113,7.03900030846969e-06,0,1.38382441671372e-08,0,1.23312688445738e-06,0.711644660226981,0,0,0,0,0,0,0.935723771834034,0.805402224158339
20220,"South Georgia",60,"Scotia Sea",12,"Southern Ocean",216,220,"Polar",0,3.22476665645112,0.00145686108950637,1.69254717247479e-06,0.000756942962060864,0,0,0.783810202346659,0,0,0.000324054964819496,0,0,0,1.65979579516965,0.778621109386757
20221,"South Orkney Islands",60,"Scotia Sea",12,"Southern Ocean",217,221,"Polar",0,2.18494529734718,2.89559984175896e-05,0,0.0867059310395857,0,0,0.714503367536899,0,0,0,0,0,0,0.676945518573652,0.706761531757438
20222,"South Shetland Islands",60,"Scotia Sea",12,"Southern Ocean",219,222,"Polar",0,2.23289283660242,0.00105537348209574,0.000192384631730311,0.0294422840020811,0,0,0.684964200493345,0,0,0,0,0,0,0.806113116099828,0.711125470647887
20223,"Antarctic Peninsula",60,"Scotia Sea",12,"Southern Ocean",215,223,"Polar",0,1.4996466883015,9.99666526830166e-06,0,0.113538553533804,0,0,0.588846395158909,0,0,0,0,0,0,0.429297298075744,0.367954439294412
20224,"East Antarctic Wilkes Land",61,"Continental High Antarctic",12,"Southern Ocean",211,224,"Polar",0,1.80854893282884,0.00700732142463694,0,0.000270387177984944,0,0,0.61813101838785,0,0,0.00738093381129451,0,0,0,0.632842972450082,0.542916292054005
20225,"East Antarctic Enderby Land",61,"Continental High Antarctic",12,"Southern Ocean",210,225,"Polar",0,2.42643216897238,0.000141026013276939,0,0,0,0,0.640301253672619,0,0,2.58963399072385e-05,0,0,0,1.14911665778428,0.636847334582768
20226,"East Antarctic Dronning Maud Land",61,"Continental High Antarctic",12,"Southern Ocean",212,226,"Polar",0,1.97118108030081,0.000305068203476192,0,0,0,0,0.586754880375432,0,0,4.30488619048738e-05,0,0,0,0.874407609073652,0.509670478485123
20227,"Weddell Sea",61,"Continental High Antarctic",12,"Southern Ocean",214,227,"Polar",0,0.703971017484099,0,0,0.000461827566320539,0,0,0.412845407448013,0,0,0,0,0,0,0.129929029861571,0.160734753585916
20228,"Amundsen/Bellingshausen Sea",61,"Continental High Antarctic",12,"Southern Ocean",209,228,"Polar",0,1.41285557935212,0.000131060187790721,0,2.79393327514585e-06,0,0,0.547187293577918,0,0,0.000135817565652926,0,0,0,0.558013246488901,0.307385359420481
20229,"Ross Sea",61,"Continental High Antarctic",12,"Southern Ocean",213,229,"Polar",0,0.451252444101209,0.00251691870345294,0,7.76239006228342e-05,0,0,0.248820548973661,0,0,0.00310119548992619,0,0,0,0.123978605884839,0.0727575496383049
20231,"Campbell Island",62,"Subantarctic New Zealand",12,"Southern Ocean",229,231,"Polar",3.20271424437649e-07,1.86736611660199,0.16313719405885,0.000486554361223025,0.00380471050690359,4.41524627158039e-05,0,0.851186603022878,0,0,8.47216819212167e-05,1.90677740728013e-05,3.47959398769989e-07,0,0.337865804898583,0.510736636729347
20232,"Auckland Island",62,"Subantarctic New Zealand",12,"Southern Ocean",227,232,"Polar",5.58928620360214e-06,2.0809070848878,0.0778306900748389,0.00101015876806779,0.00211913600736989,0.000144406101723052,0,0.892436372707647,0,0,8.48639688334862e-05,0.000105119942884775,1.97419804222068e-06,0,0.41534611902061,0.691822660803758
25007,"Baffin Bay - Davis Strait",1,"Arctic",1,"Arctic",1,7,"Polar",4.69059653978331e-06,2.00546950203439,0.0707399570359102,0.00399781723858556,0.00202398119836957,4.64478989847057e-08,6.291445432829e-05,0.625994502832794,0,0,6.41243035704683e-05,1.22517340041486e-05,4.19340556574696e-07,0.000706983440467585,0.851421621773794,0.450440195617039
25009,"Lancaster Sound",1,"Arctic",1,"Arctic",4,9,"Polar",0.000100855222755029,1.17999013816273,0.00185139348838058,6.67355296492812e-05,2.09109031853372e-05,0,8.91536876887491e-05,0.308235491740924,0,0,0,5.08586325708322e-05,1.97918750734058e-06,0.000705205708809288,0.629352255358138,0.239515301200478
25010,"High Arctic Archipelago",1,"Arctic",1,"Arctic",2,10,"Polar",8.75462238503034e-05,0.540555206425131,6.2699736770376e-05,4.9230226296578e-06,2.89550500380003e-07,2.27738310341365e-08,0,0.432343875417687,0,0,0,5.22914884558578e-05,4.06125672000416e-06,0,0.0673102090491308,0.0406892876058791
25014,"Eastern Bering Sea",1,"Arctic",1,"Arctic",17,14,"Polar",5.35868252282369e-05,2.34562466902211,0.427299328860263,0.0697556173155768,0.0450400489744163,0.00180609825693914,0.000214229618119943,0.442450245730688,0,0,0.00187422348282999,0.00148741549855052,0.000196274051113598,0.00260525818457389,0.728503287218086,0.624339058925654
25031,"Aegean Sea",4,"Mediterranean Sea",2,"Temperate Northern Atlantic",0,31,"Temperate",0.0030138240407586,3.82404477232097,0.168682412694247,0.101800080638386,0.117500898288158,0.0405615109657998,0.00974661855564283,1.00905028295821,0,0,0.0242467804006187,0.0291604619553925,0.0053631470661496,0.0517357129003098,1.77526052024822,0.487922517000685
25032,"Levantine Sea",4,"Mediterranean Sea",2,"Temperate Northern Atlantic",0,32,"Temperate",0.000578630228539487,3.8539135148203,0.0450880251789452,0.0584460259693249,0.0291329236035285,0.0195516712023122,0.00345611201582752,1.11979439535767,9.17013909266976e-07,0.00980163716102899,0.00852035066365647,0.0204333444538742,0.00489931183732414,0.0136089970813389,1.92803282291484,0.592568355121024
25033,"Tunisian Plateau/Gulf of Sidra",4,"Mediterranean Sea",2,"Temperate Northern Atlantic",0,33,"Temperate",0.00121262978771535,3.53658595827717,0.0464273981799312,0.0645772850148688,0.025341103042643,0.0118590869256832,0.00230444286381066,1.04837554013036,0.00171612802358058,0,0.00568898623868924,0.0070839604754516,0.000996284529615788,0.0107675031261368,1.77475427565885,0.535481337670051
25034,"Ionian Sea",4,"Mediterranean Sea",2,"Temperate Northern Atlantic",0,34,"Temperate",0.00168610086260218,3.55681902182197,0.0578564335088141,0.0467653262122208,0.0414361948477097,0.0238955248427896,0.00421518583562786,1.11363388569452,0,0,0.0154697000282979,0.0140273522001107,0.00417928112928124,0.0175035146559374,1.63003824789672,0.586112278030185
25035,"Western Mediterranean",4,"Mediterranean Sea",2,"Temperate Northern Atlantic",0,35,"Temperate",0.00151165139183084,3.35481256288574,0.0543887250840178,0.053987477143446,0.0550534207902796,0.0337187773256202,0.00489154204363279,1.09039269814451,0,0,0.00933924009866411,0.0172326336565995,0.00493693022652483,0.0182000520535533,1.45571873046473,0.555440677899477
25036,"Alboran Sea",4,"Mediterranean Sea",2,"Temperate Northern Atlantic",0,36,"Temperate",0.00206044351359933,3.43726411998426,0.108333305021587,0.153707092960129,0.12024796090149,0.0539261806923872,0.00706846810988072,1.01317553848291,0,0,0.0193918264669266,0.0240938998904987,0.00339288959484027,0.0273695021936977,1.46873904760235,0.435757959011817
25040,"Gulf of Maine/Bay of Fundy",5,"Cold Temperate Northwest Atlantic",2,"Temperate Northern Atlantic",22,40,"Temperate",0.00534363918070827,3.25703320865111,0.209378608001958,0.0888616205762319,0.0572086594778149,0.0171427332499433,0.00494128183094215,0.736884285222332,0,0,0.0281349005397014,0.00712209059117656,0.00117952214681283,0.0261906622369038,1.46796015102645,0.606685064967497
25042,"Carolinian",6,"Warm Temperate Northwest Atlantic",2,"Temperate Northern Atlantic",21,42,"Temperate",0.000399738323618372,2.80560744563219,0.0644139276000709,0.0162677543933899,0.0214610936018906,0.0149490686978875,0.00163359350984119,0.993775780313596,0,0.00252364287211655,0.00154681107356858,0.0137169199631843,0.00167928690574181,0.00683350979700852,1.16522031577832,0.501186001973345
25046,"Kamchatka Shelf and Coast",8,"Cold Temperate Northwest Pacific",3,"Temperate Northern Pacific",44,46,"Temperate",8.68751745765539e-05,3.17104602331161,0.0691130650716865,0.0161777982712855,0.0595158978098352,0.000563382531063441,7.30254962176121e-05,0.67147455997987,0,0,3.64384380164059e-06,0.000234466373213125,1.08281686742358e-05,0.0022965704159088,1.65386021542298,0.697635697986245
25055,"North American Pacific Fijordland",10,"Cold Temperate Northeast Pacific",3,"Temperate Northern Pacific",52,55,"Temperate",0.000992343706508839,2.12202934527356,0.0529913017580691,0.00962250171423921,0.0190540592053392,0.00101261837920784,0.00062532878836188,0.788790685265307,0,0,0.00141311829031161,0.00202070715214719,0.00011637993244432,0.00925466061766615,0.627911084313475,0.608224553833215
25056,"Puget Trough/Georgia Basin",10,"Cold Temperate Northeast Pacific",3,"Temperate Northern Pacific",55,56,"Temperate",0.0504294490992032,2.37766259288091,0.0834306025184052,0.0177812301521255,0.103871822920459,0.163821789355103,0.0818306090670749,0.470880103153618,0,0,0.00118069319020119,0.0531378776709519,0.00836880805798563,0.343193027671873,0.672215509307817,0.327521080550243
25057,"Oregon, Washington, Vancouver Coast and Shelf",10,"Cold Temperate Northeast Pacific",3,"Temperate Northern Pacific",54,57,"Temperate",0.000488730383472157,2.50896331355047,0.0359431072673569,0.00645165068458479,0.056751806249588,0.00521713504694112,0.00120226548553076,0.92877645281326,0,0,0.001421459166076,0.00474554770478399,0.00152217502154661,0.00909671517596014,0.746255948091906,0.711090326729392
25058,"Northern California",10,"Cold Temperate Northeast Pacific",3,"Temperate Northern Pacific",53,58,"Temperate",0.000530356690158261,2.36219175736241,0.0805210123961709,0.0574932943436784,0.0262028009006565,0.00436392186305886,0.00124290724167204,0.924623591982681,0,0,0.000501030775057687,0.00327674890779088,0.00107601084422384,0.00571223726327714,0.559265082665616,0.697382771703137
25059,"Southern California Bight",11,"Warm Temperate Northeast Pacific",3,"Temperate Northern Pacific",58,59,"Temperate",0.000662869594337021,2.37148686405367,0.0283809122581611,0.0119700636784583,0.0728117984403163,0.00699066422969356,0.000800734696040301,0.961143007286697,0,0.00081411804728727,0.00399590213984256,0.0011411518147267,0.000174858965353219,0.00442462110432011,0.649778941427776,0.628397218965899
25080,"Sahelian Upwelling",16,"West African Transition",4,"Tropical Atlantic",76,80,"Tropical",0.000313294440842082,3.83995746026997,0.0619155046038037,0.0795894930843523,0.0630188466061994,0.00813652039389186,0.000424705134731154,1.04358729924778,0.000168164127219595,0.0152887011517218,0.00429533154343571,0.00268522188634939,0.00044148310258925,0.0067713940719233,1.93151091693772,0.621810571748603
25081,"Gulf of Guinea West",17,"Gulf of Guinea",4,"Tropical Atlantic",81,81,"Tropical",0.000257070602565308,3.5464704770761,0.0429333156742396,0.0586499905067278,0.027812643746652,0.00604108469706811,0.000146368674842439,1.00776144515718,0,0.0230591825605533,0.00528873391584061,0.00227944169618766,0.000247311118267798,0.00883786500068283,1.74280515037179,0.620350861095418
25085,"Gulf of Guinea South",17,"Gulf of Guinea",4,"Tropical Atlantic",186,85,"Tropical",0.00044950564602868,3.14859447013524,0.0474157186761072,0.054313101014849,0.0192845113525446,0.0116418530855475,0.000908501573365295,0.979885029724562,0.0189911877114969,0.0611238995631172,0.00241205456837111,0.00250878611639403,0.000572090529386767,0.00507803886440705,1.4321097485788,0.511900445718013
25086,"Angolan",17,"Gulf of Guinea",4,"Tropical Atlantic",186,86,"Temperate",0.00047246744404884,3.49019242208316,0.105097418365478,0.0644463593754865,0.0228069343241958,0.00982201819995063,0.000480296050931786,1.06831625616309,0.00374264073829247,4.04804413482965e-05,0.00156976381115606,0.000893559018064301,7.97724166010578e-05,0.00529760964449954,1.64008586279718,0.567040982865489
25147,"Fiji Islands",35,"Tropical Southwestern Pacific",6,"Central Indo-Pacific",144,147,"Tropical",0.00257893769856198,3.64911868456244,0.00531072575573791,0.0043069016308602,0.00333689743474652,0.00119784012869155,0.000194229636180941,1.21693027812005,0,0,0.000997276392112558,0.000395639400424022,4.44543881132118e-05,0.00747633555823586,1.85983746678282,0.546511701201204
25152,"Hawaii",37,"Hawaii",7,"Eastern Indo-Pacific",158,152,"Tropical",0.000153118862469908,3.20446093876269,0.00135686821722696,0.00123130956514701,0.00405705267272549,0.000482985293443817,0.0001301543782335,1.17755360615135,0,0.00169105280079747,0.00243687781346559,0.000548991038227576,6.96212018699655e-05,0.000597429766093197,1.3014792546187,0.712672615706449
25154,"Gilbert/Ellis Islands",38,"Marshall, Gilbert and Ellis Islands",7,"Eastern Indo-Pacific",148,154,"Tropical",0.000312551362565576,3.38184451034006,0.00672035284447017,0.00679622516158866,0.012420759880443,0,1.70055065918929e-05,1.11705336010198,0,4.75343540001492e-05,0.0131296801843863,0,0,0.00084619112298459,1.55171555269624,0.672785301159785
25184,"North Patagonian Gulfs",48,"Magellanic",9,"Temperate South America",179,184,"Temperate",8.86349946763203e-05,2.65668060184001,0.242573153027947,0.0443263399882009,0.0241886289579226,0.00104615178444675,0.00043272237114458,0.760328209197222,0,4.2315358553615e-06,0.000107855875907869,0.0009733388907477,0.000125132052641052,0.00576553288006638,0.860984594537168,0.715736081927566
25185,"Patagonian Shelf",48,"Magellanic",9,"Temperate South America",180,185,"Temperate",2.71465514394807e-05,2.91363898927823,0.287624205367986,0.0633745489019923,0.0237342713527918,0.000464397803254085,0.000227614873839878,0.816973319402305,1.03165383169107e-05,3.758300529081e-05,0.000139250910916263,0.000617523439023113,6.21587347402739e-05,0.00259780134141838,0.918502609291951,0.799246257068704
25190,"Namib",50,"Benguela",10,"Temperate Southern Africa",188,190,"Temperate",0.000126672571981678,3.30892993718887,0.0269494129205625,0.0166936290199596,0.0684678530728288,0.00264105665617862,8.3856878310933e-05,1.00023023535609,0,0,0.000238349365341758,0.000265007530193117,4.41582230244369e-05,0.00091440887059411,1.6002000868418,0.59207520956924
25195,"Kermadec Island",53,"Northern New Zealand",11,"Temperate Australasia",202,195,"Temperate",3.46022866760923e-07,3.44058490893813,0.0126478703083724,0.00470782267522262,0.00247659743602712,0,0,1.1804922767742,0,0,0.000397524552171642,0,0,0,1.48837157033066,0.751490899874601
25196,"Northeastern New Zealand",53,"Northern New Zealand",11,"Temperate Australasia",203,196,"Temperate",0.000403786643339035,2.61347463797674,0.0200303168205434,0.0122126012798975,0.00513777837461302,0.00285797756095464,0.000731966354620262,1.10165151008769,0,0.000183082665878556,0.00048995040923592,0.00540086071279716,0.000403607641749559,0.00911934199872721,0.792750406940567,0.662101451089344
25198,"Chatham Island",54,"Southern New Zealand",11,"Temperate Australasia",206,198,"Temperate",4.62656303077616e-06,2.43469661160196,0.0128762494765641,0.00236956644532443,0.00209813125770157,0.000272215998956709,0,1.03536867620745,0,7.12035285605881e-06,0.000240200769681567,0.000123810207332383,1.65115890570392e-06,0.000217914351387582,0.70088106254866,0.68023538750939
25199,"Central New Zealand",54,"Southern New Zealand",11,"Temperate Australasia",205,199,"Temperate",0.000503857857820617,2.47828967875039,0.0909896945426715,0.0174973270891917,0.00732270215938696,0.0119004173177516,0.000562511234113824,1.00084021556569,0,0.000379573882322633,0.000267576909951912,0.00930523162311468,0.000716732429858971,0.00838066990756493,0.800610156962652,0.529013012828897
25230,"Bounty and Antipodes Islands",62,"Subantarctic New Zealand",12,"Southern Ocean",228,230,"Polar",1.09550973170512e-06,1.81527336201884,0.00694409273750004,0.0011612223647777,0.00103780931394274,1.06989662038011e-06,0,0.923996770358736,0,0,0.00016247961588957,1.42791535957521e-07,2.0806398331313e-09,0,0.240161758536497,0.641806925039489
